J4G - A Girl's World,Snapdragon Games,dtp Young Entertainment AG,"September 8, 2009 (EU)",,,,
Jackass: The Game,Sensory Sweep Studios,"MTV Games, Red Mile Entertainment","January 8, 2008 (NA)",,,,
Jacqueline Wilson's Tracy Beaker: The Game,Snapdragon Games,dtp Young Entertainment AG,"October 16, 2010 (EU)",,,,
Jagged Alliance DS,"Strategy First, Cypron Studios",Atari,"October 28, 2008 (NA)",,,,
Jaka Jaka Music!,Plato,Plato,"September 23, 2010 (JP)",,,,
Jake Hunter Detective Story: Memories of the PastTantei Jinguuji Saburou DS: Inishie no KiokuJP,WorkJam,Aksys Games,"July 19, 2007 (JP)",,,,
Jake Hunter: Detective Chronicles,WorkJam,"Arc System Works, Aksys Games","July 19, 2007 (JP)",,,,
Jake Power: FirefighterTim Power: FirefighterEUSam Power: FirefighterAUS,Ubisoft,Ubisoft,"November 21, 2008 (EU)",,,,
Jake Power: HandymanTim Power: HandymanEUSam Power: HandymanAUS,Ubisoft,Ubisoft,"November 21, 2008 (EU)",,,,
Jake Power: PolicemanTim Power: PolicemanEUSam Power: PolicemanAUS,Ubisoft,Ubisoft,"November 21, 2008 (EU)",,,,
Jake Power: Soccer StarTim Power: FootballerEUSam Power: Soccer StarAUS,Ubisoft,Ubisoft,"November 21, 2008 (EU)",,,,
Jam Sessions,Plato,"Plato, Ubisoft","February 1, 2007 (JP)",,,,
Jam Sessions 2,Plato,"Plato, Ubisoft","October 20, 2009 (NA)",,,,
Jam with the Band,Nintendo,Nintendo,"June 26, 2008 (JP)",,,,
Jambo! Safari: Animal Rescue,Sega,Sega,"November 17, 2009 (NA)",,,,
James Cameron's Avatar: The Game,Ubisoft,Ubisoft,"December 1, 2009 (NA)",,,,
James Bond 007: Blood Stone,n-Space,Activision,"November 2, 2010 (NA)",,,,
James Patterson Women's Murder Club: Games of Passion,THQ,THQ,"September 22, 2009 (NA)",,,,
James Pond: RoboCod,Creature Labs,"Play It!, Codemasters","December 8, 2005 (PAL)",,,,
Jan Sangoku Musou,Koei,Koei,"September 28, 2006 (JP)",,,,
Jane's Hotel,Zoo Games,Zoo Games,"May 4, 2010 (NA)",,,,
Jelly Belly: Ballistic Beans!,Blue Monkey Studios,Zoo Digital Publishing,"March 27, 2009 (EU)",,,,
Jenga World Tour,Atomic Planet Entertainment,Atari,"November 13, 2007 (NA)",,,,
Jeopardy!,THQ,THQ,"November 2, 2010 (NA)",,,,
Jet Impulse,Nintendo,Nintendo,"February 8, 2007 (JP)",,,,
Jetix Puzzle Buzzle,Blast! Entertainment,Blast! Entertainment,"April 4, 2008 (PAL)",,,,
Jewel Adventures,Mastertronic,Mastertronic,"October 19, 2012 (EU)",,,,
Jewel Legends: Tree of Life,Rising Star Games,Rising Star Games,"June 17, 2011 (EU)",,,,
Jewel Link Chronicles: Mountains of Madness,Avanquest Software,Avanquest Software,"November 25, 2011 (EU)",,,,
Jewel Link: Arctic Quest,Avanquest Software,Avanquest Software,"September 13, 2013 (EU)",,,,
Jewel Link: Atlantic Quest,Avanquest Software,Avanquest Software,"February 17, 2012 (EU)",,,,
Jewel Link: Galactic Quest,Avanquest Software,Avanquest Software,"September 7, 2012 (EU)",,,,
Jewel Link: Legends of Atlantis,Avanquest Software,Avanquest Software,"July 6, 2012 (EU)",,,,
Jewel Link: Safari Quest,Avanquest Software,Avanquest Software,"March 1, 2013 (EU)",,,,
Jewel Master: Cradle of Athena,Cerasus Media,Storm City Games,"October 5, 2010 (NA)",,,,
Jewel Master: Cradle of Egypt 2,Cerasus Media,Rising Star Games,"November 6, 2012 (NA)",,,,
Jewel Master: Cradle of Persia,Cerasus Media,Rising Star Games,"July 24, 2012 (NA)",,,,
Jewel Master: Cradle of Rome 2,Cerasus Media,Rising Star Games,"June 26, 2012 (NA)",,,,
Jewel Master: Egypt,Cerasus Media,Storm City Games,"November 23, 2009 (NA)",,,,
Jewel Match,Joindots,Atari SA,"July 5, 2011 (NA)",,,,
Jewel Match 2,Joindots,Easy Interactive,"March 2, 2012 (NA)",,,,
Jewel Match 3,Suricate Software,Purple Hills,"November 30, 2012 (EU)",,,,
Jewel Pet: Kawaii Mahou no Fantasy,MTO,MTO,"April 30, 2009 (JP)",,,,
Jewel Pet: Mahou no DS Kirapi Kariin,MTO,MTO,"December 17, 2009 (JP)",,,,
Jewel Pet: Mahou no Oheyya de Issho ni Asobou!,MTO,MTO,"August 5, 2010 (JP)",,,,
Jewel Quest IV: Heritage,Engine Software,iWin,"August 26, 2011 (EU)",,,,
Jewel Quest Mysteries 2: Trail of the Midnight Heart,Licensed 4U,Licensed 4U,"November 25, 2011 (EU)",,,,
Jewel Quest Mysteries 3: The Seventh Gate,Licensed 4U,Licensed 4U,"June 29, 2012 (EU)",,,,
Jewel Quest Mysteries: Curse of the Emerald Tear,Avanquest Software,Avanquest Software,"April 23, 2010 (EU)",,,,
Jewel Quest Solitaire,Avanquest,Global Software Publishing,"April 9, 2009 (EU)",,,,
Jewel Quest V: The Sleepless Star,Licensed 4U,Licensed 4U,"April 6, 2012 (EU)",,,,
Jewel Quest: Expeditions,iWin,Activision Value,"September 18, 2007 (NA)",,,,
Jewel Quest: Solitaire Trio,iWin,Avanquest Software,"March 25, 2011 (EU)",,,,
Jewel Time Deluxe,Oxygen Interactive,O-Games,"June 17, 2011 (EU)",,,,
Jewels of the Ages,City Interactive,City Interactive,"June 28, 2011 (EU)",,,,
Jewels of the Tropical Lost Island,City Interactive,City Interactive,"October 12, 2010 (EU)",,,,
The Jidousha Kyoushuusho DS,D3 Publisher,D3 Publisher,"May 31, 2007 (JP)",,,,
Jig-a-Pix Love Is...,Frame Studios Interactive,Zushi Games Ltd,"February 5, 2010 (EU)",,,,
Jig-a-Pix Pets,Frame Studios Interactive,Destineer,"March 2, 2010 (EU)",,,,
Jig-a-Pix Wild World,Frame Studios Interactive,Destineer,"March 4, 2010 (EU)",,,,
Jig-a-Pix Wonderful World,Frame Studios Interactive,Destineer,"March 30, 2010 (EU)",,,,
Jigoku Shōjo Akekazura,Compile Heart,Compile Heart,"September 27, 2007 (JP)",,,,
Jigsaw Puzzle DS: DS de Meguru Sekai Isan no Tabi,Hudson Soft,Hudson Soft,"March 6, 2008 (JP)",,,,
Jigsaw World: Daigekitou! Jig-Battle Heroes,Nippon Ichi Software,Nippon Ichi Software,"June 26, 2008 (JP)",,,,
Jinsei Game,Takara Tomy,Takara Tomy,"December 3, 2009 (JP)",,,,
Jinsei Game DS,Atlus,Atlus,"July 27, 2006 (JP)",,,,
Jinsei Game Q DS: Heisei no Dekigoto,Takara Tomy,Takara Tomy,"December 27, 2007 (JP)",,,,
Jinsei Game Q DS: Shouwa no Dekigoto,Takara Tomy,Takara Tomy,"December 27, 2007 (JP)",,,,
Jishin DS: 72 Jikan,Jupiter Corporation,Iota,"June 25, 2009 (JP)",,,,
Jissen Pachi-Slot Hisshouhou! DS: Aladdin II Evolution,Sammy Studios,Sega,"March 30, 2006 (JP)",,,,
Jissen Pachi-Slot Hisshōhō! DS: Hokuto no Ken,Sammy Studios,Sega,"June 4, 2005 (JP)",,,,
Jissen Pachi-Slot Hisshouhou! DS: Pachi-Slot Hokuto no Ken SE,Sammy Studios,Sega,"March 10, 2006 (JP)",,,,
Joan Jade and the Gates of Xibalba,Alawar Entertainment,Easy Interactive,"November 24, 2011 (EU)",,,,
John Deere: Harvest in the Heartland,Black Lantern Studios,"Destineer, Ubisoft","November 20, 2007 (NA)",,,,
Johnny Bravo In The Hukka Mega Mighty Ultra Extreme Date-O-Rama!,EM Studios,MumboJumbo,"February 6, 2011 (EU)",,,,
Johnny no Dasshutsu Daisakusen,Success,Success,"August 28, 2008 (JP)",,,,
Johnny Test,Sarbakan Inc.,505 Games,"March 29, 2011 (NA)",,,,
Jojo's Fashion Show,GameLab,Ubisoft,"January 27, 2009 (NA)",,,,
Jonas,Altron,Disney Interactive Studios,"November 10, 2009 (NA)",,,,
Josei no Hinkakujuku DS,PHP Interface,PHP Interface,"October 23, 2008 (JP)",,,,
Joshikousei Nigeru! Shinrei Puzzle Gakuen,Skonec,Success,"January 24, 2008 (JP)",,,,
Journey to the Center of the Earth,Human Soft,THQ,"June 27, 2008 (PAL)",,,,
Juggler DS,Commonseed,Commonseed,"November 13, 2008 (JP)",,,,
Juiced 2: Hot Import Nights,Juice Games,THQ,"September 17, 2007 (NA)",,,,
Jumble Madness,Anino Entertainment,Destineer,"January 20, 2010 (NA)",,,,
Jump Super Stars,Ganbarion,"Nintendo, Tommo","August 8, 2005 (JP)",,,,
Jump Ultimate Stars,Ganbarion,"Nintendo, Tommo","November 23, 2006 (JP)",,,,
JumpStart: Deep Sea Escape,Knowledge Adventure Inc.,Knowledge Adventure Inc.,"March 15, 2011 (NA)",,,,
JumpStart: Legend of Lost Island,Knowledge Adventure Inc.,Knowledge Adventure Inc.,"March 25, 2011 (NA)",,,,
Jungle School,SouthPeak Games,SouthPeak Games,"November 29, 2011 (NA)",,,,
Junior Brain Trainer,Avanquest Software,Avanquest Software,"December 5, 2008 (EU)",,,,
Junior Brain Trainer 2,Avanquest Software,Avanquest Software,"February 8, 2011 (EU)",,,,
Junior Brain Trainer: Math Edition,Avanquest Software,Avanquest Software,"March 16, 2011 (EU)",,,,
Junior Classic Games,Avanquest Software,Avanquest Software,"August 7, 2009 (EU)",,,,
Junior Island Adventure,CyberPlanet Interactive,Maximum Family Games,"September 6, 2011 (NA)",,,,
Junior Mystery QuestJunior Mystery StoriesEU,Maximum Family Games,Maximum Family Games,"April 22, 2011 (EU)",,,,
Just Sing!,Engine Software,Conspiracy Entertainment,"July 2, 2010 (NA)",,,,
Just Sing! 2,Engine Software,PQube,"September 23, 2011 (NA)",,,,
Justice League Heroes,Sensory Sweep Studios,"Eidos Interactive, Warner Bros. Interactive Entertainment","October 17, 2006 (NA)",,,,
Juushin Embu DS,ThinkArts,D3Publisher,"November 22, 2007 (JP)",,,,
Juushinden: Ultimate Beast Battlers,Konami,Konami,"December 6, 2007 (JP)",,,,
K-1 World GP,D3 Publisher,D3 Publisher,"December 6, 2007 (JP)",,,,
K3 en de vrolijke noten,Studio 100 NV,Studio 100 NV,"April 8, 2011 (EU)",,,,
K11: Kommissare im Einsatz,Sproing,SevenOne Intermedia,"March 9, 2009 (EU)",,,,
Kabu Trader Shun,Capcom,Capcom,"June 7, 2007 (JP)",,,,
Kabushiki Baibai Trainer: Kabutore!,Konami,Konami,"December 14, 2006 (JP)",,,,
Kabushiki Baibai Trainer: Kabutore! Next,Konami,Konami,"November 29, 2007 (JP)",,,,
Kachō Shima Kōsaku DS: Dekiru Otoko no Love & Success,Konami,Konami,"March 19, 2008 (JP)",,,,
Kageyama Hideo no Hanpuku Ondoku DS Eigo,IE Institute,IE Institute,"November 27, 2008 (JP)",,,,
Kageyama Hideo no IQ Teacher DS,IE Institute,IE Institute,"November 27, 2008 (JP)",,,,
Kaiichi Otto Sensei Tokyo Daigaku Kanshuu: Sukusuku Kosodate DS: Akachan to Asobou!,Marvelous Entertainment,Marvelous Entertainment,"April 24, 2008 (JP)",,,,
Kaijuu Busters,Bandai Namco Games,Bandai Namco Games,"December 3, 2008 (JP)",,,,
Kaijuu Busters Powered,Bandai Namco Games,Bandai Namco Games,"January 20, 2011 (JP)",,,,
Kaite Oboeru: Dora-Gana,Sega,Sega,"November 27, 2008 (JP)",,,,
Kaite Shabette Hajimeyou! Monster Farm DSMonster FarmKR,Tecmo,Tecmo,"July 12, 2007 (JP)",,,,
Kaitou Rousseau,Namco,Bandai Namco Games,"June 15, 2006 (JP)",,,,
Kaizoku Sentai Gokaiger: Atsumete Henshin! 35 Sentai,Bandai Namco Games,Bandai Namco Games,"November 17, 2011 (JP)",,,,
Kakuromaniacs,FrontLine Studios,White Park Bay,"June 8, 2007 (EU)",,,,
Kambayashi Shiki Nouryoku Kaihatsu Hou: Unou Kids DS,IE Institute,IE Institute,"March 30, 2006 (JP)",,,,
Kamen Rider Battle Ganbaride: Card Battle Taisen,Natsume,Bandai,"July 29, 2010 (JP)",,,,
Kamen Rider: Dragon Knight,Natsume,D3 Publisher,"November 17, 2009 (NA)",,,,
Kamo no Hashikamo. Aimai Seikatsu no Susume,ASCII Media Works,ASCII Media Works,"December 3, 2009 (JP)",,,,
Kangaeru Chikara o Gungun Nobasu! DS Youji no Nou Tore,ShoPro,ShoPro,"July 24, 2008 (JP)",,,,
Kanji no Wataridori,Success,Success,"June 1, 2006 (JP)",,,,
Kanshū Nippon Jōshikiryoku Kentei Kyōkai: Imasara Hito ni wa Kikenai Otona no Jōshikiryoku Training DS,HAL Laboratory,Nintendo,"October 26, 2006 (JP)",,,,
Karasawa Shunichi no Zettai ni Ukeru!! Zatsugakuen DS,Takara Tomy,Takara Tomy,"March 8, 2007 (JP)",,,,
Katekyo Hitman Reborn! Bongole Shiki Taisen Battle Sugoroku!!,Takara Tomy,Takara Tomy,"March 27, 2008 (JP)",,,,
Katekyo Hitman Reborn! DS – Shinuki Max! Vongola Carnival!!,Takara Tomy,Takara Tomy,"March 29, 2007 (JP)",,,,
Katekyo Hitman Reborn DS: Fate of Heat,Takara Tomy,Takara Tomy,"May 1, 2008 (JP)",,,,
Katekyo Hitman Reborn! DS Fate of Heat II - Unmei no Futari,Takara Tomy,Takara Tomy,"April 16, 2009 (JP)",,,,
Katekyo Hitman Reborn! DS Fate of Heat III - Yuki no Shugosha Raishuu!,Takara Tomy,Takara Tomy,"April 29, 2010 (JP)",,,,
Katekyo Hitman Reborn! DS Flame Rumble Hyper - Moeyo Mirai,Takara Tomy,Takara Tomy,"July 24, 2008 (JP)",,,,
Katekyo Hitman Reborn! DS Flame Rumble Kaien Ring Soudatsuen!,Takara Tomy,Takara Tomy,"September 20, 2007 (JP)",,,,
Katekyo Hitman Reborn! DS Flame Rumble Mukuro Kyoushuu,Takara Tomy,Takara Tomy,"June 28, 2007 (JP)",,,,
Katekyo Hitman Reborn! DS Flame Rumble X,Takara Tomy,Takara Tomy,"July 23, 2009 (JP)",,,,
Katekyo Hitman Reborn! DS Flame Rumble XX - Kessen! Real 6 Chouka,Takara Tomy,Takara Tomy,"July 22, 2010 (JP)",,,,
Katekyo Hitman Reborn! DS: Mafia Daishuugou Bongole Festival,Takara Tomy,Takara Tomy,"December 4, 2008 (JP)",,,,
Katekyo Hitman Reborn! Ore ga Boss! Saikyou Family Taisen,Takara Tomy,Takara Tomy,"December 17, 2009 (JP)",,,,
The Kayou Generation,Artoon,AQ Interactive,"June 18, 2009 (JP)",,,,
Kawaii Koinu DS 2,MTO,MTO,"October 9, 2008 (JP)",,,,
Kawaii Koinu DS 3,MTO,MTO,"March 18, 2010 (JP)",,,,
Kawaii Koneko DS,MTO,MTO,"January 24, 2008 (JP)",,,,
Kawaii Koneko DS 2,MTO,MTO,"July 23, 2009 (JP)",,,,
Kawaii Koneko DS 3,MTO,MTO,"December 2, 2010 (JP)",,,,
Keiba Navi: Uma no Suke,Starfish,Starfish,"December 14, 2006 (JP)",,,,
Keiba Navi: Uma no Suke 2,Starfish SD,Starfish SD,"October 25, 2007 (JP)",,,,
Keiji J.B. Harold no Jikenbo: Manhattan Requiem & Kiss of Murder,althi Inc.,fonfun,"November 27, 2008 (JP)",,,,
Keiji J.B. Harold no Jikenbo: Murder Club,althi Inc.,fonfun,"February 21, 2008 (JP)",,,,
Keikishi Gunzou Presents: Monoshiri Bakumatsu-Ou,Global A,Global A,"May 1, 2008 (JP)",,,,
Keitai Sousakan 7 DS: Buddy Sequence,5pb.,5pb.,"March 26, 2009 (JP)",,,,
Kekkaishi: Karasumori Ayakashi Kidan,Bandai Namco Games,Bandai Namco Games,"May 24, 2007 (JP)",,,,
Kekkaishi: Kokubourou Shuurai,Bandai Namco Games,Bandai Namco Games,"March 20, 2008 (JP)",,,,
Keltis,Promotion Software,United Soft Media,"July 6, 2009 (EU)",,,,
Kemeko Deluxe! DS: Yome to Meka to Otoko to Onna,"5pb., Suzak",Genterprise,"February 26, 2009 (JP)",,,,
Kenshūi Tendo Doctor,Spike,Spike,"December 2, 2004 (JP)",,,,
Kero Kero 7,Amedio,Bandai,"January 19, 2006 (JP)",,,,
Keroro Gunsou: Enshuu da Yo! Zenin Shuugou Part 2,Aspect,Bandai Namco Games,"February 22, 2007 (JP)",,,,
Keroro RPG: Kishi to Musha to Densetsu no Kaizoku,7thChord,Bandai Namco Games,"March 4, 2010 (JP)",,,,
Keshikasu-Kun: Battle Kas-tival,Inti Creates,Konami,"July 15, 2010 (JP)",,,,
Ketsui Death Label,Cave,Arika,"October 23, 2008 (JP)",,,,
Kid Paddle Blorks Invasion,Mistic Software,Atari SA,"August 31, 2007 (EU)",,,,
Kid Paddle Lost in the Game,Mistic Software,Atari SA,"October 1, 2008 (EU)",,,,
Kidou Gekidan Haro Ichiza Gundam Mahjong DS,Microvision,Bandai,"December 29, 2005 (JP)",,,,
Kidou Gekidan Haro Ichiza: Gundam Mahjong + Z: Sara ni Deki Ruyouni Nattana!,Microvision,Bandai,"September 6, 2007 (JP)",,,,
Kidou Senshi Gundam 00,Bandai Namco Games,Bandai Namco Games,"March 27, 2008 (JP)",,,,
Kids Learn 2 Think: A+ EditionTHINK Kids: Ist doch logisch!DE,Engine Software,Talking Stick Games,"May 22, 2012 (NA)",,,,
Kids Learn Math: A+ Edition,Engine Software,Talking Stick Games,"September 4, 2011 (NA)",,,,
Kids Learn Music: A+ EditionMusik fuer KidsDE,Engine Software,Talking Stick Games,"September 4, 2011 (NA)",,,,
Kids Learn Spelling and Grammar: A+ EditionGripsKids: DeutschDE,Engine Software,Talking Stick Games,"March 2, 2012 (NA)",,,,
Kids thinkSMARTTHINK Kids: Spiel dich schlau!DEL'Entraîneur Cérébral: KidsFR,Conspiracy Entertainment,Mentor Interactive,"June 22, 2010 (NA)",,,,
Kikansha Thomas DS de Hajimeru Chiiku Gakushuu,Rocket Company,Rocket Company,"July 24, 2008 (JP)",,,,
Kikansha Thomas: Kokugo Sansuu Eigo,Rocket Company,Rocket Company,"August 2, 2007 (JP)",,,,
Kikiite Hajimaru: Eigo Kaiwa Training - KikiTore,Benesse,Benesse,"December 4, 2007 (JP)",,,,
Kiku! Kaku! Kotoba o Fuyasu! Hajimete no Eigo Training,Benesse,Benesse,"June 28, 2007 (JP)",,,,
Kimi ni Todoke: Sodateru Omoi,Bandai Namco Games,Bandai Namco Games,"October 15, 2009 (JP)",,,,
Kimi ni Todoke: Tsutaeru Kimochi,Bandai Namco Games,Bandai Namco Games,"April 7, 2011 (JP)",,,,
Kimi no Yusha,SNK Playmore,SNK Playmore,"October 23, 2008 (JP)",,,,
Kimokawae!,5pb.,5pb.,"March 5, 2009 (JP)",,,,
Kindaichi Shounen no Jikenbou: Akuma no Satsujin Koukai,Tomcat System,Creative Core,"September 17, 2009 (JP)",,,,
King of Clubs,Oxygen Games,Oxygen Games,"July 25, 2008 (PAL)",,,,
Kingdom Hearts 358/2 Days,h.a.n.d.,Square Enix,"May 30, 2009 (JP)",,,,
Kingdom Hearts Re:coded,h.a.n.d.,Square Enix,"October 7, 2010 (JP)",,,,
Kira Kira Pop Princess,Dimple Entertainment,"505 Games, Dimple Entertainment","October 26, 2006 (JP)",,,,
Kirarin * Revolution: Atsumete Change! Kurikira * Code,Konami,Konami,"December 20, 2008 (JP)",,,,
Kirarin * Revolution: Kira Kira Idol Audition,Konami,Konami,"August 10, 2006 (JP)",,,,
Kirarin * Revolution: Mezase! Idol Queen,Konami,Konami,"November 4, 2010 (JP)",,,,
Kirarin * Revolution: Minna de Odorou Furi Furi Debut!,Konami,Konami,"July 24, 2008 (JP)",,,,
Kirarin * Revolution: Naasan to Issho,Konami,Konami,"April 29, 2010 (JP)",,,,
Kirarin * Revolution: Tsukutte Misechao! Kime * Kira Stage,Konami,Konami,"December 13, 2007 (JP)",,,,
Kirby Mass Attack,HAL Laboratory,Nintendo,"August 4, 2011 (JP)",,,,
Kirby Super Star Ultra,HAL Laboratory,Nintendo,"September 22, 2008 (NA)",,,,
Kirby: Squeak Squad,"Flagship, HAL Laboratory",Nintendo,"November 2, 2006 (JP)",,,,
Kirby: Canvas Curse,HAL Laboratory,Nintendo,"March 24, 2005 (JP)",,,,
Kirei Zukin Seikatsu,Infinity,Columbia Music Entertainment,"April 22, 2010 (JP)",,,,
Kirei Zukin Seikatsu 2,Infinity,Columbia Music Entertainment,"April 28, 2011 (JP)",,,,
Kirihara Shoten Forest: Eigo @ DS,Ertain,Ertain,"March 26, 2008 (JP)",,,,
Kirihara Shoten Kanshuu: Daigakusei Ryoku Kentei DS,ASK,ASK,"December 4, 2008 (JP)",,,,
Knerten Gets Married,Ravn Studio,PAN Vision,"October 14, 2010 (EU)",,,,
Knights in the Nightmare,Sting Entertainment,"Atlus, Sting Entertainment","September 25, 2008 (JP)",,,,
Knock 'Em Downs: World's Fair,Guidance Interactive,Guidance Interactive,"May 8, 2009 (NA)",,,,
Know How,Bitfield GmbH,cdv Software,"October 30, 2008 (EU)",,,,
Know How 2,Bitfield GmbH,cdv Software,2010 (EU),,,,
Kobun Kanbun DS,IE Institute,IE Institute,"November 5, 2009 (JP)",,,,
Kodawari Saihai Simulation: Ocha no Ma Pro Yakyuu DS,Now Production,Now Production,"June 4, 2009 (JP)",,,,
Kodawari Saihai Simulation: Ocha no Ma Pro Yakyuu DS 2010 Nendohan,Now Production,Now Production,"April 1, 2010 (JP)",,,,
Koh-Lanta: Survie Dans La Jungle!,Mindscape,Mindscape,"October 9, 2009 (EU)",,,,
Koinu de Kururin,MTO,MTO,"February 14, 2008 (JP)",,,,
Koisuru Purin! Koi wa Daibouken! Dr. Kanmi no Yabou!?,Tamsoft,Tryfirst,"November 6, 2008 (JP)",,,,
Kokoro ga Uruou Birei Aquarium DS 2: Sekai no Uo to Ikura-Kujira Tachi,LightBee,Ertain,"December 25, 2008 (JP)",,,,
Koma Neko DS,Suzak,Genterprise,"July 24, 2008 (JP)",,,,
Konami Classics Series: Arcade Hits,Konami,Konami,"March 15, 2007 (JP)",,,,
Konductra,oeFun,O3 Entertainment,"October 31, 2006 (NA)",,,,
Kono Quiz Yarou!!,Namco,Namco,"February 16, 2006 (JP)",,,,
Korede Haji o Kakanai: Ashita Tsukaeru DS Business Manner,Genki,Genki,"April 26, 2007 (JP)",,,,
Kotoba no Puzzle: Mojipittan DS,Namco Bandai Games,Namco Bandai Games,"March 15, 2007 (JP)",,,,
"Kou Rate Ura Mahjong Retsuden Mukoubuchi: Goburei, Shuuryou desu ne",TamTam,Pi Arts,"July 26, 2007 (JP)",,,,
Kouchuu Kakutou: Mushi 1 Grand Prix,Rocket Company,Rocket Company,"November 24, 2005 (JP)",,,,
Kouchuu Ouja Mushi King: Greatest Champion e no Michi 2,Family Entertainment,Sega,"July 27, 2006 (JP)",,,,
Kouchuu Ouja Mushi King: Greatest Champion e no Michi DS,Family Entertainment,Sega,"December 8, 2005 (JP)",,,,
Kouchuu Ouja: Mushi King Super Collection,Family Entertainment,Sega,"July 19, 2007 (JP)",,,,
Kouenji Joshi Soccer 2: Koi wa Nebagiba Kouenji,Starfish SD,Starfish SD,"November 22, 2007 (JP)",,,,
Koukou Juken: Eitango Get Through 1900 - Eitan Zamurai DS,Good-Feel,Educational Network,"October 11, 2007 (JP)",,,,
Koukou Yakyuu Dou DS,Spike,Spike,"July 23, 2009 (JP)",,,,
The Koushounin,D3 Publisher,D3 Publisher,"October 25, 2007 (JP)",,,,
Koushounin DS: The Negotiator,Polygon Magic,Alpha Unit,"December 17, 2009 (JP)",,,,
Kousoku Card Battle: Card Hero,Intelligent Systems,Nintendo,"December 20, 2007 (JP)",,,,
Kumatanchi,Vanillaware,Dimple Entertainment,"September 25, 2008 (JP)",,,,
Kung Fu Panda: Legendary Warriors,Artificial Mind and Movement,Activision,"November 8, 2008 (NA)",,,,
Kunitori Zunou Battle: Nobunaga no Yabou,Koei,Koei,"June 26, 2008 (JP)",,,,
Kurayami no Hate de Kimi o Matsu,WitchCraft,D3Publisher,"October 22, 2009 (JP)",,,,
Kurikin Nano Island Story,MediaKite,Nintendo,"May 24, 2007 (JP)",,,,
Kurukuru * Princess: Tokimeki Figure * Mezase! Vancouver,Spike,Spike,"December 10, 2009 (JP)",,,,
Kuroshitsuji: Phantom & Ghost,Square Enix,Square Enix,"March 19, 2009 (JP)",,,,
Kurupoto Cool Cool Stars,Starfish SD,"Starfish SD, UFO Interactive Games","March 15, 2007 (NA)",,,,
Kururin Doughnuts: Okashi Recipe,Global A,Global A,"July 5, 2007 (JP)",,,,
Kutsushita Nyanko: Kutsushita o Haita Neko to Kurashi Hajime Mashita,Infinity,D3Publisher,"July 30, 2010 (JP)",,,,
Kuukan * Zukei: Hirameki Training - KuuTore,Good-Feel,Benesse,"May 29, 2008 (JP)",,,,
Kuwagata Tsumami,Success,Success,"July 24, 2008 (JP)",,,,
Kyouryuu Monster,MTO,MTO,"September 20, 2007 (JP)",,,,
L the Prologue to Death Note –Rasen no Wana-,Konami,Konami,"February 7, 2008 (JP)",,,,
L'Enigmistica,Pub Company s.r.l.,Pub Company s.r.l.,2009 (EU),,,,
L'Histoire de France Pour Les Nuls,Anuman Interactive,Atari SA,"October 14, 2008 (EU)",,,,
La Carte au Tresor,Mindscape,Mindscape,"May 11, 2009 (EU)",,,,
Labyrinth,Lancarse,"505 Games, Taito Corporation, UFO Interactive Games","December 1, 2005 (NA)",,,,
Lalaloopsy,Activision,Activision,"November 6, 2011 (NA)",,,,
Lalaloopsy: Carnival of Friends,Activision,Activision,"October 30, 2012 (NA)",,,,
Lanfeust of Troy,Tate Interactive,Atari SA,"December 7, 2007 (EU)",,,,
Langenscheidt VokabelStar Englisch Fur Einsteiger,Radon Labs,Deep Silver,"December 18, 2009 (EU)",,,,
Langenscheidt VokabelStar Englisch Fur FortgeschritteneVocabStar English AdvancedUK,Radon Labs,Deep Silver,"July 30, 2009 (EU)",,,,
Lapin Malin: J'apprends A Lire Et A EcrireRobbie Konijn: Leren lezen en schrijvenNL,Mindscape,Mindscape,"June 20, 2008 (EU)",,,,
The Last Airbender,THQ,THQ,"June 29, 2010 (NA)",,,,
Last Bullet,FuRyu,FuRyu,"April 23, 2009 (JP)",,,,
Last King of Africa,Focus Home Interactive,Focus Home Interactive,"November 14, 2008 (EU)",,,,
Last Window: The Secret of Cape West,Cing,Nintendo,"January 14, 2010 (JP)",,,,
Le Bescherelle Pratique,Mindscape,Mindscape,"June 26, 2009 (EU)",,,,
Le Jeu Officiel: A Prendre ou A Laisser,Mindscape,Mindscape,2008 (EU),,,,
Learn Chess,Dreamcatcher,Dreamcatcher,"December 29, 2009 (NA)",,,,
Learn Geography,Dreamcatcher,Dreamcatcher,"December 27, 2009 (NA)",,,,
Learn Math,Dreamcatcher,Dreamcatcher,"December 22, 2008 (NA)",,,,
Learn Science,Dreamcatcher,Dreamcatcher,"December 14, 2010 (NA)",,,,
Learn to Play Chess with Fritz and Chesster,Deep Silver,Deep Silver,"February 6, 2009 (EU)",,,,
Learn with Pokémon: Typing Adventure,Genius Sonority,Nintendo,"April 21, 2011 (JP)",,,,
Learning to SpellI did it Mum! SpellingFR,505 Games,505 Games,"October 31, 2010 (NA)",,,,
Left Brain Right Brain,Japan Art Media,"505 Games, Majesco Entertainment","November 16, 2007 (EU)",,,,
Left Brain Right Brain 2,Kokolo Corporation,Majesco Entertainment,"December 9, 2008 (EU)",,,,
The Legend of Kage 2,Taito Corporation,"Square Enix, Taito Corporation, Ubisoft","March 11, 2008 (JP)",,,,
Legend of Kay,JoWooD Productions,DreamCatcher Games,"May 28, 2010 (EU)",,,,
The Legend of Spyro: A New Beginning,Amaze Entertainment,Sierra Entertainment,"October 17, 2006 (NA)",,,,
The Legend of Spyro: Dawn of the Dragon,Tantalus Media,Sierra Entertainment,"October 21, 2008 (NA)",,,,
The Legend of Spyro: The Eternal Night,The Fizz Factor,Sierra Entertainment,"October 2, 2007 (NA)",,,,
Legend of the Guardians: The Owls of Ga'Hoole,Tantatus,Warner Bros. Interactive Entertainment,"September 14, 2010 (NA)",,,,
The Legend of Zelda: Phantom Hourglass,Nintendo EAD,Nintendo,"June 23, 2007 (JP)",,,,
The Legend of Zelda: Spirit Tracks,Nintendo EAD,Nintendo,"December 7, 2009 (NA)",,,,
The Legendary Starfy,Tose,Nintendo,"July 10, 2008 (JP)",,,,
Lego Batman: The Video Game,TT Fusion,"Warner Bros. Interactive Entertainment, DC Comics","September 23, 2008 (NA)",,,,
Lego Batman 2: DC Super Heroes,Traveller's Tales,Warner Bros. Interactive Entertainment,"June 19, 2012 (NA)",,,,
Lego Battles,Hellbent Games,Warner Bros. Interactive Entertainment,"June 9, 2009 (NA)",,,,
Lego Battles: Ninjago,"Hellbent Games, Traveller's Tales",Warner Bros. Interactive Entertainment,"April 12, 2011 (NA)",,,,
Lego Friends,Hellbent Games,Warner Bros. Interactive Entertainment,"April 8, 2014 (NA)",,,,
Lego Harry Potter: Years 1–4,TT Fusion,Warner Bros. Interactive Entertainment,"November 11, 2010 (NA)",,,,
Lego Harry Potter: Years 5-7,TT Fusion,Warner Bros. Interactive Entertainment,"November 11, 2011 (NA)",,,,
Lego Indiana Jones: The Original Adventures,TT Fusion,"Activision, LucasArts","June 3, 2008 (NA)",,,,
Lego Indiana Jones 2: The Adventure Continues,TT Fusion,LucasArts,"November 17, 2009 (NA)",,,,
Lego Legends of Chima: Laval's Journey,TT Fusion,Warner Bros. Interactive Entertainment,"August 31, 2013 (NA)",,,,
Lego The Lord of the Rings,TT Fusion,Warner Bros. Interactive Entertainment,"October 30, 2012 (NA)",,,,
Lego Marvel Super Heroes: Universe in Peril,TT Fusion,Warner Bros. Interactive Entertainment,"February 18, 2014 (NA)",,,,
Lego Pirates of the Caribbean: The Video Game,Traveller's Tales,Disney Interactive Studios,"May 10, 2011 (NA)",,,,
Lego Rock Band,Backbone Entertainment,Warner Bros. Interactive Entertainment,"November 3, 2009 (NA)",,,,
Lego Star Wars: The Complete Saga,TT Fusion,LucasArts,"November 6, 2007 (NA)",,,,
Lego Star Wars II: The Original Trilogy,Amaze Entertainment,"Electronic Arts, LucasArts","September 11, 2006 (PAL)",,,,
Lego Star Wars III: The Clone Wars,TT Fusion,LucasArts,"March 22, 2011 (NA)",,,,
Lernerfolg Grundschule Musik - Little Amadeus,Tivola,Tivola,"September 6, 2010 (EU)",,,,
Lernerfolg Grundschule: Deutsch - Der Rechtschreibtrainer,Tivola,Tivola,2008 (EU),,,,
Lernerfolg Grundschule: Deutsch - Der Rechtschreibtrainer Neue Version,Tivola,Tivola,2008 (EU),,,,
"Lernerfolg Grundschule: Deutsch, Klasse 1+2",Tivola,Tivola,2008 (EU),,,,
"Lernerfolg Grundschule: Deutsch, Klasse 3+4",Tivola,Tivola,2008 (EU),,,,
Lernerfolg Grundschule: Englisch - Der Vokabeltrainer,Tivola,Tivola,2008 (EU),,,,
Lernerfolg Grundschule: Englisch - Der Vokabeltrainer Neue Version,Tivola,Tivola,2008 (EU),,,,
"Lernerfolg Grundschule: English, Klasse 1+2",Tivola,Tivola,2008 (EU),,,,
"Lernerfolg Grundschule: English, Klasse 3+4",Tivola,Tivola,2008 (EU),,,,
Lernerfolg Grundschule: Mathematik Intensiv - Klasse 1-4,Tivola,Tivola,2008 (EU),,,,
"Lernerfolg Grundschule: Mathematik, Klasse 1+2",Tivola,Tivola,2008 (EU),,,,
"Lernerfolg Grundschule: Mathematik, Klasse 3+4",Tivola,Tivola,2008 (EU),,,,
Lernerfolg Grundschule: Konzentration - Der Aufmerksamkeitstrainer,Tivola,Tivola,2008 (EU),,,,
Lernerfolg Vorschule: Capt'n Sharky,Tivola,Tivola,2008 (EU),,,,
Lernerfolg Vorschule: Lernerfolg Vorschule - Prinzessin Lillifee,Tivola,Tivola,2008 (EU),,,,
Les aventures de T'choupi a l'ecole,Emme,Emme,"July 20, 2010 (EU)",,,,
Les nouvelles aventures de T'choupi et ses amis,Emme,Emme,"August 11, 2011 (EU)",,,,
Les Incollables CE1-CE2,Mindscape,Mindscape,"March 19, 2008 (EU)",,,,
Les Incollables CM1-CM2,Mindscape,Mindscape,"March 19, 2008 (EU)",,,,
Les Incollables CP,Mindscape,Mindscape,"March 19, 2008 (EU)",,,,
Let's Mangaka DS Style,Columbia Music Entertainment,Columbia Music Entertainment,"July 29, 2010 (JP)",,,,
Let's Play Ballerina,Deep Silver,Deep Silver,"June 18, 2010 (PAL)",,,,
Let's Play Fashion Designer,Deep Silver,Deep Silver,"December 5, 2008 (PAL)",,,,
Let's Play Flight Attendant,Deep Silver,Deep Silver,"May 25, 2010 (PAL)",,,,
Let's Play Garden,Deep Silver,Deep Silver,"June 18, 2010 (PAL)",,,,
Let's Play Journalists,Deep Silver,Deep Silver,"December 2, 2010 (PAL)",,,,
Let's Play Pet Hospitals,Biodroid Productions,Deep Silver,"February 27, 2009 (PAL)",,,,
Let's Play Schools,ZigZag Island,Deep Silver,"December 5, 2008 (PAL)",,,,
Let's Ride: Friends Forever,THQ,THQ,"March 3, 2008 (NA)",,,,
Lettriq,Vocabelum,Vocabelum,"August 22, 2007 (EU)",,,,
LifeSigns: Surgical Unit,Spike,"DreamCatcher Games, JoWooD Productions, Spike","October 21, 2005 (JP)",,,,
Line Rider 2: Unbound,inXile Entertainment,"Deep Silver, Genius Products","September 16, 2008 (NA)",,,,
Lilpri DS: Hime-Chen! Apple Pink,Family Entertainment,Sega,"December 19, 2010 (JP)",,,,
Lina no Atelier: Strahl no Renkinjutsushi,Gust,Gust,"December 22, 2009 (JP)",,,,
Lingo,Media Sales & Licensing,Media Sales & Licensing,"October 11, 2010 (EU)",,,,
Lingo Deluxe,Media Sales & Licensing,Media Sales & Licensing,"December 26, 2011 (EU)",,,,
Lingo voor kinderen,Media Sales & Licensing,Media Sales & Licensing,"December 17, 2011 (EU)",,,,
Lionel Trains: On Track,Black Lantern Studios,Destination Software,"December 6, 2006 (NA)",,,,
Lise no Atelier: Ordre no Renkinjutsushi,Gust Co. Ltd.,Gust,"April 19, 2007 (JP)",,,,
Little Bears,B-Alive,Zoo Games,"April 2, 2009 (PAL)",,,,
Little Book of Big Secrets,505 Games,505 Games,"April 23, 2010 (PAL)",,,,
Little Charley Bear,Avanquest Software,Avanquest Software,"May 25, 2012 (PAL)",,,,
Little League World Series Baseball 2008,Activision,Activision,"August 5, 2008 (NA)",,,,
Little League World Series Baseball 2009,Activision,Activision,"June 23, 2009 (NA)",,,,
Little Red Riding Hood's Zombie BBQ,EnjoyUp Games,Destineer,"October 28, 2008 (PAL,NA)",,,,
Little Wingels,KRITZELKRATZ 3000 GmbH,dtp Young Entertainment AG,"September 3, 2009 (EU)",,,,
Littlest Pet Shop: Beach Friends,Electronic Arts,Electronic Arts,"October 20, 2009 (NA)",,,,
Littlest Pet Shop: City Friends,Electronic Arts,Electronic Arts,"October 20, 2009 (NA)",,,,
Littlest Pet Shop: Country Friends,Electronic Arts,Electronic Arts,"October 20, 2009 (NA)",,,,
Littlest Pet Shop: Garden,Electronic Arts,Electronic Arts,"October 14, 2008 (NA)",,,,
Littlest Pet Shop: Jungle,Electronic Arts,Electronic Arts,"October 4, 2008 (NA)",,,,
Littlest Pet Shop: Spring,Electronic Arts,Electronic Arts,"March 3, 2009 (NA)",,,,
Littlest Pet Shop: Winter,Electronic Arts,Electronic Arts,"October 14, 2008 (NA)",,,,
Littlest Pet Shop 3 Biggest Stars: Blue Team,Electronic Arts,Electronic Arts,"October 5, 2010 (NA)",,,,
Littlest Pet Shop 3 Biggest Stars: Pink Team,Electronic Arts,Electronic Arts,"October 5, 2010 (NA)",,,,
Littlest Pet Shop 3 Biggest Stars: Purple Team,Electronic Arts,Electronic Arts,"October 5, 2010 (NA)",,,,
Live Battle Card: Live-On DS,Acquire,Acquire,"August 20, 2009 (JP)",,,,
Lively Garden,Brownie Brown,Marvelous Entertainment,"January 28, 2010 (JP)",,,,
Lock's Quest,5th Cell,THQ,"September 8, 2008 (NA)",,,,
Lode Runner,Hudson Soft,Hudson Soft,"October 26, 2006 (JP)",,,,
Logic Cubes,Morgen Studios,Kiddinx,"July 15, 2010 (EU)",,,,
Logic Machines,City Interactive,City Interactive,"July 10, 2009 (EU)",,,,
LOL,Route24,"Agetec, Rising Star Games, skip Ltd.","July 19, 2007 (JP)",,,,
Lola & Virginia,Imira Entertainment,Virgin Play (Spain)Warner Bros. Interactive Entertainment (European countries),"February 20, 2009 (EU)",,,,
Londonian Gothics: Mekyū no Lolita,Megacyber,Megacyber,"October 13, 2005 (JP)",,,,
Lost Identities,Engine Software,dtp Young Entertainment AG,"October 15, 2010 (EU)",,,,
Looney Tunes: Cartoon Conductor,Amaze Entertainment,Eidos Interactive,"June 6, 2008 (PAL)",,,,
Looney Tunes: Duck Amuck,WayForward Technologies,Warner Bros. Interactive Entertainment,"October 9, 2007 (NA)",,,,
The Lord of the Rings: Aragorn's Quest,TT Fusion,Warner Bros. Interactive Entertainment,"September 14, 2010 (NA)",,,,
The Lord of the Rings: Conquest,Artificial Mind and Movement,Electronic Arts,"January 9, 2009 (PAL)",,,,
Los Lunnis,Legend Studios,505 Games,"March 31, 2009 (EU)",,,,
Lost in Blue,Konami,Konami,"August 25, 2005 (JP)",,,,
Lost in Blue 2,Konami,Konami,"March 15, 2007 (JP)",,,,
Lost in Blue 3,Konami,Konami,"December 20, 2007 (JP)",,,,
The Lost Treasures of Alexandria,Engine Software,MSL,"August 26, 2011 (PAL)",,,,
LostMagic,Taito Corporation,"Taito Corporation, Ubisoft","January 19, 2006 (JP)",,,,
Love is... in Bloom: The Flower Shop Garden,Zoo Digital,Zoo Digital,"April 9, 2009 (EU)",,,,
LovePlus,Konami,Konami,"September 3, 2009 (JP)",,,,
LovePlus+,Konami,Konami,"June 24, 2010 (JP)",,,,
Lovely LisaRika-Chan DS: Onna no Ko Lesson: Oshare mo Oshigoto mo Omakase!JP,DreamFactory,Takara Tomy,"November 29, 2007 (JP)",,,,
Lovely Lisa and FriendsRika-Chan DS Motto! Onna no Ko Lesson: Oshare Oshigoto Otetsudai Daisuki!JP,DreamFactory,Takara Tomy,"November 5, 2009 (JP)",,,,
Loving Life with Hello Kitty & Friends,Compile Heart,CokeM Interactive,"June 17, 2011 (EU)",,,,
Lucky Star Moe Drill,Kadokawa Shoten,Kadokawa Shoten,"December 1, 2005 (JP)",,,,
Lucky Luke: The Daltons,Neko Entertainment,Atari SA,"September 25, 2008 (EU)",,,,
Lufia: Curse of the Sinistrals,Natsume,Square Enix,"February 25, 2010 (JP)",,,,
Luminous Arc,Imageepoch,"Atlus, Marvelous Entertainment, Rising Star Games","February 8, 2007 (JP)",,,,
Luminous Arc 2,Imageepoch,"Atlus, Marvelous Entertainment","May 15, 2008 (JP)",,,,
Luminous Arc 3,Imageepoch,Marvelous Entertainment,"December 10, 2009 (JP)",,,,
Lunar Knights,Kojima Productions,Konami,"February 6, 2007 (NA)",,,,
Lunar: Dragon Song,"Game Arts, Japan Art Media","Marvelous Entertainment, Rising Star Games, Ubisoft","August 25, 2005 (JP)",,,,
Lup Salad DS: Lupupu Cube,Dimple Entertainment,Dimple Entertainment,"January 31, 2008 (JP)",,,,
Lupin Sansei: Shijou Saidai no Zunousen,Nex Entertainment,Namco Bandai Games,"February 11, 2010 (JP)",,,,
Lux-Pain,Killaware,"Ignition Entertainment, Marvelous Entertainment, Rising Star Games","March 27, 2008 (JP)",,,,
Luxor: Pharaoh's Challenge,Mac Play,MumboJumbo,"December 18, 2007 (NA)",,,,
M&M's Adventure,Nikitova Games,Destination Software,"November 21, 2008 (NA)",,,,
M&M's Break' Em,Destination Software,"Destination Software, Zoo Digital Publishing","March 25, 2007 (NA)",,,,
M&M's Kart Racing,FrontLine Studios,"Destination Software, Zoo Digital Publishing","March 24, 2008 (NA)",,,,
Mabeop Cheonjamun DS,Skonec,Nintendo of Korea,"April 16, 2009 (KR)",,,,
Mabeop Cheonjamun DS 2: The Final Hanja Magic,Skonec,Nintendo of Korea,"January 27, 2011 (KR)",,,,
Machi no Pet-Ya-San DS 2: Wannyan 333-Hiki Daishuugou!,Infinity,E-Frontier,"February 19, 2009 (JP)",,,,
Machi no Pet-Ya-San DS: Wan-chan 200-Hiki Daishuugou,Infinity,E-Frontier,"August 9, 2007 (JP)",,,,
Machi-Ing Maker DS,D3Publisher,D3Publisher,"July 24, 2008 (JP)",,,,
Machiteba Tengoku! Makereba Jigoku! Ryoutsuryuu Ikkakusenkin Daisakusen!,Bandai Namco Games,Bandai Namco Games,"June 17, 2010 (JP)",,,,
Madden NFL 2005,EA Tiburon,EA Sports,"November 17, 2004 (NA)",,,,
Madden NFL 06,EA Sports,EA Sports,"August 8, 2005 (NA)",,,,
Madden NFL 07,Exient Entertainment,EA Sports,"August 22, 2006 (NA)",,,,
Madden NFL 08,EA Tiburon,EA Sports,"August 14, 2007 (NA)",,,,
Madden NFL 09,EA Tiburon,EA Sports,"August 12, 2008 (NA)",,,,
Maejig Cheongkeuwa Mabeobui Seong,BarunsonCreative,BarunsonCreative,"July 15, 2011 (KR)",,,,
Maestro! Jump in Music,Pasta Games,Bigben Interactive,"November 30, 2009 (EU)",,,,
Mage Knight: Destiny's Soldier,Big Blue Bubble,Namco Bandai Games,"September 26, 2006 (NA)",,,,
Magic Encyclopedia 3: Illusions,Engine Software,MSL,"August 9, 2012 (EU)",,,,
Magic Encyclopedia II: Moonlight,Foreign Media,Foreign Media,"October 14, 2010 (EU)",,,,
The Magic Roundabout,Neko Entertainment,Deep Silver,"December 5, 2008 (EU)",,,,
The Magic School Bus: Oceans,Big Blue Bubble,Scholastic,"October 25, 2011 (NA)",,,,
Magical Starsign,Brownie Brown,Nintendo,"June 22, 2006 (JP)",,,,
Magical Zunou Power!!,D3 Publisher,D3 Publisher,"December 25, 2008 (JP)",,,,
Magician's Quest: Mysterious Times,Konami,Konami,"November 12, 2008 (JP)",,,,
MagicQ DS,Studio9,Studio9,"December 21, 2007 (KR)",,,,
Magnetica,Mitchell Corporation,Nintendo,"March 2, 2006 (JP)",,,,
Mah Jong Quest: Expeditions,Game Brains,"Activision, Global Software Publishing","October 16, 2007 (NA)",,,,
MahjongMahjong: Eine Reise um die Welt,Kritzelkratz 3000,DTP Young Entertainment,"June 15, 2007 (EU)",,,,
The Mahjong,D3 Publisher,D3 Publisher,"June 30, 2005 (JP)",,,,
Mahjong 300,Cerasus Media,Avanquest Software,"September 16, 2011 (EU)",,,,
Mahjong Haoh DS Special,Mainichi Communications,Mycom,"December 21, 2006 (JP)",,,,
Mahjong Haoh DS: Dankyuu Battle,Mainichi Communications,Mycom,"September 13, 2007 (JP)",,,,
Mahjong Journey: Quest for TikalMahjongg: Ancient MayasEU,Cerasus Media,MumboJumbo,"September 16, 2009 (EU)",,,,
Mahjong Kakutou Club DS: Wi-Fi Taiou,Konami,Konami,"December 7, 2006 (JP)",,,,
Mahjong Mysteries: Ancient Athena,Cerasus Media,Avanquest Software,"May 25, 2012 (EU)",,,,
Mahjong Mysteries: Ancient Egypt,Cerasus Media,Avanquest Software,"June 25, 2010 (EU)",,,,
Mahjong Navi DS,Mainichi Communications,Mainichi Communications,"May 15, 2008 (JP)",,,,
Mahjong Taikai,Koei,Koei,"December 2, 2004 (JP)",,,,
Mah-Jongg,Rising Star Games,Rising Star Games,2009 (EU),,,,
Mainichi Suteki! Hello Kitty no Life Kit,Dorart,Dorart,"September 13, 2007 (JP)",,,,
Maji de Manabu: LEC de Ukaru - DS Hishou Boki 3-Kyuu,Matrix Software,Square Enix,"April 17, 2008 (JP)",,,,
Majin Tantei Nōgami Neuro: Neuro to Miko no Bishoku Sanmai,Marvelous Entertainment,Marvelous Entertainment,"June 12, 2008 (JP)",,,,
Majime ni Fumajime Kaiketsu Zorori - Kyoufu no Takarabako,,,"August 31, 2006 (JP)",,,,
Major DS: Dream Baseball,Takara Tomy,Takara Tomy,"July 31, 2008 (JP)",,,,
Major League Baseball 2K7,Skyworks Technologies,2K Sports,"March 19, 2007 (NA)",,,,
Major League Baseball 2K8 Fantasy All-Stars,Deep Fried Entertainment,2K Sports,"April 14, 2008 (NA)",,,,
Major League Baseball 2K9 Fantasy All-Stars,Deep Fried Entertainment,2K Sports,"March 3, 2009 (NA)",,,,
Major League Baseball 2K10,Powerhead Games,2K Sports,"March 2, 2010 (NA)",,,,
Major League Baseball 2K11,Visual Concepts,2K Sports,"March 8, 2011 (NA)",,,,
Major League Baseball 2K12,Visual Concepts,2K Sports,"March 6, 2012 (NA)",,,,
Make 10: A Journey of Numbers,MuuMuu,Nintendo,"October 10, 2007 (JP)",,,,
Mame Goma 2: Uchi no Ko ga Ichiban!,Infinity,Creative Core,"July 31, 2008 (JP)",,,,
Mame Goma 3: Kawaii ga Ippai,Infinity,Creative Core,"August 5, 2010 (JP)",,,,
Mame Goma: Honobono Nikki,TDK Core,TDK Core,"July 26, 2007 (JP)",,,,
Manga Ka Debut Monogatari DS: Akogare! Manga Ka Ikusei Game,Hyde,TDK Core,"November 10, 2005 (JP)",,,,
MapleStory DS,Nexon,Nexon,"April 15, 2010 (KR)",,,,
Mar Heaven: Boukyaku no Clavier,Alpha Unit,Konami,"September 7, 2006 (JP)",,,,
Mar Heaven: Karudea no Akuma,Alpha Unit,Konami,"March 30, 2006 (JP)",,,,
March of the Penguins,Destination Software,"Destination Software, Zoo Digital Publishing","November 27, 2006 (NA)",,,,
Margot's Bepuzzled!,Zushi Games Ltd,Zushi Games Ltd,"October 23, 2009 (NA)",,,,
Margot's Word Brain,Slam Games,Zoo Games,"September 23, 2008 (NA)",,,,
Marie & Gully no Let's Science,Dorart,Dorart,"April 15, 2010 (JP)",,,,
Marie-Antoinette et la Guerre d'Independence Americaine episode 1: La Fraternite du Loup,Nemopolis,Nemopolis,"September 30, 2010 (EU)",,,,
Marie-Antoinette et les Disciples de Loki,Nemopolis,Nemopolis,"December 14, 2011 (EU)",,,,
Mario & Luigi: Bowser's Inside Story,AlphaDream,Nintendo,"February 11, 2009 (JP)",,,,
Mario & Luigi: Partners in Time,AlphaDream,Nintendo,"November 28, 2005 (NA)",,,,
Mario & Sonic at the Olympic Games,Sega,"Nintendo, Sega","January 17, 2008 (JP)",,,,
Mario & Sonic at the Olympic Winter Games,Sega,"Nintendo, Sega","October 13, 2009 (NA)",,,,
Mario Hoops 3-on-3,Square Enix,Nintendo,"July 27, 2006 (JP)",,,,
Mario Kart DS,Nintendo,Nintendo,"November 14, 2005 (NA)",,,,
Mario Party DS,Hudson Soft,Nintendo,"November 8, 2007 (JP)",,,,
Mario vs. Donkey Kong: Mini-Land Mayhem!,Nintendo Software Technology,Nintendo,"November 14, 2010 (NA)",,,,
Mario vs. Donkey Kong 2: March of the Minis,Nintendo,Nintendo,"September 25, 2006 (NA)",,,,
Marker Man Adventures,Glyphic Entertainment,Majesco Entertainment,"August 18, 2009 (NA)",,,,
Martin Mystery,OUAT Entertainment,Ubisoft,"August 18, 2008 (EU)",,,,
Marvel Nemesis: Rise of the Imperfects,"EA Canada, Sensory Sweep Studios",EA Games,"October 11, 2005 (NA)",,,,
Marvel Super Hero Squad,Halfbrick,THQ,"October 20, 2009 (NA)",,,,
Marvel Super Hero Squad: The Infinity Gauntlet,THQ,THQ,"November 16, 2010 (NA)",,,,
Marvel Trading Card Game,1st Playable Productions,Konami,"May 22, 2007 (NA)",,,,
Marvel: Ultimate Alliance 2,Vicarious Visions,Activision,"September 15, 2009 (NA)",,,,
Master Jin Jin's IQ Challenge,Astroll,Valcon Games,"September 1, 2006 (JP)",,,,
Master of the Monster Lair,Global A Entertainment,"Atlus, Global A Entertainment, Rising Star Games","October 25, 2007 (JP)",,,,
Match 3 Madness,Most Wanted Entertainment,Foreign Media,"November 30, 2010 (PAL)",,,,
Matchstick Puzzle by DS,Ertain,"Ertain, DreamCatcher Games","February 11, 2008 (PAL)",,,,
Math Blaster in the Prime Adventure,Knowledge Adventure,Knowledge Adventure,"February 3, 2008 (NA)",,,,
Math Play,Denyu-Sha,"Denyu-Sha, Natsume, Ubisoft","September 7, 2006 (JP)",,,,
Maths Made Simple,505 Games,505 Games,"October 3, 2008 (PAL)",,,,
Maus DS,Braingame,Braingame,"December 12, 2008 (PAL)",,,,
Max and the Magic Marker,Most Wanted Entertainment,Easy Interactive,"July 30, 2011 (PAL)",,,,
May's Mystery: Forbidden Memories,V5 Play Studio,Mastertronic,"August 12, 2011 (PAL)",,,,
MayaMajaDE,Studio 100 NV,Studio 100 NV,"July 13, 2013 (EU)",,,,
Mazes of Fate DS,Sabarasa,Graffiti Entertainment,"September 9, 2008 (NA)",,,,
Me de Unou o Kitaeru: DS Sokudoku Junior,MileStone Inc.,MileStone Inc.,"August 30, 2007 (JP)",,,,
Me de Unou o Kitaeru: DS Sokudoku Jutsu,MileStone Inc.,MileStone Inc.,"November 9, 2006 (JP)",,,,
Meccha! Taiko no Tatsujin DS: Nanatsu no Shima no Daibouken,Namco Bandai Games,Namco Bandai Games,"April 24, 2008 (JP)",,,,
Mechanic Master,Midway Games,Midway Games,"October 24, 2008 (PAL)",,,,
Mechanic Master 2,Midway Games,Midway Games,"October 20, 2010 (NA)",,,,
MechAssault: Phantom War,Backbone Entertainment,"Eidos Interactive, Majesco Entertainment","September 12, 2006 (NA)",,,,
Medarot DS: Kabuto Ver.,Delta Arts,Rocket Company,"May 27, 2010 (JP)",,,,
Medarot DS: Kuwagata Ver.,Delta Arts,Rocket Company,"May 27, 2010 (JP)",,,,
Mega Bloks: Diego's Build and Rescue,2K Play,Take-Two Interactive,"October 26, 2010 (NA)",,,,
Mega Man Battle Network 5: Double Team DS,Capcom,"Capcom, Nintendo","July 21, 2005 (JP)",,,,
Mega Man Star Force 2: Zerker × Ninja,Capcom,Capcom,"November 22, 2007 (JP)",,,,
Mega Man Star Force 2: Zerker × Saurian,Capcom,Capcom,"November 22, 2007 (JP)",,,,
Mega Man Star Force 3: Black Ace,Capcom,Capcom,"November 13, 2008 (JP)",,,,
Mega Man Star Force 3: Red Joker,Capcom,Capcom,"November 13, 2008 (JP)",,,,
Mega Man Star Force: Dragon,Capcom,Capcom,"December 14, 2006 (JP)",,,,
Mega Man Star Force: Leo,Capcom,Capcom,"December 14, 2006 (JP)",,,,
Mega Man Star Force: Pegasus,Capcom,Capcom,"December 14, 2006 (JP)",,,,
Mega Man Zero Collection,Inti Creates,Capcom,"June 8, 2010 (NA)",,,,
Mega Man ZX,Inti Creates,Capcom,"July 6, 2006 (JP)",,,,
Mega Man ZX Advent,Inti Creates,Capcom,"July 12, 2007 (JP)",,,,
Mega Mindy,ThePharmacy,Studio 100 NV,2009 (EU),,,,
Mein Beautyhotel fur Tiere,exozet,dtp Young Entertainment AG,2008 (EU),,,,
Mein TraumJob Kinderarztin,Aruba Games,Tivola,"September 25, 2009 (EU)",,,,
Meitantei Conan & Kindaichi Shounen no Jikenbou,Namco Bandai Games,Namco Bandai Games,"February 5, 2009 (JP)",,,,
Meitantei Conan: Aoki Houseki no Rinbukyoku,Namco Bandai Games,Namco Bandai Games,"April 21, 2011 (JP)",,,,
Meitantei Conan: Kakokara no Zensou Kyoku,Namco Bandai Games,Namco Bandai Games,"April 19, 2012 (JP)",,,,
Meitantei Conan: Kieta Hakase to Machigai Sagashi no Tou,Namco Bandai Games,Namco Bandai Games,"April 3, 2008 (JP)",,,,
Meitantei Conan: Tantei Ryoku Trainer,Namco Bandai Games,Namco Bandai Games,"February 5, 2009 (JP)",,,,
Mensch argere Dich nicht,Independent Arts,Kiddinx,"September 17, 2009 (EU)",,,,
Merlin: A Servant of Two Masters,Avanquest Software,Avanquest Software,"October 26, 2012 (EU)",,,,
Metal Fight Beyblade DS,Amber,Hudson Soft,"March 26, 2009 (JP)",,,,
Metal Fight Beyblade: Choujou Kessen! Big Bang Bladers,Amble,Hudson Soft,"December 2, 2010 (JP)",,,,
Metal Max 2: Reloaded,Crea-Tech,Kadokawa Games,"December 8, 2011 (JP)",,,,
Metal Max 3,Enterbrain,Kadokawa Games,"July 29, 2010 (JP)",,,,
Metal Saga: Hagane no Kisetsu,Crea-Tech,Success Corporation,"June 15, 2006 (JP)",,,,
Metal Slug 7,SNK Playmore,"SNK Playmore, Ignition Entertainment","July 17, 2008 (JP)",,,,
Meteos,"Q Entertainment, Sora Ltd.","Bandai, Nintendo","March 10, 2005 (JP)",,,,
Meteos: Disney Magic,"Q Entertainment, Aspect Co., Ltd., Platinum Egg",Buena Vista Games,"February 20, 2007 (NA)",,,,
Methode Boscher: La Journee des Tout Petits,Gimagin Games,Atari SA,"December 16, 2008 (EU)",,,,
Metroid Prime Hunters,"Nintendo Software Technology, Retro Studios",Nintendo,"March 20, 2006 (NA)",,,,
Metroid Prime Pinball,Fuse Games,Nintendo,"October 24, 2005 (NA)",,,,
Metropolis Crimes,Lexis Numerique,Ubisoft,"October 1, 2009 (EU)",,,,
Mezase! Koushien,Tasuke,Tasuke,"July 24, 2008 (EU)",,,,
Mezase!! Tsuri Master DS,Hudson Soft,Hudson Soft,"April 23, 2009 (EU)",,,,
Miami Law,Hudson Soft,Hudson Soft,"June 9, 2009 (NA)",,,,
Miami Nights: Singles in the City,Gameloft,Ubisoft,"January 15, 2008 (NA)",,,,
Michael Jackson: The Experience,Ubisoft,Ubisoft,"November 23, 2010 (NA)",,,,
Micro Machines V4,Supersonic Software,Codemasters,"January 5, 2007 (PAL)",,,,
Midnight Mysteries: The Edgar Allan Poe Conspiracy,MumboJumbo,MumboJumbo,"September 21, 2010 (NA)",,,,
Midnight Play! Pack,Gameloft,Ubisoft,"June 6, 2008 (PAL)",,,,
Might & Magic: Clash of Heroes,Capybara Games,Ubisoft,"December 1, 2009 (NA)",,,,
Military History: Commander - Europe at War,Slitherine,Koch Media,"March 20, 2009 (EU)",,,,
Milon no Hoshizora Shabon: Puzzle Kumikyoku,Takumi Corporation,Hudson Soft,"July 6, 2006 (JP)",,,,
Mimi de Unou o Kitaeru DS: Chou-Nouryoku,MileStone Inc.,MileStone Inc.,"July 26, 2007 (JP)",,,,
Mimi's Party Fun!,TechFront,Destineer,"September 30, 2010 (NA)",,,,
Mind Body & Soul: Big Word Puzzle Book,1bit garden,505 Games,"April 24, 2009 (EU)",,,,
Mind Body & Soul: Blend-it,Crush Digital,505 Games,"March 26, 2010 (EU)",,,,
Mind Quiz: Your Brain Coach,Ubisoft,"Sega, Ubisoft","September 14, 2006 (JP)",,,,
Mind Your Language: English,Spiral House,Virgin Play,"February 13, 2009 (EU)",,,,
Mind Your Language: French,Spiral House,Virgin Play,"February 13, 2009 (EU)",,,,
Mind Your Language: German,Spiral House,Virgin Play,"February 13, 2009 (EU)",,,,
Mind Your Language: Japanese,Spiral House,Virgin Play,"February 13, 2009 (EU)",,,,
Mind Your Language: Spanish,Spiral House,Virgin Play,"February 13, 2009 (EU)",,,,
MinDStorm 2,ASK,505 GamesASK,"February 19, 2009 (JP)",,,,
Mini Golf Resort,Teyon,S.A.D.,"January 7, 2011 (EU)",,,,
Mini Ninjas,IO Interactive,Eidos Interactive,"September 8, 2009 (NA)",,,,
Mini RC Rally,Summitsoft Entertainment,Summitsoft Entertainment,"December 12, 2006 (NA)",,,,
Mini Yonkyu DS,Rocket Company,Rocket Company,"December 17, 2009 (JP)",,,,
Minna Atsumare! Quiz Party,Ertain,Ertain,"March 27, 2008 (JP)",,,,
Minna de Flash Anzan DS,MileStone Inc.,MileStone Inc.,"March 27, 2008 (JP)",,,,
Minna no Conveni,Taito Corporation,Taito Corporation,"February 10, 2010 (JP)",,,,
Minna no Doubutsuen,Taito Corporation,Taito Corporation,"April 30, 2009 (JP)",,,,
Minna no DS Seminar: Kanpeki Eitango Ryoku,TDK Core,TDK Core,"July 20, 2006 (JP)",,,,
Minna no DS Seminar: Kanpeki Kanji Ryoku,TDK Core,TDK Core,"July 20, 2006 (JP)",,,,
Minna no Mahjong: Kenkou Mahjong DS,MTO,MTO,"April 28, 2005 (JP)",,,,
Minna no Oekaki Yasan,Taito Corporation,Taito Corporation,"July 2, 2009 (JP)",,,,
Minna no Suizokukan,Jupiter Corporation,Taito Corporation,"March 25, 2010 (JP)",,,,
Minna to Kimi no Piramekino!,Infinity,Bandai Namco Games,"November 25, 2010 (JP)",,,,
Minute to Win It,Smack Down Productions,Zoo Games,"November 2, 2010 (NA)",,,,
Mirakuru! Mimika DS,Culture Brain,Culture Brain,"January 22, 2009 (JP)",,,,
Miss Princess: MisPri!,Koei Tecmo Games,Koei Tecmo Games,"November 17, 2011 (JP)",,,,
Miss Spider's Sunny Patch Friends: Harvest Time Hop and Fly,Shin'en Multimedia,The Game Factory,"May 30, 2006 (NA)",,,,
The Misshitsukara no Dasshutsu,Intense,D3Publisher,"November 29, 2007 (JP)",,,,
The Misshitsukara no Dasshutsu 2,Intense,D3Publisher,"November 27, 2008 (JP)",,,,
Mission: Runway,Independent Arts,THQ,"March 18, 2008 (NA)",,,,
Mister Slime,Lexis Numerique,SouthPeak GamesDTP Entertainment,"July 17, 2008 (NA)",,,,
Mitamekara Yomigaeru: Otona no Kikonashi Training,Success,Success,"April 3, 2008 (JP)",,,,
Mite wa Ikenai,Studio Trico,Dimple Entertainment,"August 7, 2008 (JP)",,,,
Mitsukete! Keroro Gunsou,Bandai Namco Games,Bandai Namco Games,"September 27, 2007 (JP)",,,,
Miyamoto Sansuu Kyoushitsu no Kyouzai: Kashikoku naru Puzzle DS Ban,Gakken,Gakken,"February 14, 2008 (JP)",,,,
Mizuiro Blood,Crafts & Meister,Bandai Namco Games,"June 14, 2007 (JP)",,,,
MLB Power Pros 2008,Konami,2K Sports,"August 25, 2008 (NA)",,,,
Moe Moe 2-Ji Daisenryaku 2: Yamato Nadesico,SystemSoft,SystemSoft,"March 18, 2010 (JP)",,,,
Moero! Nekketsu Rhythm Damashii Osu! Tatakae! Ouendan 2,iNiS,Nintendo,"May 17, 2007 (JP)",,,,
Moesta: Moeru Toudai Eigojuku,Noise Factory,Mirai Shounen,"July 31, 2008 (JP)",,,,
Moetan DS,Idea Factory,Idea Factory,"July 24, 2008 (JP)",,,,
Mommy Talk DS,Intelligent Design,Intelligent Design,"July 1, 2010 (JP)",,,,
Momotarou Dentetsu DS,Hudson Soft,Hudson Soft,"April 26, 2007 (JP)",,,,
Momotarou Dentetsu World,Hudson Soft,Hudson Soft,"December 2, 2010 (JP)",,,,
Momotarou Dentetsu: 20-Shuunen,Hudson Soft,Hudson Soft,"December 18, 2008 (JP)",,,,
Mon Premier Bescherelle,Anuman Interactive,Atari SA,"June 26, 2009 (EU)",,,,
Mondai na Nihongo,Hudson Soft,Hudson Soft,"September 6, 2007 (JP)",,,,
Monkey Madness: Island Escape,7Raven Studios,Storm City Games,"March 23, 2009 (NA)",,,,
Monochrome Boo & Baby Boo: Kururin Boo,Success,Creative Core,"December 10, 2009 (JP)",,,,
Monopoly,Venan Entertainment,Electronic Arts,"October 26, 2010 (NA)",,,,
Monopoly / Boggle / Yahtzee / Battleship,Sensory Sweep Studios,Atari,"December 13, 2005 (NA)",,,,
Monoshiri Sengoku Ou,Global A,Global A,"November 29, 2007 (JP)",,,,
Monster BandMusic MonstarsEU,Novarama,Dreamcatcher,"March 2, 2009 (NA)",,,,
Monster Bomber,Taito Corporation,Red Ant EnterprisesTaito Corporation,"March 23, 2006 (JP)",,,,
Monster Frenzy,Bluestone Interactive,Zoo Games,"May 25, 2010 (NA)",,,,
Monster High: 13 Wishes,Torus Games,Little Orbit,"October 29, 2013 (NA)",,,,
Monster High: Ghoul Spirit,THQ,THQ,"October 25, 2011 (NA)",,,,
Monster High: Skultimate Roller Maze,Game Machine Studios,Little Orbit,"November 13, 2012 (NA)",,,,
Monster House,Artificial Mind and Movement,THQ,"July 18, 2006 (NA)",,,,
Monster Jam,Torus Games,Activision,"November 13, 2007 (NA)",,,,
Monster Jam: Path of Destruction,Torus Games,Activision,"November 9, 2010 (NA)",,,,
Monster Jam: Urban Assault,Torus Games,Activision,"October 28, 2008 (NA)",,,,
Monster Lab,Backbone Entertainment,Eidos Interactive,"October 31, 2008 (PAL)",,,,
Monster Mayhem: Build and Battle,Brain Toys,Crave,"August 11, 2009 (NA)",,,,
Monster PuzzleSoroeru Puzzle Douwa OukokuJP,Success,Success,"April 20, 2006 (JP)",,,,
Monster Racers,Koei,Koei,"January 22, 2009 (JP)",,,,
Monster Rancher DS,Tecmo,Tecmo,"August 7, 2008 (JP)",,,,
Monster Tale,DreamRift,Majesco Entertainment,"March 22, 2011 (NA)",,,,
Monster Trucks DS,Skyworks Technologies,Majesco EntertainmentTHQ,"December 11, 2005 (NA)",,,,
Monsters vs. Aliens,Activision,Activision,"March 24, 2009 (NA)",,,,
Montessori Music,Will,Creative Core,"April 24, 2008 (JP)",,,,
Moomin Tani no Okurimono,Sonic Powered,Sonic Powered,"November 19, 2009 (JP)",,,,
Moon,Renegade Kid,"Gamebridge, Mastiff","January 13, 2009 (NA)",,,,
Moorhuhn DS,Sproing,Phenomedia,"December 28, 2007 (PAL)",,,,
Moorhuhn Jahrmarkt Party,VIS-Games,DTP Entertainment,"July 13, 2007 (PAL)",,,,
Moorhuhn: Jewel of Darkness,Phenomedia,MumboJumbo,"March 20, 2008 (PAL)",,,,
Mori no Cafeteria DS: Oshare na Cafe Recipe,Aspect,D3Publisher,"December 4, 2008 (JP)",,,,
Morinaga Takurou no Okane no Shin Joushiki DS Training,Route24,KK Best Sellers,"October 23, 2008 (JP)",,,,
Moshi Monsters: Katsuma Unleashed,Black Lantern Studios,Activision,"October 11, 2013 (EU)",,,,
Moshi Monsters: Moshling Zoo,Mind Candy,Activision,"November 6, 2011 (NA)",,,,
Moshi Monsters: Moshlings Theme Park,Black Lantern Studios,Activision,"October 26, 2012 (EU)",,,,
Mosmallineun 3 Gongjuwa Hamkkehaneun Geulim-yeonsang Yeongdan-eo Amgibeob,Daewon Media,Daewon Media,"May 20, 2010 (KR)",,,,
Moto Racer DS,Artefacts,Nobilis,"November 28, 2008 (EU)",,,,
Mots Croises,Bigben Interactive,Neko Entertainment,"September 19, 2007 (EU)",,,,
Mots Croises 2,Bigben Interactive,Neko Entertainment,"April 22, 2008 (EU)",,,,
Motto Hayaku! Seikaku Ni! Suu Sense Keisan Ryuoku Up Training - SuuTore,Benesse,Benesse,"December 4, 2008 (JP)",,,,
Motto Me de Unou o Kitaeru DS: Sokudoku Jutsu,MileStone Inc.,MileStone Inc.,"July 31, 2008 (JP)",,,,
Motto TOEIC Test DS Training,IE Institute,IE Institute,"June 12, 2008 (JP)",,,,
Motto! Hamster to Kurasou: Akachan ga Umareta yo,Interchannel,Interchannel,"September 17, 2009 (JP)",,,,
Motto! Stitch! DS Rhythm de Rakugaki Daisakusen,Cattle Call,Disney Interactive Studios,"November 18, 2010 (JP)",,,,
Mouichido Tsuueru - The Otona no Shougakkou,Affect,D3Publisher,"December 7, 2006 (JP)",,,,
Moyashimon DS,Takara Tomy,Takara Tomy,"July 23, 2009 (JP)",,,,
Mr. Bean,Blast! Entertainment,Blast! Entertainment,"March 14, 2008 (PAL)",,,,
Mr. Driller Drill Spirits,Namco,"Namco, Nintendo","November 30, 2004 (NA)",,,,
MTV Fan Attack,Le Caillou,Mindscape,"November 22, 2007 (PAL)",,,,
The Mummy: Tomb of the Dragon Emperor,Artificial Mind and Movement,Sierra Entertainment,"July 22, 2008 (NA)",,,,
Murder in Venice,City Interactive,City Interactive,"May 16, 2011 (NA)",,,,
Murder on the Titanic,Easy Interactive,Easy Interactive,"May 3, 2012 (NA)",,,,
Mushi: Machi no Konchuu Monogatari,Marionette,Taito Corporation,"August 3, 2006 (JP)",,,,
Mushishi: Amefuru Sato,Tenky,Marvelous Entertainment,"January 31, 2008 (JP)",,,,
The Mushitori Oukoku,D3 Publisher,"505 Game Street, D3 Publisher","June 30, 2005 (JP)",,,,
Mushroom Men: Rise of the Fungi,Red Fly Studio,Gamecock Media Group,"October 11, 2008 (PAL)",,,,
MX vs. ATV: Reflex,Rainbow Studios,THQ,"December 1, 2009 (NA)",,,,
MX vs. ATV: Untamed,Rainbow Studios,THQ,"December 17, 2007 (NA)",,,,
My Amusement Park,"Scholastic, Inc.","Scholastic, Inc.","October 26, 2010 (NA)",,,,
My Animal Centre,Braingame,Deep Silver,"December 5, 2008 (PAL)",,,,
My Animal Centre in AfricaPawly Pets: My Animal Centre in Africa,Europress,"505 Game Street, Europress","November 23, 2007 (PAL)",,,,
My Baby 3 & Friends,Nobilis,Majesco Entertainment,"October 12, 2010 (NA)",,,,
My Baby Boy,Nobilis,"Nobilis, SouthPeak Games","October 28, 2008 (NA)",,,,
My Baby First Steps,Nobilis,"Nobilis, SouthPeak Games","November 11, 2009 (NA)",,,,
My Baby Girl,Nobilis,"Nobilis, SouthPeak Games","November 4, 2008 (NA)",,,,
My Ballet StudioDiva Girls: Diva BallerinaEU,505 Games,505 Games,"November 17, 2009 (NA)",,,,
My Boyfriend,Engine Software,THQ,"September 14, 2009 (NA)",,,,
My Boyfriend: Verliebt in einen Star,exozet,dtp Young Entertainment AG,"August 5, 2009 (EU)",,,,
My Chinese Coach,Ubisoft,Ubisoft,"August 26, 2008 (NA)",,,,
My DoItAll,Rocket Studio,Tomy Corporation,"February 10, 2010 (NA)",,,,
My English Coach,Ubisoft,Ubisoft,"March 10, 2009 (NA)",,,,
My Farm Around the World,BIP Games,Atari SA,"November 14, 2008 (EU)",,,,
My Fashion StudioFashion Designer: Style IconEU,505 Games,Ubisoft,"June 10, 2008 (NA)",,,,
My First Dollhouse,505 Games,505 Games,"September 25, 2009 (EU)",,,,
My French Coach,Ubisoft,Ubisoft,"November 6, 2007 (NA)",,,,
My French Coach Level 2: Intermediate,Ubisoft,Ubisoft,"November 23, 2007 (PAL)",,,,
My Friends,Oxygen Interactive,Oxygen Interactive,"July 31, 2009 (EU)",,,,
My Frogger Toy Trials,Konami,Konami,"November 13, 2006 (NA)",,,,
My Hero: Doctor,Majesco,Majesco,"November 17, 2009 (NA)",,,,
My Hero: FirefighterLet's Play FiremenEU,Deep Silver,Deep Silver,"February 27, 2009 (PAL)",,,,
My Horse and Me,W!Games,Atari,"November 23, 2007 (PAL)",,,,
My Horse & Me 2: Riding for Gold,Tate Interactive,Atari,"November 21, 2008 (PAL)",,,,
My Japanese Coach,Ubisoft,Ubisoft,"September 23, 2008 (NA)",,,,
My Little Pony: Pinkie Pie's Party,Webfoot Technologies,THQ,"September 22, 2008 (NA)",,,,
My Melody Angel Book: Denshi Techou & Enjoy Game,TDK Core,TDK Core,"March 29, 2007 (JP)",,,,
My Pet Chimp,505 Games,505 Games,"March 23, 2010 (NA)",,,,
My Pet Dolphin,Starfish SD,"Starfish SD, 505 Games","September 13, 2007 (JP)",,,,
My Pet Hotel 2Paws and Claws Pet ResortUS,DTP Entertainment,"DTP Entertainment, Eidos Interactive","September 26, 2008 (PAL)",,,,
My Pet Shop,Taito Corporation,Square Enix,"February 27, 2009 (PAL)",,,,
My Reading Tutor,1st Playable Productions,Mentor Interactive,"March 23, 2010 (NA)",,,,
My SAT Coach,Ubisoft Montreal,Ubisoft,"September 23, 2008 (NA)",,,,
My Secret World by Imagine,Ubisoft,Ubisoft,"September 16, 2008 (NA)",,,,
My Spanish Coach,Ubisoft,Ubisoft,"November 6, 2007 (NA)",,,,
My Spanish Coach Level 2: Intermediate,Ubisoft,Ubisoft,"November 23, 2007 (PAL)",,,,
My Stop Smoking Coach: Allen Carr's EasyWay,Ubisoft,Ubisoft,"November 11, 2008 (NA)",,,,
My Vet Practice: In the Country,Independent Arts,dtp Young Entertainment,"November 14, 2008 (NA)",,,,
My Virtual Tutor: Reading First Grade to Second Grade,1st Playable Productions,Mentor Interactive,"September 15, 2009 (NA)",,,,
My Virtual Tutor: Reading Kindergarten to First Grade,1st Playable Productions,Mentor Interactive,"September 15, 2009 (NA)",,,,
My Virtual Tutor: Reading Pre-K to Kindergarten,1st Playable Productions,Mentor Interactive,"September 15, 2009 (NA)",,,,
My Word CoachMon Coach Personnel: J'enrichis Mon VocabulaireFR,Ubisoft Montreal,Ubisoft,"November 6, 2007 (NA)",,,,
"My World, My Way",Global A Entertainment,"Atlus, Global A Entertainment, Rising Star Games","June 12, 2008 (JP)",,,,
MySims,EA Redwood Shores,"EA Games, Electronic Arts","September 18, 2007 (NA)",,,,
MySims Agents,EA Redwood Shores,Electronic Arts,"September 25, 2009 (NA)",,,,
MySims Kingdom,EA Redwood Shores,Electronic Arts,"October 28, 2008 (NA)",,,,
MySims Party,EA Montreal,Electronic Arts,"March 10, 2009 (NA)",,,,
MySims Racing,EA Black Box,Electronic Arts,"June 8, 2009 (NA)",,,,
MySims SkyHeroes,EA Black Box,Electronic Arts,"September 28, 2010 (NA)",,,,
Myst,Cyan Worlds,"Midway Games, Empire Interactive","December 7, 2007 (PAL)",,,,
Mysterious Adventures in the Caribbean,Licensed 4U,Licensed 4U,"November 26, 2010 (PAL)",,,,
Mystery Case Files: MillionHeir,Big Fish Games,Nintendo,"September 8, 2008 (NA)",,,,
Mystery Case Files: Prime Suspects,Big Fish Games,MSL,"June 28, 2013 (EU)",,,,
Mystery Case Files: Ravenhearst,Big Fish Games,MSL,"April 19, 2013 (EU)",,,,
The Mysterious Case of Dr. Jekyll & Mr. Hyde,Joindots,O-Games,"December 3, 2010 (PAL)",,,,
Mystery Dungeon: Shiren the Wanderer,Chunsoft,Sega,"December 14, 2006 (JP)",,,,
Mystery MansionO.M.G. 26: Our Mini GamesUSHoukago no Mystery Club: 26 no TobiraJP,Dreams Interactive,505 Games,"May 1, 2008 (PAL)",,,,
Mystery P.I.: Portrait of a Thief,Black Lantern Studios,PopCap Games,"December 19, 2008 (PAL)",,,,
Mystery Stories: Curse of the Ancient Spirits,Cerasus Media,Avanquest Software,"April 15, 2011 (EU)",,,,
Mystery Stories,Cerasus Media,GSP Games,"December 24, 2008 (EU)",,,,
Mystery Tales: Time Travel,Most Wanted Entertainment,Foreign Media,"April 1, 2009 (EU)",,,,
Mystery Tales 2: The Spirit Mask,Easy Interactive,Easy Interactive,"August 21, 2011 (EU)",,,,
N+,"SilverBirch Studios, Slick Entertainment",Atari,"August 26, 2008 (NA)",,,,
Nacho Libre,Budcat Creations,"Eidos Interactive, Majesco Entertainment","October 26, 2006 (NA)",,,,
Nadia Megafun Land,Atari SA,Atari SA,"September 16, 2008 (EU)",,,,
Nadia's WorldLe Monde de NadiaFR,Atari SA,Atari SA,"December 3, 2007 (EU)",,,,
Nakamura Sumiko Tettei Shidou: Shin TOEIC Test Ichinichi Ippun DS Lesson,Rocket Company,Rocket Company,"October 2, 2008 (JP)",,,,
Nakamura Tooru Kanshuu: Indo Shiki Keisan Drill DS,GungHo,GungHo,"February 28, 2008 (JP)",,,,
Nakayoshi All-Stars: Mezase Gakuen Idol,Creative Core,Creative Core,"December 18, 2008 (JP)",,,,
Nakayoshi Quiz no Oshigo to Theme Park,Culture Brain,Culture Brain,"June 16, 2011 (JP)",,,,
Namco Museum DS,"Namco, Namco Bandai Games","Namco Bandai Games, Atari","September 18, 2007 (NA)",,,,
NANA: Live Staff Daiboshuu! Shoshinsha Kangei,Konami,Konami,"June 21, 2007 (JP)",,,,
Nanami no Oshiete Eibunpou DS: Kisokara Manabu Step Up Gakushuu,Media5,Media5,"June 30, 2011 (JP)",,,,
Nanami no Oshiete English DS: Mezase TOEIC Master,Media5,Media5,"March 26, 2011 (JP)",,,,
Nanashi no Game,Square Enix,Square Enix,"July 3, 2008 (JP)",,,,
Nanashi no Game Me,Square Enix,Square Enix,"August 27, 2009 (JP)",,,,
Nanatsuiro * Drops: Touch de Hajimaru Hatsukoi Monogatari,Media Works,Media Works,"May 15, 2008 (JP)",,,,
Nancy Drew: Deadly Secret of Olde World Park,Gorilla Systems,"Eidos Interactive, Majesco Entertainment","September 18, 2007 (NA)",,,,
Nancy Drew: The Hidden Staircase,Gorilla Systems,Majesco Entertainment,"September 18, 2007 (NA)",,,,
Nancy Drew: The Model Mysteries,AWE Games,THQ,"February 10, 2010 (NA)",,,,
Nancy Drew: The Mystery of the Clue Bender Society,Gorilla Systems,Majesco Entertainment,"July 23, 2008 (NA)",,,,
Nanda's Island,MumboJumbo,MumboJumbo,"March 28, 2011 (NA)",,,,
Nankoku Sodachi DS,Commseed,Commseed,"December 24, 2009 (JP)",,,,
Nanostray,Shin'en Multimedia,"Majesco Entertainment, Taito Corporation","July 19, 2005 (EU)",,,,
Nanostray 2,Shin'en Multimedia,"Codemasters, Majesco Entertainment","March 11, 2008 (NA)",,,,
Nanpure VOW,From Software,From Software,"April 26, 2007 (JP)",,,,
Napoleon Dynamite: The Game,7 Studios,Crave Entertainment,"October 30, 2007 (NA)",,,,
Naraba's World: Labyrinth of Light,Micronet,Micronet,"April 26, 2007 (EU)",,,,
Naraba's World: The Mysterious Palace,Micronet,Micronet,"April 3, 2012 (EU)",,,,
Naruto: Ninja Council 2 European VersionNaruto: Saikyou Ninja Daikesshuu 3JP,Takara Tomy,"Takara Tomy, Tomy","April 21, 2005 (JP)",,,,
Naruto: Ninja Council 3Naruto: Ninja Council European Version EUNaruto: Saikyou Ninja Daikesshu 4JP,Aspect,"D3 Publisher, Tomy, Nintendo","April 27, 2006 (JP)",,,,
Naruto: Ninja Destiny,Takara Tomy,"D3 Publisher, Namco Bandai Games, Tomy","December 14, 2006 (JP)",,,,
Naruto: Path of the NinjaNaruto RPG 3: Reijuu vs. Konoha ShoutaiJP,Tose,D3 Publisher,"October 23, 2007 (NA)",,,,
Naruto: Path of the Ninja 2,Tose,D3 Publisher,"July 13, 2006 (JP)",,,,
Naruto RPG 2: Chidori vs. Rasengan,Tomy,Tomy,"July 14, 2005 (JP)",,,,
Naruto Shippūden: Dairansen! Kage Bunshin Emaki,Takara Tomy,Takara Tomy,"February 14, 2008 (JP)",,,,
Naruto Shippūden: Naruto vs. Sasuke,Takara Tomy,"Takara Tomy, Tomy","July 10, 2008 (JP)",,,,
Naruto Shippūden: Ninja Council 4Naruto: Ninja Council 3 European VersionEU,Takara Tomy,"Takara Tomy, Tomy","April 27, 2006 (JP)",,,,
Naruto Shippūden: Ninja Destiny 2,Takara Tomy,"Takara Tomy, Tomy","April 24, 2008 (JP)",,,,
Naruto Shippūden: Shinobi Retsuden 3,Takara Tomy,Takara Tomy,"April 29, 2009 (JP)",,,,
Naruto Shippūden: Shinobi Rumble,Takara Tomy,Takara Tomy,"April 22, 2010 (JP)",,,,
Natalie Brooks: Mystery at Hillcrest High,Alawar Entertainment,Licensed 4U,"April 6, 2012 (EU)",,,,
Natalie Brooks: The Treasures of the Lost Kingdom,Joindots,Foreign Media,"October 8, 2010 (EU)",,,,
Nathan Entrainement 6E,Mindscape,Mindscape,"May 7, 2009 (EU)",,,,
Nathan Entrainement CE1,Mindscape,Mindscape,"May 7, 2009 (EU)",,,,
Nathan Entrainement CE2,Mindscape,Mindscape,"May 7, 2009 (EU)",,,,
Nathan Entrainement CM1,Mindscape,Mindscape,"May 7, 2009 (EU)",,,,
Nathan Entrainement CM2,Mindscape,Mindscape,"May 7, 2009 (EU)",,,,
National Geographic Panda,Namco Bandai Games,Namco Bandai Games America,"July 31, 2008 (JP)",,,,
Nazo Nazo & Quiz Ittou Nyuukon Q Mate!,WinkySoft,Konami,"October 16, 2008 (JP)",,,,
Need for Speed Carbon: Own the City,Exient Entertainment,EA Games,"October 31, 2006 (NA)",,,,
Need for Speed: Most Wanted,EA Canada,Electronic Arts,"November 11, 2005 (EU)",,,,
Need for Speed: Nitro,Firebrand Games,EA Games,"November 2, 2009 (NA)",,,,
Need for Speed: ProStreet,Exient Entertainment,EA Games,"November 13, 2007 (NA)",,,,
Need for Speed: Undercover,Firebrand Games,Electronic Arts,"November 17, 2008 (NA)",,,,
Need for Speed: Underground 2,EA Canada,EA Games,"May 10, 2005 (NA)",,,,
Negima!? Chou Mahora Taisen Chuu: Checkiin Zenin Shuugou! Yappari Onsen Kichaimashitaa,Natsume,Marvelous Entertainment,"March 22, 2007 (JP)",,,,
"Negima!? Chou Mahora Taisen Kattoiin, Keiyaku Shikkou Dechai masuu",Natsume,Marvelous Entertainment,"October 26, 2006 (JP)",,,,
Neighbours from Hell,JoWooD Productions,Pinnacle,"November 21, 2008 (PAL)",,,,
Neko Neko Bakery DS,Hoget,Hoget,"August 6, 2009 (JP)",,,,
Neopets Puzzle Adventure,"Griptonite Games, Infinitive Interactive",Capcom,"November 25, 2008 (NA)",,,,
Nep League DS,Jaleco Entertainment,Jaleco Entertainment,"December 6, 2007 (JP)",,,,
Nervous Brickdown,Arkedo Studio,"Eidos Interactive, Success","June 26, 2007 (NA)",,,,
Net Ghost Pipopa: Pipopa DS @ Daibouken!!!,Dimple Entertainment,Dimple Entertainment,"February 26, 2009 (JP)",,,,
Nettou! Powerful Koushien,Konami,Konami,"March 18, 2010 (JP)",,,,
Neves,Yuke's,"Atlus, Ignition Entertainment, Yuke's","November 6, 2007 (NA)",,,,
The New Adventures of Moomin: The Great Autumn Party,Yuke's,"Atlus, Gaffiti Entertainment, Yuke's","March 13, 2009 (NA)",,,,
The New Adventures of Moomin: The Mysterious Howling,Yuke's,"Atlus, Gaffiti Entertainment, Yuke's","April 30, 2008 (EU)",,,,
New Carnival Games,Cat Daddy Games,2K Play,"September 21, 2010 (NA)",,,,
New Chuugaku Eitango Target 1800 DS,IE Institute,IE Institute,"January 22, 2009 (JP)",,,,
New Eitango Target 1900 DS,IE Institute,IE Institute,"August 9, 2007 (JP)",,,,
New Horizon English Course 1,Paon Corporation,Paon Corporation,"March 22, 2012 (JP)",,,,
New Horizon English Course 2,Paon Corporation,Paon Corporation,"March 22, 2012 (JP)",,,,
New Horizon English Course 3,Paon Corporation,Paon Corporation,"March 22, 2012 (JP)",,,,
New Horizon English Course 1 DS,Paon Corporation,Paon Corporation,"April 24, 2008 (JP)",,,,
New Horizon English Course 2 DS,Paon Corporation,Paon Corporation,"April 24, 2008 (JP)",,,,
New Horizon English Course 3 DS,Paon Corporation,Paon Corporation,"April 24, 2008 (JP)",,,,
New International Track & Field,Konami,Konami,"July 22, 2008 (NA)",,,,
New Shikakui Atama o Maru Kusuru DS,IE Institute,IE Institute,"April 2, 2009 (JP)",,,,
New Super Mario Bros.,Nintendo,Nintendo,"May 15, 2006 (NA)",,,,
New Touch Party GameTouch Game PartyJP,ASK,Taito,"September 29, 2005 (JP)",,,,
New Unō Kids DS,IE Institute,IE Institute,"November 13, 2008 (JP)",,,,
The New York Times Crosswords,Budcat Creations,Majesco,"May 29, 2007 (NA)",,,,
New Zealand Story Revolution,Marvelous Entertainment,"CyberFront, Ignition Entertainment, Rising Star Games","February 2, 2007 (PAL)",,,,
"Ni Hao, Kai-Lan: New Year's Celebration",Black Lantern Studios,Take-Two Interactive,"November 3, 2009 (NA)",,,,
Ni no Kuni: Shikkoku no Madoushi,Level 5,Level 5,"December 9, 2009 (JP)",,,,
Nickelodeon Big Time Rush: Backstage Pass,THQ,THQ,"November 13, 2012 (NA)",,,,
Nickelodeon Dora Puppy,Black Lantern Studios,Take-Two Interactive,"November 3, 2009 (NA)",,,,
Nickelodeon Dora's Cooking Club,Black Lantern Studios,2K Play,"November 1, 2011 (NA)",,,,
Nickelodeon Team Umizoomi,Black Lantern Studios,Take-Two Interactive,"October 26, 2010 (NA)",,,,
Nicktoons: Attack of the Toybots,THQ,THQ,"October 23, 2007 (NA)",,,,
Nicktoons: Battle for Volcano Island,Natsume,THQ,"October 24, 2006 (NA)",,,,
Nicktoons MLB,Black Lantern Studios,2K Play,"September 13, 2011 (NA)",,,,
Nicktoons Unite!,THQ,THQ,"March 3, 2006 (PAL)",,,,
Nicola Kanshuu: Model * Oshare Audition,Infinity,Alchemist,"April 1, 2010 (JP)",,,,
Night at the Museum: Battle of the Smithsonian,Majesco Entertainment,Majesco Entertainment,"May 5, 2009 (NA)",,,,
"Nine Hours, Nine Persons, Nine Doors",Chunsoft,"Spike, Aksys Games","December 10, 2009 (JP)",,,,
Ninja Captains,In-house,Nordcurrent,"October 16, 2009 (EU)",,,,
Ninja Gaiden Dragon Sword,Team Ninja,"Tecmo, Ubisoft","March 20, 2008 (JP)",,,,
Ninja Reflex,Sanzaru Games,Electronic Arts,"March 4, 2008 (NA)",,,,
Ninjatown,Venan Entertainment,SouthPeak Games,"October 28, 2008 (NA)",,,,
Nintama Rantarou: Gakunen Taikousen Puzzle! no Dan,Russel,Russel,"September 2, 2010 (JP)",,,,
Nintama Rantarou: Nintama no Tame no Ninjutsu Training,Russel,Russel,"March 26, 2009 (JP)",,,,
Nintendogs: Best Friends,Nintendo,Nintendo,"October 24, 2005 (NA)",,,,
Nintendogs: Chihuahua and Friends,Nintendo,Nintendo,"April 21, 2005 (JP)",,,,
Nintendogs: Dachshund and Friends,Nintendo,Nintendo,"April 21, 2005 (JP)",,,,
Nintendogs: Dalmatian and Friends,Nintendo,Nintendo,"June 16, 2006 (PAL)",,,,
Nintendogs: Lab and Friends,Nintendo,Nintendo,"April 21, 2005 (JP)",,,,
Nippon Futsal League Kounin: Minna no DS Futsal,Jorudan,Jorudan,"July 24, 2008 (JP)",,,,
Nippon Golfers Kentei DS,Microvision,Dimple Entertainment,"June 18, 2009 (JP)",,,,
Nippon no Rekishi DS,IE Institute,IE Institute,"September 21, 2006 (JP)",,,,
Nippon Shuzan Renmei Kanshuu: Itsudemo Soroban DS,Suzak,Four Winds,"June 19, 2008 (JP)",,,,
Nippon Suugaku Kentei Kyoukai Kounin: Suuken DS - Otona ga Tokenai!? Kodomo no Sansuu,Rocket Company,Rocket Company,"April 24, 2008 (JP)",,,,
Nobunaga no Yabou DS 2,Koei,Koei,"July 31, 2008 (JP)",,,,
Nobunaga's Ambition DS,Koei,Koei,"April 27, 2006 (JP)",,,,
Nodame Cantabile,Namco Bandai Games,Namco Bandai Games,"April 19, 2007 (JP)",,,,
Nodame Cantabile: Tanoshii Ongaku no Jikan Desu,Namco Bandai Games,Namco Bandai Games,"February 18, 2010 (JP)",,,,
Noddy in Toyland,Uacari,Avanquest Software,"June 15, 2011 (EU)",,,,
Nora to Toki no Kōbō: Kiri no Mori no Majo,Atlus,Atlus,"July 21, 2011 (JP)",,,,
Norimono Oukoku DS: You! Unten Shichai na Yo!,Tamsoft,D3Publisher,"August 28, 2010 (JP)",,,,
Norinori Relakkuma: Hit Song Ongakusai,Rocket Company,Rocket Company,"December 2, 2010 (JP)",,,,
Nostalgia,"Matrix Software, Red Entertainment","Ignition Entertainment, Tecmo","November 6, 2008 (JP)",,,,
Nounai Aesthe: IQ Suppli DS,Art,Spike,"December 21, 2006 (JP)",,,,
Nounai Aesthe: IQ Suppli DS 2: Sukkiri King Ketteisen,Art,Spike,"November 22, 2007 (JP)",,,,
Nova Usagi no Game de Ryuugaku!? DS,Konami,Konami,"February 22, 2007 (JP)",,,,
NRL Mascot Mania,Wicked Witch Software,Tru Blu Games,"June 26, 2009 (AU)",,,,
Numpla 10000-Mon,Skonec,Success,"March 8, 2007 (JP)",,,,
Nursery ManiaReal Stories BabiesFR,Collision Studios,Zoo Games,"July 6, 2010 (NA)",,,,
Obunsha Deru-jun Chiri DS,IE Institute,IE Institute,"May 31, 2007 (JP)",,,,
Obunsha Deru-jun Kokugo DS,IE Institute,IE Institute,"May 31, 2007 (JP)",,,,
Ochaken no Daibouken: Honwaku Yumemiru Sekai Ryoukou,MTO,MTO,"December 20, 2007 (JP)",,,,
Ochaken no Daibouken 2: Yume Ippai no Omocha Hako,MTO,MTO,"December 18, 2008 (JP)",,,,
Ochaken no Heya DS,MTO,MTO,"April 27, 2006 (JP)",,,,
Ochaken no Heya DS 2,MTO,MTO,"January 18, 2007 (JP)",,,,
Ochaken no Heya DS 3,MTO,MTO,"May 22, 2008 (JP)",,,,
Ochaken no Heya DS 4,MTO,MTO,"November 26, 2009 (JP)",,,,
Odenkun: Tanoshii Oden Mura,Hudson,Hudson,"June 26, 2008 (JP)",,,,
Odoru Daisousasen The Game: Sensuikan ni Sennyuu Seyo!,Bandai Namco Games,Bandai Namco Games,"July 15, 2009 (JP)",,,,
Oekaki Puzzle Battle Vol. 1: Yuusha-Oh GaoGaiGar Version,Sunrise Interactive,Sunrise Interactive,"December 8, 2005 (JP)",,,,
Ogwangui Darin DS,Daewon Media,Daewon Media,"December 3, 2009 (JP)",,,,
Oha Star 645: Musshees no Fushigi na Nouen - Yoshimoto Geinin to Tomodachi Net,Culture Brain,Culture Brain,"November 23, 2011 (JP)",,,,
Ojaru-Maru DS: Ojaru to Okeiko Aiueo,D3Publisher,D3Publisher,"December 20, 2007 (JP)",,,,
OK! Puzzle Stars,Team 3 Games,Ubisoft,"April 30, 2009 (EU)",,,,
Okaeri! Chibi-Robo! Happy Richie Oosouji!,Skip Ltd.,Nintendo,"January 23, 2009 (JP)",,,,
Oktoberfest: The Official Game,Independent Arts,SevenOne Intermedia,"August 6, 2009 (EU)",,,,
Ōkamiden,Capcom,Capcom,"September 30, 2010 (JP)",,,,
One Piece: Gear Spirit,Matrix Software,Namco Bandai Games,"August 30, 2007 (JP)",,,,
One Piece: Gigant Battle!,Ganbarion,Bandai Namco Games,"September 9, 2010 (JP)",,,,
One Piece: Gigant Battle! 2 - New World,Ganbarion,Bandai Namco Games,"November 17, 2011 (JP)",,,,
Onegai My Melody,TDK Core,TDK Core,"December 22, 2005 (JP)",,,,
Oni Zero: Sengoku Ransei Hyakkaryouran,Shannon,Compile Heart,"August 30, 2007 (JP)",,,,
Onsei Kanjou Sokuteiki: Kokoro Scan,Sega,Sega,"August 16, 2007 (JP)",,,,
Ontamarama,Noise Factory,"Atlus, Noise Factory","June 7, 2007 (JP)",,,,
Ookami to Koushinryou,Media Works,ASCII Media Works,"June 26, 2008 (JP)",,,,
Ookami to Koushinryou: Umiowataru Kaze,Media Works,ASCII Media Works,"September 17, 2009 (JP)",,,,
Ookiku Furika Butte,Marvelous Entertainment,Marvelous Entertainment,"December 13, 2007 (JP)",,,,
Open Season,Ubisoft,Ubisoft,"September 19, 2006 (NA)",,,,
Operation: Vietnam,Coyote Console,"Eidos Interactive, Majesco Entertainment","August 20, 2007 (NA)",,,,
Orcs & Elves,"Fountainhead Entertainment, id Software",Electronic Arts,"November 13, 2007 (NA)",,,,
Ore ga Omae o Mamoru,Vingt-et-un Systems,Idea Factory,"May 21, 2009 (JP)",,,,
Ore-Sama Kingdom: Koi no Manga mo Debut o Mokushise! Doki Doki Love Lesson,Bandai Namco Games,Bandai Namco Games,"November 23, 2011 (JP)",,,,
Orient Quest,Media Art,rondomedia,"April 4, 2011 (EU)",,,,
Original Frisbee Disc Sports: Ultimate & Golf,Skyworks Technologies,Destination Software,"September 24, 2007 (NA)",,,,
Original Story from Fairy Tail: Gekitotsu! Kardia Daiseidou,AI,Hudson,"April 21, 2011 (JP)",,,,
Orla Frosnapper,Krea Medie A/S,Krea Medie A/S,2011 (EU),,,,
Oscar der Ballonfahrer,The Web Production,Tivola Publishing GmbH,"June 28, 2010 (EU)",,,,
Oshare Majo: Love and Berry,Sega,Sega,"November 22, 2006 (JP)",,,,
Oshare na Koinu DS,MTO,MTO,"September 18, 2011 (JP)",,,,
Oshare ni Koishite 2 Plus,Culture Brain,Culture Brain,"May 5, 2012 (JP)",,,,
Oshare Princess DS: Oshare ni Koishite!,Culture Brain,Culture Brain,"December 16, 2006 (JP)",,,,
Oshare Princess DS: Oshare ni Koi Shite 2,Culture Brain,Culture Brain,"April 24, 2008 (JP)",,,,
Oshiri Kajiri Mushi no Rhythm Lesson DS: Kawai Ongaku Kyoushitsu Kanshuu,Sega,Sega,"April 10, 2008 (JP)",,,,
Osu! Tatakae! Ouendan,iNiS,Nintendo,"July 28, 2005 (JP)",,,,
Othello de Othello DS,MegaHouse,MegaHouse,"June 12, 2008 (JP)",,,,
Otogi Juushi Akazukin,Tenky,Konami,"December 7, 2008 (JP)",,,,
Otometeki Koi Kakumei * Love Revo!! DS,HuneX,GungHo,"February 14, 2008 (JP)",,,,
Otona no DS Mystery: Idumi Jiken File,ScriptArts,Interchannel,"October 11, 2007 (JP)",,,,
Otona Ryoku Kentei,Konami,Konami,"March 8, 2007 (JP)",,,,
"Otoshi Deka: Keiji-San, Watashi ga Yarimashita",Beyond Interactive,Success,"September 18, 2008 (JP)",,,,
Oubunsha Deru-Jun: Koumin DS,IE Institute,IE Institute,"October 11, 2007 (JP)",,,,
Oubunsha Deru-Jun: Rekishi DS,IE Institute,IE Institute,"August 13, 2009 (JP)",,,,
Oubunsha Deru-Jun: Rika DS,IE Institute,IE Institute,"August 13, 2009 (JP)",,,,
Oubunsha Deru-Jun: Sansuu DS,IE Institute,IE Institute,"October 11, 2007 (JP)",,,,
Oui-Oui et le grand carnaval des jouets,Avanquest Software,Avanquest Software,"July 16, 2013 (EU)",,,,
Oui-Oui grande fete au pays des jouets,Avanquest Software,Avanquest Software,"August 18, 2011 (EU)",,,,
Our House,Budcat Creations,Majesco Entertainment,"September 22, 2009 (NA)",,,,
Ouran Koukou Host-Bu DS,Design Factory,Idea Factory,"March 19, 2009 (JP)",,,,
Over the Hedge,Vicarious Visions,Activision,"May 5, 2006 (NA)",,,,
Over the Hedge: Hammy Goes Nuts!,Amaze Entertainment,Activision,"October 24, 2006 (NA)",,,,
Overlord: Minions,Climax Studios,Codemasters,"June 23, 2009 (NA)",,,,
Oyaku de Asoberu DS Ehon: Ukkari Penelope,Tecmo,Tecmo,"April 24, 2008 (JP)",,,,
Pac 'n Roll,Namco,"Namco, Nintendo","July 28, 2005 (JP)",,,,
Pac-Man World 3,Blitz Games,Namco,"December 7, 2005 (NA)",,,,
Pac-Pix,Namco,Namco,"March 10, 2005 (JP)",,,,
Pachi & Slot Hisshoubon DS,Dorart,Dorart,"May 26, 2009 (JP)",,,,
Pang: Magical Michael,Mitchell Corporation,Rising Star Games,"September 17, 2010 (EU)",,,,
Panzer Tactics DS,Sproing Interactive Media,"10tacle Studios, Conspiracy Entertainment, QV Software","November 6, 2007 (NA)",,,,
Party CarnivalSimple DS Series Vol. 6: The Party GameJP,HuneX,D3Publisher,"November 23, 2005 (JP)",,,,
The Party Unou Quiz,D3 Publisher,D3 Publisher,"December 7, 2006 (JP)",,,,
Pass the Pigs,THQ,THQ,"October 20, 2008 (PAL)",,,,
Pass Your Driving Theory Test: 2010 Edition,Avanquest Software,Avanquest Software,"March 19, 2010 (EU)",,,,
Passeport de CM2 a la 6eme,Sanuk Games,Emme,"February 13, 2009 (EU)",,,,
Passeport du CE1 au CE2,Sanuk Games,Emme,"February 13, 2009 (EU)",,,,
Passeport du CE2 au CM1,Sanuk Games,Emme,"February 13, 2009 (EU)",,,,
Passeport du CM1 au CM2,Sanuk Games,Emme,"February 13, 2009 (EU)",,,,
Passeport du CP au CE1,Sanuk Games,Emme,"February 13, 2009 (EU)",,,,
Patto Tokueru: Indo Suugaku Drill,MegaHouse,MegaHouse,"February 7, 2008 (JP)",,,,
Pawly Pets: My Pet Hotel,Ubisoft,Ubisoft,"August 29, 2008 (PAL)",,,,
Pawly Pets: My Vet PracticePaws and Claws: Pet VetEU,DTP Entertainment,"ValuSoft, Ubisoft","February 2, 2007 (PAL)",,,,
Paws and Claws Pet Vet 2,ValuSoft,THQ,"August 7, 2007 (NA)",,,,
Paws and Claws Pet Vet: Australian AdventuresReal Stories Veterinaire Mission AustralieEU,DTP Entertainment,"ValuSoft, Ubisoft","August 11, 2009 (AUS)",,,,
Paws and Claws Regal Resort,Independent Arts,THQ,"July 13, 2010 (NA)",,,,
Paws and Claws: Marine Rescue,Independent Arts,THQ,"January 25, 2011 (NA)",,,,
Paws and Claws: Pampered Pets,Independent Arts,THQ,"January 5, 2009 (NA)",,,,
Paws and Claws: Pampered Pets 2,Independent Arts,THQ,"May 24, 2011 (NA)",,,,
Paws and Claws: Best Friends - Dogs & Cats,Sproing Interactive Media,PAL: Eidos InteractiveNA: THQ,"September 14, 2007 (PAL)",,,,
PDC World Championship Darts 2009,Rebellion Developments,Oxygen Games,"May 29, 2009 (EU)",,,,
Peggle: Dual Shot,Q Entertainment,PopCap Games,"February 25, 2009 (NA)",,,,
Pekin Express: La route de L'Himalaya,Mindscape,Mindscape,"January 13, 2009 (EU)",,,,
Pen 1 Grand Prix: Penguin no Mondai Special,Konami,Konami,"December 10, 2009 (JP)",,,,
Penguin no Mondai: Saikyou Penguin Densetsu!,Konami,Konami,"December 11, 2008 (JP)",,,,
Penguin no Mondai: Tenkuu no 7 Senshi,Konami,Konami,"July 23, 2009 (JP)",,,,
Penguin no Mondai: The World,Konami,Konami,"December 2, 2010 (JP)",,,,
Peppa Pig,Asylum Entertainment,Pinnacle,"November 28, 2008 (EU)",,,,
Peppa Pig: Fun and Games,P2 Games,P2 Games,"March 26, 2010 (EU)",,,,
Peppa Pig: Theme Park Fun,P2 Games,P2 Games,"March 25, 2011 (EU)",,,,
Percy Jackson & the Olympians: The Lightning Thief,Griptonite Games,Activision,"February 11, 2010 (NA)",,,,
Personal Trainer: Math,Jupiter,"Shogakukan, Nintendo","January 13, 2007 (JP)",,,,
Pet Adoption Center,Ubisoft,Ubisoft,"June 30, 2008 (NA)",,,,
Pet Alien: An Intergalactic Puzzlepalooza,Shin'en Multimedia,The Game Factory,"August 28, 2007 (NA)",,,,
Pet Pals: Animal DoctorReal Adventures:Pet Vet EU,Legacy Interactive,Majesco Entertainment,"February 7, 2008 (NA)",,,,
Pet Pals: New Leash on LifeAnimal Rescue CentreEU,Legacy Interactive,Majesco Entertainment,"October 22, 2008 (NA)",,,,
Pet Shop Monogatari DS 2,Taito,Taito,"April 1, 2010 (JP)",,,,
Pet Vet: Down UnderMy Animal Centre in AustraliaEU/AUS,Deep Silver,Deep Silver,"November 23, 2007 (EU)",,,,
Peter Jackson's King Kong: The Official Game of the Movie,Ubisoft Casablanca,Ubisoft,"November 21, 2005 (NA)",,,,
Peter Pan's Playground,Phoenix Games,Phoenix Games,"July 23, 2008 (EU)",,,,
Petit Fute - Travel and Play,Otaboo,Neko Entertainment,"May 22, 2008 (EU)",,,,
Petz Fantasy: Moonlight Magic,Ubisoft,Ubisoft,"October 5, 2010 (NA)",,,,
Petz Fantasy: Sunshine MagicPetz FantasyEU,Ubisoft,Ubisoft,"October 5, 2010 (NA)",,,,
Petz Fashion: Dogz & CatzPetz: Fashion StarsEU,Ubisoft,Ubisoft,"October 5, 2010 (NA)",,,,
Petz Rescue: Endangered Paradise,Phoenix Interactive Entertainment,Ubisoft,"November 18, 2008 (NA)",,,,
Petz Rescue: Ocean Patrol,Magic Pockets,Ubisoft,"October 11, 2008 (NA)",,,,
Petz Rescue: Wildlife Vet,"Lexis Numerique, Virtual Toys",Ubisoft,"October 11, 2008 (NA)",,,,
Petz Wild Animals: Dolphinz,Magic Pockets,Ubisoft,"October 16, 2007 (NA)",,,,
Petz Wild Animals: Tigerz,Magic Pockets,Ubisoft,"February 26, 2008 (NA)",,,,
Petz: Bunnyz,Ubisoft,"Digital Kids, Ubisoft","March 4, 2008 (NA)",,,,
Petz: Bunnyz Bunch,Ubisoft,Ubisoft,"March 8, 2011 (NA)",,,,
Petz: Catz 2,Ubisoft,Ubisoft,"November 9, 2007 (PAL)",,,,
Petz: Catz ClanMy Kitten FamilyJP,Ubisoft,Ubisoft,"November 18, 2008 (PAL)",,,,
Petz: Catz Playground,Ubisoft,Ubisoft,"October 26, 2010 (PAL)",,,,
Petz: Dogz 2,Ubisoft,Ubisoft,"October 12, 2007 (PAL)",,,,
Petz: Dogz Fashion,Ubisoft,Ubisoft,"June 17, 2008 (NA)",,,,
Petz: Dogz PackPetz: My Puppy FamilyEU,Ubisoft,Ubisoft,"November 4, 2008 (NA)",,,,
Petz: Dogz Talent Show,Ubisoft,Ubisoft,"November 17, 2009 (NA)",,,,
Petz: Dolphinz Encounter,Magic Pockets,Ubisoft,"October 27, 2010 (NA)",,,,
Petz: Hamsterz 2,Ubisoft,Ubisoft,"November 9, 2007 (PAL)",,,,
Petz: Hamsterz Superstarz,Ubisoft,Ubisoft,"November 17, 2009 (NA)",,,,
Petz: Horseshoe RanchPetz: My Horse FamilyEU,Digital Kids,Ubisoft,"January 27, 2009 (NA)",,,,
Petz: Horsez 2Horsez: Adventures on the RanchEU,Virtual Toys,Ubisoft,"November 14, 2007 (NA)",,,,
Petz: Horsez Family,Digital Kids,Ubisoft,"October 24, 2010 (NA)",,,,
Petz: Monkeyz House,Ubisoft,Ubisoft,"November 18, 2008 (NA)",,,,
Petz: Nursery,Ubisoft,Ubisoft,"November 10, 2009 (NA)",,,,
Petz: Nursery 2Petz: PlayschoolEU,Ubisoft,Ubisoft,"November 2, 2010 (NA)",,,,
Petz: Pony Beauty PageantPoney Club by Alexandra LedermannEU,Ubisoft,Ubisoft,"October 13, 2009 (NA)",,,,
Petz: Puppyz & Kittenz,Ubisoft,Ubisoft,"October 18, 2011 (NA)",,,,
Phantasy Star Zero,Sega,Sega,"December 25, 2008 (JP)",,,,
Phil Taylor's Power Play Darts,Iguana Entertainment,Funbox Media,"December 2, 2010 (NA)",,,,
Phineas and Ferb,Altron,Disney Interactive Studios,"February 3, 2009 (NA)",,,,
Phineas and Ferb: Across the 2nd Dimension,Altron,Disney Interactive Studios,"August 2, 2011 (NA)",,,,
Phineas and Ferb: Quest for Cool Stuff,Majesco,Disney Interactive Studios,"August 13, 2013 (NA)",,,,
Phineas and Ferb: Ride Again,Altron,Disney Interactive Studios,"September 14, 2010 (NA)",,,,
Phoenix Wright: Ace Attorney,Capcom,Capcom,"September 15, 2005 (JP)",,,,
Phoenix Wright: Ace Attorney − Justice for All,Capcom,Capcom,"October 26, 2006 (JP)",,,,
Phoenix Wright: Ace Attorney − Trials and Tribulations,Capcom,Capcom,"August 23, 2007 (JP)",,,,
Phonics de Minitsuku Eigo,Meister Hero,Meister Hero,"March 25, 2010 (JP)",,,,
Photo Phantasy,7Raven Studios,Zoo Games,"February 8, 2011 (EU)",,,,
Pic Pic,Success Corporation,"505 Games, Success Corporation","April 26, 2007 (JP)",,,,
Picross 3D,Nintendo,Nintendo,"March 12, 2009 (JP)",,,,
Picross DS,Jupiter,Nintendo,"January 25, 2007 (JP)",,,,
Pictionary,ImaginEngine,THQ,"November 14, 2010 (NA)",,,,
PictoImage,Sega,Sega,"September 27, 2007 (JP)",,,,
Picture Puzzle Collection: The Dutch Masters,Most Wanted Entertainment,Foreign Media,"November 26, 2010 (EU)",,,,
Pillow Pets,1st Playable Productions,GameMill Publishing,"October 25, 2011 (EU)",,,,
Pimp My Ride: Street Racing,Virtuos,Activision,"March 24, 2009 (NA)",,,,
Pinball Deluxe,Anuman Interactive,Atari SA,"February 19, 2009 (EU)",,,,
Ping Pals,WayForward Technologies,THQ,"December 8, 2004 (NA)",,,,
Pingu no Waku Waku Carnival!,Square Enix,Square Enix,"November 6, 2008 (JP)",,,,
Pinkalicious,1st Playable Productions,GameMill Publishing,"March 29, 2011 (EU)",,,,
Pipe Mania,Empire Interactive,"Atari, Empire Interactive","September 23, 2008 (NA)",,,,
Pippi Longstocking,Ravn Studio,PAN Vision,"September 28, 2009 (EU)",,,,
Pirates of the Caribbean: At World's End,Amaze Entertainment,"Disney Interactive Studios, Eurocom","May 22, 2007 (NA)",,,,
Pirates of the Caribbean: Dead Man's Chest,Griptonite Games,"Buena Vista Games, D3 Publisher","June 27, 2006 (NA)",,,,
Pirates: Duels on the High Seas,Oxygen Games,Oxygen Games,"September 12, 2008 (PAL)",,,,
Pixeline: og DrommespejletJosefine: og DroemmespeiletNORJosefiina Alkupolku: Seikkailumaa - Unelmien peiliFIN,Krea Media,Krea Media,2008 (EU),,,,
Pixeline Dansk: Kaos i KommakobingJosefine: SkolehjelpNOR,Krea Media,Krea Media,2009 (EU),,,,
Pixeline Skolehjaelp: Engelsk - Goes to LondonJosefine Skolehjelp: Engelsk - Mystery in LondonNORJosefiina Alkupolku Englannin kieli - Mysteeri LontoossaFIN,Krea Media,Krea Media,2011 (EU),,,,
Pixeline Skolehjaelp: Laer At Stave Stavning Eller KaosJosefine Skolehjelp: Laer a StaveNOR,Krea Media,Krea Media,2011 (EU),,,,
Pixeline Skolehjaelp: Matematik - Tager over TalstrupJosefine Skolehjelp: MatematikkNORJosefiina Alkupolku: Matematiikka - Sumua Lukukylaen YllaeFIN,Krea Media,Krea Media,2011 (EU),,,,
Pixeline: Hotel SkrottenborgJosefine: Hotell SkrotenborgNOR,Krea Media,Krea Media,2011 (EU),,,,
Pixeline: JungleskattenJosefine: JungelskattenNOR,Krea Media,Krea Media,2011 (EU),,,,
Pixeline: Magi i PixielandJosefine: Magi i EventyrlandNOR,Krea Media,Krea Media,2011 (EU),,,,
Piyodamari DS,Samg Games,Samg Games,"September 17, 2010 (KR)",,,,
Planet 51,Pyro Studios,Sega,"November 17, 2009 (NA)",,,,
Planet Puzzle League,Intelligent Systems,Nintendo,"April 26, 2007 (JP)",,,,
Planet Rescue: Ocean Patrol,Ubisoft,Ubisoft,"November 13, 2008 (EU)",,,,
Plants vs. Zombies,PopCap Games,PopCap Games,"January 18, 2011 (NA)",,,,
Platinum Sudoku,Gameloft,Ubisoft,"May 11, 2007 (PAL)",,,,
Playmobil Knight: Hero of the Kingdom,Morgen Studios,Dreamcatcher,"November 13, 2009 (EU)",,,,
Playmobil Top Agents,Morgen Studios,Dreamcatcher,"September 24, 2010 (EU)",,,,
Playmobil: Pirates,Dreamcatcher,Dreamcatcher,"December 17, 2009 (NA)",,,,
Plus belle la vie: Le secret du Dr Livia,Mindscape,Mindscape,"October 10, 2008 (EU)",,,,
Plus belle la vie 2: le mysterieux passe de Vincent,Mindscape,Mindscape,"October 19, 2009 (EU)",,,,
Plushees,Destineer,Destineer,"April 11, 2008 (NA)",,,,
Pocoyo Racing,SouthPeak Games,Zinkia,"September 22, 2011 (EU)",,,,
Pogo Island,EA Games,EA Games,"March 26, 2007 (NA)",,,,
Point Blank DS,Namco Bandai Games,Namco,"May 18, 2006 (JP)",,,,
Pokémon Black,Game Freak,Nintendo,"September 18, 2010 (JP)",,,,
Pokémon Black 2,Game Freak,Nintendo,"June 23, 2012 (JP)",,,,
Pokémon Card Conquest: Asobikata DS,Zener Works,The Pokemon Company,"August 5, 2011 (JP)",,,,
Pokémon Conquest,Tecmo Koei,Nintendo,"March 17, 2012 (JP)",,,,
Pokémon Dash,Ambrella,Nintendo,"December 2, 2004 (JP)",,,,
Pokémon Diamond,Game Freak,Nintendo,"September 28, 2006 (JP)",,,,
Pokémon HeartGold,Game Freak,Nintendo,"September 12, 2009 (JP)",,,,
Pokémon Mystery Dungeon: Blue Rescue Team,ChunSoft,Nintendo,"November 17, 2005 (JP)",,,,
Pokémon Mystery Dungeon: Explorers of Darkness,ChunSoft,Nintendo,"September 13, 2007 (JP)",,,,
Pokémon Mystery Dungeon: Explorers of Sky,ChunSoft,Nintendo,"April 18, 2009 (JP)",,,,
Pokémon Mystery Dungeon: Explorers of Time,ChunSoft,Nintendo,"September 13, 2007 (JP)",,,,
Pokémon Pearl,Game Freak,Nintendo,"September 28, 2006 (JP)",,,,
Pokémon Platinum,Game Freak,Nintendo,"September 13, 2008 (JP)",,,,
Pokémon Ranger,HAL Laboratory,Nintendo,"March 23, 2006 (JP)",,,,
Pokémon Ranger: Guardian Signs,Creatures,Nintendo,"March 6, 2010 (JP)",,,,
Pokémon Ranger: Shadows of Almia,HAL Laboratory,Nintendo,"March 20, 2008 (JP)",,,,
Pokémon SoulSilver,Game Freak,Nintendo,"September 12, 2009 (JP)",,,,
Pokémon Trozei!,Genius Sonority,Nintendo,"October 20, 2005 (JP)",,,,
Pokémon White,Game Freak,Nintendo,"September 18, 2010 (JP)",,,,
Pokémon White 2,Game Freak,Nintendo,"June 23, 2012 (JP)",,,,
PokerDome: Poker Master,Mad Monkey Studio,Mindscape,"March 19, 2008 (EU)",,,,
Polar Bowler,Engine Software,MumboJumbo,"October 7, 2008 (EU)",,,,
Polar Rampage,CyberPlanet Interactive,Phoenix Games,2009 (EU),,,,
Polarium,Mitchell Corporation,Nintendo,"December 2, 2004 (JP)",,,,
Pony Friends,Eidos Interactive,"Eidos Interactive, Starfish SD","May 18, 2007 (PAL)",,,,
Pony Friends 2,Tantalus Media,"Eidos Interactive, Square Enix","November 20, 2009 (PAL)",,,,
Pony Friends: Mini Breeds Edition,Eidos Interactive,Eidos Interactive,"November 3, 2008 (NA)",,,,
Pony Life,Game Life,Deep Silver,"June 30, 2009 (EU)",,,,
Pony LUV,Activision,Activision,"October 2, 2006 (NA)",,,,
Pop Cutie! Street Fashion Simulation,Koei,Koei,"April 24, 2008 (JP)",,,,
Pop TownPinky Street Kira Kira * Music NightJP,HuneX,"505 Games, Dimple Entertainment","December 20, 2007 (JP)",,,,
PopStars,Interactive Arts,SevenOne Intermedia,"August 19, 2010 (EU)",,,,
Poptropica Adventures,Ubisoft,Ubisoft,"November 6, 2012 (NA)",,,,
Populous DS,Electronic Arts,"Electronic Arts, Rising Star Games, Xseed Games","February 21, 2008 (JP)",,,,
Post Pet DS: Yumemiru Momo to Fushigi no Pen,Alphadream Corporation,Marvelous Entertainment,"December 24, 2009 (JP)",,,,
Postman Pat,Blast! Entertainment,Blast! Entertainment,"March 14, 2008 (EU)",,,,
Postman Pat Special Delivery Service,Uacari,Avanquest,"July 17, 2009 (EU)",,,,
Poupée Girl DS,Alvion,Alvion,"December 17, 2009 (JP)",,,,
Poupée Girl DS 2: Sweet Pink Style,Alvion,Alvion,"December 10, 2010 (JP)",,,,
Poupée Girl DS 2: Elegant Mint Style,Alvion,Alvion,"December 10, 2010 (JP)",,,,
Power Play Pool,System 3,"Conspiracy Entertainment, System 3","October 26, 2007 (NA)",,,,
Power Play Tennis,Codemasters,Codemasters,"February 11, 2008 (NA)",,,,
Power Pocket Koushien,Konami,Konami,"August 4, 2005 (JP)",,,,
Power Pro Kun Pocket 8,Konami,Konami,"December 1, 2005 (JP)",,,,
Power Pro Kun Pocket 9,Konami,Konami,"December 7, 2006 (JP)",,,,
Power Pro Kun Pocket 10,Konami,Konami,"December 6, 2007 (JP)",,,,
Power Pro Kun Pocket 11,Konami,Konami,"December 4, 2008 (JP)",,,,
Power Pro Kun Pocket 12,Konami,Konami,"December 3, 2009 (JP)",,,,
Power Pro Kun Pocket 13,Konami,Konami,"November 25, 2010 (JP)",,,,
Power Pro Kun Pocket 14,Konami,Konami,"December 1, 2011 (JP)",,,,
Power Quiz: Allgemeinbildung,Radon Labs,HMH Hamburger Medien Haus,"August 18, 2008 (EU)",,,,
Power Quiz: Die Sport-Edition DSF,Radon Labs,HMH Hamburger Medien Haus,"June 9, 2009 (EU)",,,,
Power Quiz: GEOlino,Radon Labs,HMH Hamburger Medien Haus,"June 9, 2009 (EU)",,,,
Power Rangers Samurai,Namco Bandai Games,Namco Bandai Games,"November 22, 2011 (NA)",,,,
Power Rangers: Super Legends,Handheld Games,Disney Interactive Studios,"October 23, 2007 (NA)",,,,
Powerbike,Tornado Studios,Majesco Entertainment,"April 24, 2009 (EU)",,,,
Powerful Golf,Konami,Konami,"March 17, 2011 (JP)",,,,
Powershot Pinball Constructor,Involgamus,Oxygen Games,"March 26, 2008 (PAL)",,,,
Practise English!Eigo ga Nigate na Otona no DS Training: Motto Eigo DukeJP,Plato,Nintendo,"March 29, 2007 (PAL)",,,,
Press Your Luck,Ubisoft,Ubisoft,"October 27, 2009 (NA)",,,,
Prey the Stars,Koei,Koei,"September 25, 2008 (JP)",,,,
The Price Is Right 2010,Ubisoft,Ubisoft,"September 22, 2009 (NA)",,,,
The Price Is Right,Ubisoft,Ubisoft,"September 9, 2008 (NA)",,,,
Prince of Persia: The Fallen King,Ubisoft,Ubisoft,"December 2, 2008 (NA)",,,,
Prince of Persia: The Forgotten Sands,Ubisoft,Ubisoft,"May 10, 2010 (NA)",,,,
The Princess and the Frog,Griptonite Games,Disney Interactive Studios,"November 17, 2009 (NA)",,,,
Princess Debut,Cave,"Cave, Natsume","May 29, 2008 (JP)",,,,
Princess In Love,Engine Software,THQ,"September 14, 2009 (NA)",,,,
Princess Isabella: A Witch's Curse,Gogii Games,Destineer,"September 3, 2010 (NA)",,,,
Princess Lillifee's Magic FairyPrinzessin Lillifee: Feenzauber,Tivola,Tivola,"August 24, 2007 (EU)",,,,
Princess Maker 4 Special Edition,CyberFront,CyberFront,"September 25, 2008 (JP)",,,,
Princess Natasha,Frame Studios Interactive,Destination Software,"October 3, 2006 (NA,PAL)",,,,
Princess on Ice,Arc System Works,"505 Games, Aksys Games, Arc System Works","April 25, 2008 (PAL)",,,,
Prism: Light the Way,Eidos Interactive,"Eidos Interactive, Interchannel","October 17, 2007 (NA)",,,,
Pro Evolution Soccer 2008,Konami,Konami,"October 25, 2007 (JP)",,,,
Pro Ninaru Mahjong DS,Affect,Success,"November 24, 2005 (JP)",,,,
Pro Wrestling Kentei DS,Plenty,Plenty,"March 25, 2010 (JP)",,,,
Pro Yakyuu Famista DS,Bandai Namco Games,Bandai Namco Games,"November 25, 2007 (JP)",,,,
Pro Yakyuu Famista DS 2009,Bandai Namco Games,Bandai Namco Games,"April 2, 2009 (JP)",,,,
Pro Yakyuu Famista DS 2010,Bandai Namco Games,Bandai Namco Games,"March 25, 2010 (JP)",,,,
Pro Yakyuu Team o Tsukurou!,Sega,Sega,"May 22, 2008 (JP)",,,,
Pro Yakyuu Team o Tsukurou! 2,Sega,Sega,"May 21, 2009 (JP)",,,,
Professional Fisherman's Tour: Northern Hemisphere,UFO Interactive Games,"505 Game Street, Starfish SD, Tommo","August 29, 2007 (NA)",,,,
Professor Brainium's Games,Bold Games,FrontLine Studios,"March 31, 2008 (NA)",,,,
Professor Heinz Wolff's Gravity,Deep Silver,Deep Silver,"November 28, 2008 (EU)",,,,
Professor Layton and the Curious Village,Level-5,"Level-5, Nintendo","February 15, 2007 (JP)",,,,
Professor Layton and the Diabolical Box,Level-5,"Level-5, Nintendo","November 29, 2007 (JP)",,,,
Professor Layton and the Last Specter,Level-5,"Level-5, Nintendo","November 26, 2009 (JP)",,,,
Professor Layton and the Unwound Future,Level-5,"Level-5, Nintendo","November 27, 2008 (JP)",,,,
The Professor's Brain Trainer: LogicShichida Shiki Training Unou Tanren Unotan DS: Shun Kan Shoubu! HandanryokuJP,HuneX,"Interchannel, 505 Games","February 9, 2007 (JP)",,,,
Project Hacker,Red Entertainment,Nintendo,"July 13, 2006 (JP)",,,,
Pucca Power Up,Rising Star Games,UFO Interactive Games,"December 9, 2010 (KR)",,,,
Puchi Eva: Evangelion @ Game,Bandai,Namco Bandai Games,"March 20, 2008 (JP)",,,,
Puchi Puchi Virus,Jaleco Entertainment,"Jaleco Entertainment, NIS America","July 5, 2007 (JP)",,,,
Puffins: Island Adventure,Other Ocean Interactive,Majesco,"June 1, 2009 (NA)",,,,
Puppy Luv: Spa & Resort,Humagade,Activision,"September 18, 2007 (NA)",,,,
Puppy Palace,Ubisoft,Ubisoft,"February 5, 2008 (NA)",,,,
Purr PalsLove Cat LiifeJP,Crave Entertainment,"Crave Entertainment, THQ","March 27, 2007 (NA)",,,,
Pururun! Shizuku-Chan Aha-* DS Drill Kokugo,Marvelous Entertainment,Marvelous Entertainment,"July 31, 2008 (JP)",,,,
Pururun! Shizuku-Chan Aha-* DS Drill Sansuu,Marvelous Entertainment,Marvelous Entertainment,"July 31, 2008 (JP)",,,,
Pururun! Shizuku-Chan Meiro no Mori no Doubutu Tachi,Marvelous Entertainment,Marvelous Entertainment,"July 12, 2007 (JP)",,,,
Puyo Pop Fever,Sonic Team,"Sega, Atlus, Ignition Entertainment","December 24, 2004 (JP)",,,,
Puyo Puyo 7,"Sonic Team, h.a.n.d.",Sega,"July 30, 2009 (JP)",,,,
Puyo Puyo! 15th Anniversary,Sonic Team,Sega,"December 14, 2006 (JP)",,,,
Puyo Puyo!! 20th Anniversary,Sonic Team,Sega,"July 14, 2011 (JP)",,,,
Puyo Puyo Fever 2,Sonic Team,Sega,"December 24, 2005 (JP)",,,,
Puzzle - Geo,Kritzelkratz,Tivola,"March 3, 2009 (EU)",,,,
Puzzle Bobble DS,Taito Corporation,Taito Corporation,"August 25, 2005 (JP)",,,,
Puzzle Chronicles,Konami,Konami,"January 28, 2010 (NA)",,,,
Puzzle City,TechFront,Destineer,"June 9, 2008 (NA)",,,,
Puzzle de Harvest Moon,Platinum Egg,Natsume,"November 6, 2007 (NA)",,,,
Puzzle Expedition,MumboJumbo,MumboJumbo,"November 9, 2010 (NA)",,,,
Puzzle Kingdoms,Infinitive Interactive,Zoo Digital Publishing,"May 5, 2009 (NA)",,,,
Puzzle Mate: Crossword Mate,Compile Heart,Compile Heart,"April 17, 2008 (JP)",,,,
Puzzle Mate: Nanpure Mate,Compile Heart,Compile Heart,"April 17, 2008 (JP)",,,,
Puzzle Mate: Oekaki Mate,Compile Heart,Compile Heart,"April 17, 2008 (JP)",,,,
Puzzle Pferdefreunde,Tivola,Tivola,"May 17, 2010 (EU)",,,,
Puzzle Quest 2,1st Playable Productions,D3 Publisher,"June 16, 2010 (PAL)",,,,
Puzzle Quest: Challenge of the Warlords,1st Playable Productions,D3 Publisher,"March 16, 2007 (PAL)",,,,
Puzzle Quest: Galactrix,Infinitive Interactive,D3 Publisher,"February 24, 2009 (NA)",,,,
Puzzle Series Vol. 1: Jigsaw Puzzle,Hudson Soft,Hudson Soft,"March 23, 2006 (JP)",,,,
Puzzle Series Vol. 2: Crossword,Hudson Soft,Hudson Soft,"March 23, 2006 (JP)",,,,
Puzzle Series Vol. 3: SudokuSudoku GridmasterNA,Hudson Soft,Hudson Soft,"March 23, 2006 (JP)",,,,
Puzzle Series Vol. 4: Kakuro,Hudson Soft,Hudson Soft,"August 10, 2006 (JP)",,,,
Puzzle Series Vol. 5: Slither Link,Hudson Soft,Hudson Soft,"November 16, 2006 (JP)",,,,
Puzzle Series Vol. 6: Illust Logic,Hudson Soft,Hudson Soft,"November 16, 2006 (JP)",,,,
Puzzle Series Vol. 7: Crossword 2,Hudson Soft,Hudson Soft,"November 16, 2006 (JP)",,,,
Puzzle Series Vol. 8: Nankuro,Hudson Soft,Hudson Soft,"December 14, 2006 (JP)",,,,
Puzzle Series Vol. 9: Sudoku 2 Deluxe,Hudson Soft,Hudson Soft,"December 21, 2006 (JP)",,,,
Puzzle Series Vol. 10: Hitori ni Shitekure,Hudson Soft,Hudson Soft,"March 8, 2007 (JP)",,,,
Puzzle Series Vol. 11: Nurikabe,Hudson Soft,Hudson Soft,"March 8, 2007 (JP)",,,,
Puzzle Series Vol. 12: Akari,Hudson Soft,Hudson Soft,"March 8, 2007 (JP)",,,,
Puzzle Series Vol. 13: Kanji Puzzle,Hudson Soft,Hudson Soft,"March 29, 2007 (JP)",,,,
Puzzle Series: Jigsaw Puzzle Koinu Mekuri Hen,Hudson Soft,Hudson Soft,"August 3, 2006 (JP)",,,,
Puzzle Series: Jigsaw Puzzle Koneko Mekuri Hen,Hudson Soft,Hudson Soft,"August 3, 2006 (JP)",,,,
Puzzle Series: Jigsaw Puzzle Oden-Kun,Hudson Soft,Hudson Soft,"October 26, 2006 (JP)",,,,
Puzzle Series: Jigsaw Puzzle Oden-Kun 2,Hudson Soft,Hudson Soft,"March 29, 2007 (JP)",,,,
Puzzle Time,Zoo Games,Zoo Games,"June 23, 2010 (NA)",,,,
Puzzle: Sightseeing,Kritzelkratz 3000,Tivola,"June 15, 2009 (EU)",,,,
Puzzle: Tierbabys,Kritzelkratz 3000,Tivola,"April 27, 2009 (EU)",,,,
Puzzle: Underwater,Kritzelkratz 3000,Tivola,"June 15, 2009 (EU)",,,,
Puzzler Brain Games,Ideas Pad,Koch Media,"April 19, 2013 (PAL)",,,,
Puzzler Collection,Route 1 Games,"Ubisoft, Zoo Digital Publishing","August 1, 2008 (PAL)",,,,
Puzzler World,Ideas Pad,Ubisoft,"September 30, 2009 (PAL)",,,,
Puzzler World 2Puzzler World 2011NA,Ideas Pad,Ubisoft,"October 15, 2009 (PAL)",,,,
Puzzler World 2012,Ideas Pad,Ubisoft,"December 16, 2011 (PAL)",,,,
Puzzler World 2013,Ideas Pad,Koch Media,"November 30, 2012 (PAL)",,,,
