3D Pocket Pool,No,—,Aardvark Software,Virgin Interactive,"March 30, 2001 (EU)",,,,No
3D Ultra Pinball: Thrillride,No,Rumble Pak,Left Field Productions,Sierra On-Line,"December 1, 2000 (NA)",,,,No
007: The World Is Not Enough,No,—,2n Productions,Electronic Arts,"September 11, 2001 (NA)September 28, 2001 (EU)",,,,No
10 Pin Bowling,No,Rumble Pak,Morning Star Multimedia,Majesco,"August 1, 1999 (NA,EU)",,,,No
1942,No,—,Digital Eclipse,Capcom,"May 1, 2000 (NA)January 1, 2001 (EU)",,,,No
720°,Yes,—,Digital Eclipse,Midway,"March 1, 1999 (NA/EU)",,,,No
Action Man: Search for Base X,No,—,Natsume,THQ,"February 6, 2001 (NA)March 9, 2001 (EU)",,,,No
The Adventures of the Smurfs,No,—,Infogrames,Infogrames,"October 11, 2001 (EU)",,,,No
AirForce Delta•Deadly Skies EU,No,—,Climax,Konami,"November 22, 2000 (JP)November 21, 2000 (NA)December 2000 (EU)",,,,No
Alfred's Adventure,No,—,Möbius Entertainment,Sales Curve Interactive,"September 1, 2000 (EU)",,,,No
Alice in Wonderland,No,—,Digital Eclipse,Nintendo,"October 4, 2000 (NA)April 20, 2001 (EU)",,,,No
Aliens: Thanatos Encounter,No,—,Crawfish Interactive,THQ,"March 30, 2001 (NA, EU)",,,,No
All-Star Baseball 2000,No,—,Realtime Associates,Acclaim Sports,"May 1, 1999 (NA/EU)",,,,No
All-Star Baseball 2001,No,—,KnowWonder,Acclaim Sports,"June 1, 2000 (NA)",,,,No
All Star Tennis 2000 •DSF All Star Tennis DE•Yannick Noah All Star Tennis FR,Yes,—,Smart Dog,Ubi Soft,"June 25, 1999 (EU)",,,,No
Alone in the Dark: The New Nightmare,No,—,Pocket Studios,Infogrames,"June 27, 2001 (NA)May 18, 2001 (EU)",,,,No
Animal Breeder 3,Yes,—,J-Wing,J-Wing,"June 24, 1999 (JP)",,,,No
Animal Breeder 4,No,—,J-Wing,J-Wing,"January 1, 2001 (JP)",,,,No
Animastar GB,No,—,Aki Corp.,Media Factory,"March 30, 2001 (JP)",,,,No
Animorphs,No,—,Runny-Fun,Ubi Soft,"November 7, 2000 (NA)December 15, 2000 (EU)",,,,No
Antz,Yes,—,CLCE & Planet,Infogrames,"September 24, 1999 (NA,EU)",,,,No
Antz Racing,No,—,RFX Interactive,Acclaim EntertainmentNAElectronic ArtsEU,"June 1, 2001 (NA)March 30, 2001 (EU)",,,,No
Antz World Sportz,No,—,M4 Limited,Light and Shadow Production,"November 30, 2001 (EU)",,,,No
AquaLife,Yes,—,Tamsoft,Tamsoft,"October 22, 1999 (JP)",,,,No
Arle no Bouken: Mahou no Jewel,Yes,—,Compile,Compile,"March 31, 2000 (JP)",,,,No
Armada: FX Racers,No,—,Metro3D,Metro3D,"August 25, 2000 (NA)",,,,No
Armorines: Project S.W.A.R.M.,No,—,Neon Software,Acclaim Entertainment,"December 1, 1999 (NA) December 3, 2000 (EU)",,,,No
Army Men,No,—,Digital Eclipse,The 3DO Company,"February 22, 2000 (NA,EU)",,,,No
Army Men 2,No,—,Digital Eclipse,The 3DO Company,"October 31, 2000 (NA)November 24, 2000 (EU)",,,,No
Army Men: Air Combat,No,—,Fluid Studios,The 3DO Company,"November 20, 2000 (NA)November 24, 2000 (EU)",,,,No
Army Men: Sarge's Heroes 2,No,—,Game Brains,The 3DO Company,"November 21, 2000 (NA)November 24, 2000 (EU)",,,,No
Arthur's Absolutely Fun Day!,No,—,Magnin & Associates,The Learning CompanyMattel Interactive,"September 7, 2000 (NA, EU)",,,,No
Astérix: Search for Dogmatix•Astérix: Auf Der Suche Nach Idefix DE,No,—,Rebellion,Infogrames,"May 31, 2000 (EU)",,,,No
Astérix & Obelix,Yes,—,Bit Managers,Infogrames,"January 1, 1999 (EU)",,,,No
Astérix & Obélix vs. Caesar•Astérix & Obélix Contre César FR,Yes,—,Cryo Interactive,Cryo Interactive,"August 1, 2000 (EU)",,,,No
Asteroids,Yes,—,Syrox Developments,Activision,"September 1, 1999 (NA/EU)",,,,No
"Austin Powers: Oh, Behave!",No,—,Tarantula Studios,Rockstar Games,"September 18, 2000 (NA)November 3, 2000 (EU)",,,,No
Austin Powers: Welcome to My Underground Lair!,No,—,Tarantula Studios,Rockstar Games,"September 18, 2000 (NA)November 3, 2000 (EU)",,,,No
Azarashi Sentai Inazuma: Doki Doki Daisakusen!?,No,—,Omega Products,Omega Products,"March 29, 2002 (JP)",,,,No
Azure Dreams•Other Life: Azure Dreams JP,Yes,—,Konami,Konami,"August 5, 1999 (JP)February 2000 (NA)2000 (EU)",,,,No
B-Daman Bakugaiden: Victory e no Michi,Yes,—,C.P. Brain,Media Factory,"January 29, 1999 (JP)",,,,No
B-Daman Bakugaiden V: Final Mega Tune,No,—,Media Factory,Media Factory,"February 4, 2000 (JP)",,,,No
Babe and Friends,Yes,—,Aqua Pacific,Crave Entertainment,"November 1, 1999 (NA, EU)",,,,No
Baby Felix: Halloween,No,—,Bit Managers,Light and Shadow Production,"December 19, 2001 (EU)",,,,No
Backgammon,Yes,—,Altron,JVC Music Europe EUAltron JP,"August 27, 1999 (JP)December 1, 2000 (EU)",,,,No
Bad Batsumaru: Robo Battle,No,—,TOSE,Imagineer,"August 10, 2001 (JP)",,,,No
Bakukyuu Renpatsu!! Super B-Daman: Gekitan! Rising Valkyrie!,Yes,—,Alpha Unit,Takara,"March 24, 2000 (JP)",,,,No
Bakusou Dekotora Densetsu GB Special: Otoko Dokyou no Tenka Touitsu,No,—,KID,KID,"July 21, 2000 (JP)",,,,No
Bakuten Shoot Beyblade,No,—,Broccoli,Hudson Soft,"July 27, 2001 (JP)",,,,No
Ballistic•Puzz Loop JP,Yes,—,Mitchell Corporation,Infogrames NACapcomJP,"March 17, 2000 (JP)November 1999 (NA)",,,,No
Balloon Fight GB,Yes,—,Pax Softonica,Nintendo,"July 31, 2000 (JP)",,,,No
Barbie: Fashion Pack Games,Yes,—,Hyperspace Cowgirls,Mattel Interactive,"September 1, 2000 (NA/EU)",,,,No
Barbie: Magic Genie Adventure,No,—,Vicarious Visions,Mattel Interactive,"November 11, 2000 (NA)",,,,No
Barbie: Ocean Discovery•Barbie: Meeres Abenteur DE•Barbie: Chasse au Trésor Sous-Marine FR•Barbie: Avventure Nell'oceano ITA•Barbie: Diepzee Avontuur NL•Barbie: Aventura Submarina SPA,Yes,—,Realtime Associates,Mattel Interactive,"May 1, 1999 (NA/EU)",,,,No
Barbie: Pet Rescue•Barbie: Pet Patrol EU,No,—,HotGen,Vivendi Universal Interactive Publishing,"August 15, 2001 (NA)December 14, 2001 (EU)",,,,No
Barcode Taisen Bardigun,Yes,—,Graphic Research,Tamsoft,"December 11, 1999 (JP)",,,,No
Bass Masters Classic,Yes,—,Natsume,THQ,"November 4, 1999 (NA)December 31, 1999 (EU)",,,,No
Batman: Chaos in Gotham,No,—,Digital Eclipse,Ubi Soft,"April 16, 2001 (NA)2001 (EU)",,,,No
Batman Beyond: Return of the Joker•Batman of the Future: Return of the Joker EU,No,—,Kemco,Ubi Soft,"November 20, 2000 (NA)December 8, 2000 (EU)",,,,No
Battleship,Yes,—,Pack-In-Video,Majesco,"January 1, 1999 (NA, EU)",,,,No
BattleTanx,No,—,Lucky Chicken Games,3DO,"March 1, 2000 (NA/EU)",,,,No
Beatmania GB,Yes,—,Konami,Konami,"March 11, 1999 (JP)",,,,No
Beatmania GB2: GotchaMix,Yes,—,Konami,Konami,"November 25, 1999 (JP)",,,,No
Beatmania GB: GotchaMix 2,No,—,Konami,Konami,"September 28, 2000 (JP)",,,,No
Benjamin Blümchen: Ein Verrückter Tag im Zoo,No,—,BVM Produktion,Kiddinx,"November 6, 2001 (EU)",,,,No
Beyblade: Fighting Tournament,No,—,Hudson Soft,Hudson Soft,"August 11, 2000 (JP)",,,,No
Bibi Blocksberg: Im Bann Der Hexenkugel,No,—,BVM Produktion,Kiddinx,"November 6, 2001 (EU)",,,,No
"Bibi und Tina: Fohlen ""Felix"" in Gefahr",No,—,BVM Produktion,Kiddinx,"August 28, 2002 (EU)",,,,No
Bikkuriman 2000: Charging Card GB,Yes,—,Imagineer,Imagineer,"June 10, 2000 (JP)",,,,No
Billy Bob's Huntin'-N-Fishin',No,—,Saffire,Midway,"November 17, 1999 (NA, EU)",,,,No
Bionic Commando: Elite Forces,No,—,Nintendo Software Technology,Nintendo,"January 24, 2000 (NA, EU)",,,,Yes
Black Bass: Lure Fishing,Yes,—,Hot-B,Majesco,"September 1, 1999 (NA/EU)",,,,No
The Black Onyx,No,—,Atelier Double,Taito,"March 2, 1999 (JP)",,,,No
Blade,No,—,HAL Laboratory,Activision,"November 20, 2000 (NA)December 8, 2000 (EU)",,,,No
Blaster Master: Enemy Below•Meta Fight EX JP,Yes,—,Sunsoft,Sunsoft,"February 24, 2000 (JP)September 24, 2000 (NA)October 27, 2000 (EU)",,,,Yes
Blue's Clues: Blue's Alphabet Book,No,—,Vicarious Visions,Mattel Interactive,"January 30, 2001 (NA)",,,,No
Boarder Zone•Supreme Snowboarding EU,No,—,Software Creations,Infogrames,"December 1, 1999 (NA/EU)",,,,No
Bob et Bobette: Les Dompteurs du Temps FR •Suske en Wiske: De Tijdtemmers BE,No,—,Engine Software,Witan Entertainment,"January 1, 2001 (EU)",,,,No
Bob the Builder: Fix It Fun!,No,—,Tiertex,BBC Multimedia EUTHQ NA,"September 1, 2001 (NA)November 10, 2000 (EU)",,,,No
Boku no Camp Jou,No,—,D-1000 Project,Naxat Soft,"September 22, 2000 (JP)",,,,No
Bomberman Max: Blue Champion•Bomberman Max: Hikari no Yuusha JP,No,—,Hudson Soft,Vatical EntertainmentHudson Soft JP,"December 17, 1999 (JP)May 14, 2000 (NA)",,,,No
Bomberman Max: Red Challenger•Bomberman Max: Yami no Senshi JP,No,—,Hudson Soft,Vatical EntertainmentHudson Soft JP,"December 17, 1999 (JP)May 14, 2000 (NA)",,,,No
Bomberman Quest,Yes,—,Hudson Soft,Electro BrainHudson Soft JPVirgin Interactive EU,"December 24, 1998 (JP)November 1999 (NA)May 1999 (EU)",,,,No
Bomberman Selection,No,—,Hudson Soft,Jupiter Corp.,"April 30, 2003 (KOR)",,,,No
Bouken! Dondoko Shima,No,—,D-1000 Project,Global A Entertainment,"April 18, 2002 (JP)",,,,No
Brave Saga Shinshou Astaria,No,—,Takara,Takara,"January 26, 2001 (JP)",,,,No
Buffy the Vampire Slayer,No,—,Game Brains,THQ,"September 25, 2000 (NA)November 10, 2000 (EU)",,,,No
Bugs Bunny: Crazy Castle 3,Yes,—,Kemco,NintendoKemco JP,"January 29, 1999 (JP, NA, EU)",,,,No
Bugs Bunny in Crazy Castle 4•Bugs Bunny et le Cháteau des Catastrophes FR,No,—,Kemco,Kemco,"April 21, 2000 (JP)July 3, 2000 (NA, EU)",,,,No
Burger Burger Pocket: Hamburger Simulation,Yes,—,Biox,Gaps Inc.,"March 26, 1999 (JP)",,,,No
Burger Paradise International,No,—,Biox,Gaps Inc.,"April 21, 2000 (JP)",,,,No
Bust-A-Move 4•Puzzle Bobble 4 JP,Yes,—,Crawfish Interactive,Club AcclaimAltron JP,"April 28, 2000 (JP)June 1999 (NA, EU)",,,,No
Bust-A-Move Millennium•Puzzle Bobble Millennium JP,No,—,"Dreams Co., Ltd.",Club AcclaimAltron JP,"December 22, 2000 (JP)October 27, 2000 (NA)November 17, 2000 (EU)",,,,No
Caesars Palace II,No,—,RuneCraft Ltd.,Interplay Entertainment,"July 1, 1999 (NA/EU)",,,,No
Cannon Fodder,No,—,Codemasters,Codemasters,"December 5, 2000 (NA)November 24, 2000 (EU)",,,,No
Cardcaptor Sakura: Itsumo Sakura-chan to Issho!,Yes,—,M²TO,M²TO,"May 15, 1999 (JP)",,,,No
Cardcaptor Sakura: Tomoeda Shougakkou Daiundoukai,No,—,M²TO,M²TO,"October 6, 2000 (JP)",,,,No
Card Hero: Trading & Battle,Yes,—,Intelligent Systems,Nintendo,"February 21, 2000 (JP)",,,,No
Carl Lewis Athletics 2000,No,—,Planet Interactive,Ubisoft,"September 15, 2000 (EU)",,,,No
Carmageddon,No,—,Aqua Pacific,Titus Software NASales Curve Interactive EU,"April 1, 2000 (NA/EU)",,,,No
Casper,No,—,G3 Interactive,Interplay Entertainment,"May 1, 2000 (NA)",,,,No
Catwoman,No,—,Kemco,Kemco,"December 1, 1999 (NA) January 1, 2000 (EU)",,,,No
Catz,No,—,Saffire,Mindscape,"December 1, 1999 (NA/EU)",,,,No
Centipede,Yes,—,Accolade,Majesco,"November 30, 1998 (NA)1998 (EU)",,,,No
Championship Motocross 2001 Featuring Ricky Carmichael,No,—,Tiertex,THQ,"October 5, 2000 (NA)",,,,No
Chase H.Q.: Secret Police•Taito Memorial: Chase H.Q. JP,Yes,—,"Dreams Co., Ltd.",Metro3D NAGaga Communications Inc. EUJorudan JP,"May 26, 2000 (JP)May 30, 2000 (NA)August 1999 (EU)",,,,No
Checkmate,Yes,—,Altron,Altron,"April 16, 1999 (JP)",,,,No
Chee-Chai Alien,No,Rumble Pak,"Creatures, Inc.","Creatures, Inc.","February 27, 2001 (JP)",,,,No
Chessmaster,Yes,—,Park Place Productions,Mindscape,"November 15, 1999 (NA, EU)",,,,No
Chi to Ase to Namida no Koukou Yakyuu,No,—,J-Wing,J-Wing,"November 3, 1999 (JP)",,,,No
Chibi Maruko-chan: Go Chounai Minna de Game Da Yo!,No,—,Epoch,Epoch,"August 10, 2001 (JP)",,,,No
Chicken Run,No,—,Blitz Games,THQ,"November 3, 2000 (NA)November 24, 2000 (EU)",,,,No
Choro Q Hyper GB,No,—,Electronics Application,Takara,"July 30, 1999 (JP)",,,,No
Chou Gals! Kotobuki Ran,No,—,Konami,Konami,"July 26, 2001 (JP)",,,,No
Chou Gals! Kotobuki Ran 2: Miracle Getting,No,—,Konami,Konami,"February 7, 2002 (JP)",,,,No
Classic Bubble Bobble•Taito Memorial: Bubble Bobble JP,Yes,—,"Dreams Co., Ltd.",Metro3D NAGaga Communications Inc. EUJorudan JP,"May 26, 2000 (JP)October 1999 (NA, EU)",,,,No
Colin McRae Rally,No,—,Spellbound Interactive,THQ,"January 1, 2001 (EU)",,,,No
Columns GB: Tezuka Ozamu Characters,Yes,—,Game Studio,Media Factory,"November 5, 1999 (JP)",,,,No
Command Master,No,Tilt sensor,Brain Dock,Enix,"November 22, 2000 (JP)",,,,No
Commander Keen,No,—,David A. Palmer Productions,Activision,"May 30, 2001 (NA)June 15, 2001 (EU)",,,,No
Conker's Pocket Tales,Yes,—,Rare,Rare,"June 8, 1999 (NA)1999 (EU)",,,,No
Cool Bricks,No,—,Freestylez,Sales Curve Interactive,"December 1, 1999 (EU)",,,,No
Croc,No,—,Virtucraft,THQ,"June 6, 2000 (NA)December 1, 2000 (EU)",,,,No
Croc 2,No,—,Natsume,THQ,"January 25, 2001 (NA)February 2, 2001 (EU)",,,,No
Cross Hunter: Monster Hunter Version,No,—,Game Village,Game Village,"April 12, 2001 (JP)",,,,No
Cross Hunter: Treasure Hunter Version,No,—,Game Village,Game Village,"April 12, 2001 (JP)",,,,No
Cross Hunter: X Hunter Version,No,—,Game Village,Game Village,"April 12, 2001 (JP)",,,,No
Cruis'n Exotica,No,—,Crawfish Interactive,Midway,"November 6, 2000 (NA)",,,,No
Crystalis,No,—,Nintendo Software Technology,Nintendo,"June 26, 2000 (NA)",,,,No
Cubix: Robots for Everyone - Race 'N Robots,No,—,Blitz Games,The 3DO Company,"November 13, 2001 (US)",,,,No
CyberTiger,No,—,Xantera,Electronic Arts,"January 1, 2000 (NA)November 10, 2000 (EU)",,,,No
Cyborg Kuro-chan: Devil Fukkatsu!!,No,—,Konami,Konami,"March 23, 2000 (JP)",,,,No
Cyborg Kuro-chan 2: White Woods no Gyakushuu,No,—,Konami,Konami,"October 19, 2000 (JP)",,,,No
Daa! Daa! Daa! Totsuzen ★ Card de Battle de Uranai!?,No,—,Video System,Video System,"December 8, 2000 (JP)",,,,No
Daffy Duck: Fowl Play•Daffy Duck: Auf Schatzsuche DE•Daffy Duck: Subette Koronde Ookanemochi JP,Yes,—,Sunsoft,Sunsoft,"January 1, 2000 (JP)December 1999 (NA)2000 (EU)",,,,No
Daikaijuu Monogatari: The Miracle of the Zone II,Yes,—,Birthday,Hudson Soft,"March 19, 1999 (JP)",,,,No
Daiku no Gen-san: Kachikachi no Tonkachi ga Kachi,Yes,—,Biox,Gaps Inc.,"April 28, 2000 (JP)",,,,No
Dance Dance Revolution GB,No,—,KCET,Konami,"August 3, 2000 (JP)",,,,No
Dance Dance Revolution GB: Disney Mix,No,—,KCET,Konami,"March 29, 2001 (JP)",,,,No
Dance Dance Revolution GB2,No,—,KCET,Konami,"November 16, 2000 (JP)",,,,No
Dance Dance Revolution GB3,No,—,KCET,Konami,"March 15, 2001 (JP)",,,,No
Dancing Furby,Yes,—,TOSE,Tomy Corporation,"December 24, 1999 (JP)",,,,No
Das Geheimnis der Happy Hippo-Insel,No,—,Kritzelkratz 3000,JoWooD Productions,"May 17, 2001 (DE)",,,,No
Data-Navi Pro Yakyuu,No,—,Now Production,Nowpro,"July 21, 2000 (JP)",,,,No
Data-Navi Pro Yakyuu 2,No,—,Now Production,Nowpro,"July 13, 2001 (JP)",,,,No
Dave Mirra Freestyle BMX,No,—,Neon Studios,Acclaim Max Sports,"November 9, 2000 (NA)December 8, 2000 (EU)",,,,No
David Beckham Soccer,No,—,Yoyo Entertainment,Rage Software,"February 8, 2002 (EU)",,,,No
David O'Leary's Total Soccer 2000,No,—,Exient Entertainment,Ubi Soft,"January 1, 2000 (EU)",,,,No
Dear Daniel no Sweet Adventure: Kitty-chan o Sagashite,Yes,—,TOSE,Imagineer,"July 19, 2000 (JP)",,,,No
Deer Hunter,No,—,Morning Star Multimedia,Vatical Entertainment,"December 22, 1999 (NA)",,,,No
Déjà Vu I&II: The Casebooks of Ace Harding •Deja Vu I&IIJP,No,—,Infinite Ventures,Vatical Entertainment NAKemco JP,"October 15, 1999 (JP)December 1999 (NA)",,,,No
Dejiko no Mahjong Party,No,—,Broccoli,King Records,"December 8, 2000 (JP)",,,,No
Denki Blocks,No,—,Denki,Rage Software,"September 1, 2001 (EU)",,,,No
Densha de Go!,No,—,Taito,CyberFront,"December 10, 1999 (JP)",,,,No
Densha de Go! 2,No,—,Taito,CyberFront,"December 8, 2000 (JP)",,,,No
Dexter's Laboratory: Robot Rampage,No,—,Altron,BAM! Entertainment,"November 23, 2000 (NA)",,,,No
Die Maus,No,—,Bit Managers,Infogrames,"January 1, 1999 (EU)",,,,No
Die Maus: Verrueckte Olympiade,No,—,Neon Studios,Infogrames,"September 26, 2001 (DE)",,,,No
Die Original Moorhuhn Jagd,No,—,Nival Interactive,Ravensburger Interactive Media,"January 1, 2000 (EU)",,,,No
Dino Breeder 3: Gaia Fukkatsu,Yes,—,J-Wing,J-Wing,"April 28, 1999 (JP)",,,,No
Dino Breeder 4,Yes,—,J-Wing,J-Wing,"April 28, 2000 (JP)",,,,No
Dinosaur'us,No,—,RFX Interactive,Electronic Arts,"February 2, 2001 (EU)",,,,No
Disney's 102 Dalmatians: Puppies to the Rescue•102 Dalmatiner DE•Les 102 Dalmatiens: à la Rescousse FR•102 Dalmatas: Cachorros Al Rescate SPA,No,—,Crystal Dynamics,Activision,"December 6, 2000 (NA)December 8, 2000 (EU)",,,,No
Disney's Aladdin,No,—,Crawfish Interactive,Ubi Soft,"November 7, 2000 (NA)November 20, 2000 (EU)",,,,No
Disney's Atlantis: The Lost Empire,No,—,Eurocom,THQ,"June 14, 2001 (NA, EU)",,,,No
Disney's Beauty and the Beast: A Board Game Adventure,Yes,—,Left Field Productions,Nintendo,"October 25, 1999 (NA)December 1999 (EU)",,,,No
Disney's Donald Duck: Goin' Quackers•Donald Duck: Quack Attack EU•Donald Duck: Daisy o Tsukue! JP,No,—,Ubi Soft Milan,Ubisoft,"December 1, 2000 (JP)October 19, 2000 (NA)October 20, 2000 (EU)",,,,No
Disney's Doug: Doug's Big Game•Doug: La Grande Aventure FR,No,—,Magellan Interactive,NewKidCo NAUbi Soft EU,"December 15, 2000 (NA)April 6, 2001 (EU)",,,,No
Disney's Pooh and Tigger's Hunny Safari,No,—,Digital Eclipse,Electronic Arts NAUbi Soft EU,"December 1, 2001 (NA)February 1, 2002 (EU)",,,,No
Disney's Tarzan,No,—,Digital Eclipse,Activision NA/EUSyscom JP,"March 24, 2000 (JP)June 24, 1999 (NA, EU)",,,,No
Disney's The Emperor's New Groove,No,—,Sandbox Interactive,Ubisoft,"December 1, 2000 (NA)March 16, 2001 (EU)",,,,No
Disney's The Lion King: Simba's Mighty Adventure•Der Koenig der Loewen: Simbas grosses Abenteuer DE•Les Roi Lion: Les Adventures de Simba FR,No,—,Torus Games,Activision,"December 1, 2000 (NA)March 9, 2001 (EU)",,,,No
Disney's The Little Mermaid II: Pinball Frenzy,No,Rumble Pak,Left Field Productions,Nintendo,"September 24, 2000 (NA)March 16, 2001 (EU)",,,,No
Disney/Pixar A Bug's Life,Yes,—,Tiertex,THQ NAActivision EU,"December 1, 1998 (NA) January 1, 1999 (EU)",,,,No
Disney/Pixar Buzz Lightyear of Star Command•Les Aventures de Buzz L'Éclair FR•Captain Buzz Lightyear: Star Command DE,No,—,Traveller's Tales,Activision,"November 7, 2000 (NA)February 16, 2001 (EU)",,,,No
"Disney/Pixar Monsters, Inc.•Die Monster AG DE",No,—,Vicarious Visions,THQ,"October 19, 2001 (NA)February 1, 2002 (EU)",,,,No
Disney/Pixar Toy Story 2,Yes,—,Tiertex,THQ NAActivision EU,"November 1, 1999 (NA) March 1, 2000 (EU)",,,,No
Disney/Pixar Toy Story Racer,No,—,Tiertex,Activision,"February 28, 2001 (NA)March 9, 2001 (EU)",,,,No
Diva Starz: Mall Mania,No,—,Digital Eclipse,Vivendi Universal Interactive Publishing,"December 3, 2001 (NA)",,,,No
Dogz,No,—,Saffire,Mindscape,"December 1, 1999 (NA) January 1, 2000 (EU)",,,,No
Dokapon?! Millennium Quest,Yes,—,Asmik Ace,Asmik Ace,"July 14, 2000 (JP)",,,,No
Doki Doki Densetsu: Mahoujin Guruguru,No,—,Tamtam,Enix,"November 17, 2000 (JP)",,,,No
Doki Doki Sasete!!,No,—,Victor Interactive Software,Victor Interactive Software,"October 26, 2001 (JP)",,,,No
Donkey Kong Country•Donkey Kong 2001 JP,No,—,Rare,Nintendo,"January 21, 2001 (JP)November 4, 2000 (NA)November 17, 2000 (EU)",,,,No
Donkey Kong GB: Dinky Kong & Dixie Kong,No,—,Rare,Nintendo,"January 28, 2000 (JP)",,,,No
Doraemon: Aruke Aruke Labyrinth,Yes,—,Epoch,Epoch,"July 23, 1999 (JP)",,,,No
Doraemon: Kimi to Pet no Monogatari,Yes,—,Epoch,Epoch,"March 16, 2001 (JP)",,,,No
Doraemon Kart 2,Yes,—,Epoch,Epoch,"March 12, 1999 (JP)",,,,No
Doraemon Memories: Nobita no Omoide Daibouken,Yes,—,Epoch,Epoch,"March 10, 2000 (JP)",,,,No
Doraemon no Quiz Boy,No,—,Shogakukan,Shogakukan,"April 28, 2000 (JP)",,,,No
Doraemon no Quiz Boy 2,No,—,Shogakukan,Shogakukan,"October 4, 2002 (JP)",,,,No
Doraemon no Study Boy: Gakushuu Kanji Game,No,—,Shogakukan,Shogakukan,"January 12, 2001 (JP)",,,,No
Doraemon no Study Boy: Kanji Yomikaki Master,No,—,Shogakukan,Shogakukan,"July 18, 2003 (JP)",,,,No
Doraemon no Study Boy: Kuku Game,No,—,Shogakukan,Shogakukan,"December 20, 2000 (JP)",,,,No
Dr. Rin ni Kiitemite!: Koi no Rin Fuusui,No,—,Will,Hudson Soft,"February 21, 2002 (JP)",,,,No
Dracula: Crazy Vampire,No,—,Planet Interactive,DreamCatcher Interactive NACryo Interactive EU,"October 9, 2001 (NA, EU)",,,,No
Dragon Ball Z: Legendary Super Warriors•Dragon Ball Z: Legendäre Superkämpfer DE•Dragon Ball Z: Les Guerriers Legendaires FR•Dragon Ball Z: I Leggendari Super Guerrieri ITA•Dragon Ball Z: Densetsu no Chou Senshi-tachi JP•Dragon Ball Z: Guerreros de Leyenda SPA,No,—,Banpresto,Infogrames NA/EUBanpresto  JP,"August 9, 2002 (JP)November 8, 2002 (NA)June 30, 2002 (EU)",,,,No
Dragon Dance•Pocket Color Block JP,Yes,—,Natsume,Crave Entertainment NA/EUBottom Up JP,"December 18, 1998 (JP)August 2000 (NA)September 30, 2000 (EU)",,,,No
Dragon Tales: Dragon Adventures,No,—,Handheld Games,NewKidCo,"November 15, 2001 (NA)",,,,No
Dragon Tales: Dragon Wings,No,—,Zed Two Limited,NewKidCo NAUbi Soft EU,"December 16, 2000 (NA, EU)",,,,No
Dragon Warrior I & II•Dragon Quest I & II JP,Yes,—,TOSE,Enix,"September 23, 1999 (JP)September 27, 2000 (NA)",,,,No
Dragon Warrior III•Dragon Quest III JP,No,—,TOSE,Enix,"December 8, 2000 (JP)July 7, 2001 (NA)",,,,No
Dragon Warrior Monsters•Dragon Quest Monsters: Terry no Wonderland JP,Yes,—,TOSE,Eidos Interactive NA/EUEnix JP,"September 25, 1998 (JP)January 25, 2000 (NA)January 2000 (EU)",,,,No
Dragon Warrior Monsters 2: Cobi's Journey•Dragon Quest Monsters 2: Malta no Fushigina Kagi - Ruka no Tabidachi JP,Yes,—,TOSE,Enix,"March 9, 2001 (JP)September 15, 2001 (NA)",,,,No
Dragon Warrior Monsters 2: Tara's Adventure•Dragon Quest Monsters 2: Malta no Fushigina Kagi - Iru no Bouken JP,Yes,—,TOSE,Enix,"March 9, 2001 (JP)September 15, 2001 (NA)",,,,No
Dragon's Lair,No,—,Digital Eclipse,Capcom,"January 15, 2001 (NA)August 24, 2001 (EU)",,,,No
Driver: You Are the Wheelman •Driver EU,No,—,Crawfish Interactive,Infogrames,"April 1, 2000 (NA)January 1, 2001 (EU)",,,,No
Dropzone,Yes,—,Awesome Developments,Acclaim Entertainment,"January 1, 1999 (EU)",,,,No
DT: Lords of Genomes,Yes,—,Game Studio,Media Factory,"May 25, 2001 (JP)",,,,No
Duke Nukem,No,—,Torus Games,GT Interactive,"September 10, 1999 (NA, EU)",,,,No
The Dukes of Hazzard: Racing for Home •The Dukes of Hazzard EU,No,—,Spellbound Interactive,SouthPeak Interactive NAUbi Soft EU,"November 7, 2000 (NA, EU)",,,,No
Dungeon Savior,Yes,—,J-Wing,J-Wing,"August 4, 2000 (JP)",,,,No
DX Jinsei Game,No,—,Takara,Takara,"April 27, 2001 (JP)",,,,No
DX Monopoly GB,Yes,—,Takara,Takara,"April 21, 2000 (JP)",,,,No
E.T. The Extra-Terrestrial and the Cosmic Garden,No,—,Zed Two Limited,NewKidCo,"March 15, 2002 (NA, EU)",,,,No
E.T. The Extra-Terrestrial: Digital Companion,No,—,Powerhead Games,NewKidCo,"October 18, 2001 (NA)March 29, 2002 (EU)",,,,No
E.T. The Extra-Terrestrial: Escape from Planet Earth•E.T. The Extra-Terrestrial: The 20th Anniversary EU,No,—,Saffire,NewKidCo NAUbi Soft EU,"November 4, 2001 (NA)2002 (EU)",,,,No
Earthworm Jim: Menace 2 the Galaxy,Yes,—,David A. Palmer Productions,Crave Entertainment,"November 16, 1999 (NA, EU)",,,,No
ECW Hardcore Revolution,No,—,Crawfish Interactive,Acclaim Entertainment,"February 1, 2000 (NA/EU)",,,,No
Elevator Action EX JP •Elevator Action EU,No,—,Altron,Taito JPTDK Mediactive EU,"September 29, 2000 (JP)2000 (EU)",,,,No
Elie no Atelier GB,Yes,—,TOSE,Imagineer,"January 8, 2000 (JP)",,,,No
ESPN International Track & Field•International Track & Field: Summer Games EU•Ganbare Nippon! Olympic 2000 JP,No,—,Konami,Konami,"July 13, 2000 (JP)October 3, 2000 (NA)September 8, 2000 (EU)",,,,No
ESPN National Hockey Night,No,—,Konami,Konami,"March 15, 2001 (NA)",,,,No
Evel Knievel,Yes,—,Tarantula Studios,Rockstar Games NATake 2 Interactive EU,"December 1, 1999 (NA) October 1, 1999 (EU)",,,,No
Extreme Ghostbusters,No,—,Magic Pockets,Light and Shadow Production,"May 30, 2001 (EU)",,,,No
Extreme Sports with the Berenstain Bears,No,—,Magnin & Associates,Sound Source Interactive,"November 1, 2000 (NA/EU)",,,,No
The F.A. Premier League Stars 2001•Bundesliga Stars 2001 DE•LNF Stars 2001 ITA,No,—,Krisalis Software,THQ,"June 29, 2001 (EU)",,,,No
F1 Championship Season 2000,No,—,Tiertex,EA Sports,"December 19, 2000 (EU)",,,,No
F1 Racing Championship,No,—,Ubisoft,Video System,"November 10, 2000 (EU)",,,,No
F-1 World Grand Prix,No,—,Video System,Video System,"October 1, 2000 (JP)2000 (EU)",,,,No
F1 World Grand Prix II,No,—,ITL,Konami NA/EU>Video System JP,"February 24, 2000 (JP)January 1, 2000 (NA, EU)",,,,No
F-18 Thunder Strike,No,—,Morning Star Multimedia,Majesco NATake 2 Interactive EU,"May 1, 2000 (NA, EU)",,,,No
Fairy Kitty no Kaiun Jiten: Yousei no Kuni no Uranai Shugyou,Yes,—,TOSE,Imagineer,"December 11, 1998 (JP)",,,,No
Ferret Monogatari: Watashi no Okini Iri,No,—,Culture Brain,Culture Brain,"April 28, 2000 (JP)",,,,No
FIFA 2000,Yes,—,Tiertex,THQ NAEA Sports EU,"November 30, 1999 (NA, EU)",,,,No
The Fish Files,No,—,7th Sense,Microids,"November 29, 2001 (NA)November 30, 2001 (EU)",,,,No
Fisher Price Rescue Heroes Fire Frenzy,No,—,Engine Software,Mattel Interactive,"November 7, 2000 (NA)",,,,No
Fix & Foxi - Episode 1: Lupo,No,—,Similis,Ravensburger Interactive Media,"November 1, 2000 (EU)",,,,No
The Flintstones: Burgertime in Bedrock•Familie Feuerstein: Burgertime in Bedrock DE,No,—,Conspiracy Entertainment,Classified Games NASwing! Entertainment Media AG DE,"May 30, 2001 (NA)",,,,No
Flipper and Lopaka,No,—,Planet Interactive,Ubisoft,"March 16, 2001 (EU)",,,,No
Force 21,No,—,The Code Monkeys,Red Storm Entertainment,"December 1, 2000 (NA)",,,,No
Formula One 2000,No,—,Tarantula Studios,Take 2 Interactive,"December 18, 2000 (NA)",,,,No
Fort Boyard,No,—,Microids,Microids,"November 9, 2001 (EU)",,,,No
Frogger,Yes,—,Morning Star Multimedia,Majesco,"December 31, 1998 (NA)1997 (EU)",,,,No
Frogger 2,No,—,Game Titan,Hasbro Interactive,"September 23, 2000 (NA)",,,,No
From TV Animation One Piece: Yume no Luffy Kaizokudan Tanjou!,Yes,—,Alpha Unit,Banpresto,"April 27, 2001 (JP)",,,,No
From TV Animation One Piece: Maboroshi no Grand Line Boukenki!,Yes,—,Alpha Unit,Banpresto,"June 28, 2002 (JP)",,,,No
Front Row,No,—,KID,KID,"October 1, 1999 (JP)",,,,No
Fushigi no Dungeon: Fuurai no Shiren GB2: Sabaku no Majou,No,—,ChunSoft,ChunSoft,"July 27, 2001 (JP)",,,,No
Gaia Master Duel: Card Attackers,No,—,,Capcom,"June 29, 2001 (JP)",,,,No
Gakkyuu Ou Yamazaki,Yes,—,,Koei,"May 29, 1999 (JP)",,,,No
Gakuen Battle Fishers: Yoky Shiimono wa Tsure,No,—,Konami,Konami,"March 30, 2000 (JP)",,,,No
Galaga: Destination Earth,No,—,Pipe Dream Interactive,Hasbro Interactive,"September 25, 2000 (NA)",,,,No
Game Boy Wars 2,Yes,—,Hudson,Hudson,"November 20, 1998 (JP)",,,,No
Game Boy Wars 3,No,—,Hudson,Hudson,"August 30, 2001 (JP)",,,,No
Game Conveni 21,Yes,—,,Starfish,"May 19, 2000 (JP)",,,,No
Game & Watch Gallery 2•Game Boy Gallery 3 AU,Yes,—,TOSE,Nintendo,"November 20, 1998 (NA, EU)",,,,Yes
Game & Watch Gallery 3•Game Boy Gallery 3 JP•Game Boy Gallery 4 AU,Yes,—,TOSE,Nintendo,"April 8, 1999 (JP)December 6, 1999 (NA)February 1, 2000 (EU)",,,,Yes
Ganbare Goemon: Mononoke Dōchū Tobidase Nabe-Bugyō!,Yes,—,Konami,Konami,"December 16, 1999 (JP)",,,,No
Ganbare Goemon: Seikūshi Dynamites Arawaru!!,No,—,Konami,Konami,"December 21, 2000 (JP)",,,,No
Ganbare Goemon: Tengu-tou no Gyakushuu!,Yes,—,TOSE,Konami,"January 14, 1999 (JP)",,,,No
GB Harobots,No,—,Sunrise Interactive,Sunrise Interactive,"December 1, 2000 (JP)",,,,No
Gensoumaden Saiyuuki: Sabaku no Shikami,No,—,,J-Wing,"March 23, 2001 (JP)",,,,No
Gessou! Dangun Racer Onsoku Buster: Dangun Tama,No,—,,Imagineer,"October 12, 2001 (JP)",,,,No
Get Mushi Club: Minna no Konchuu Daizukan,Yes,Rumble Pak,Jaleco Entertainment,Jaleco Entertainment,"August 13, 1999 (JP)",,,,No
Gex: Enter the Gecko,Yes,—,David A. Palmer Productions,Crave Entertainment NAInterplay Entertainment EU,"December 1, 1998 (NA, EU)",,,,No
Gex 3: Deep Pocket Gecko•Gex 3: Deep Cover Gecko EU,No,—,David A. Palmer Productions,Eidos Interactive,"November 15, 1999 (NA)2000 (EU)",,,,No
Ghosts 'n Goblins,Yes,—,Digital Eclipse,Capcom,"January 1, 2000 (NA)August 24, 2001 (EU)",,,,No
Gift•Gifty DE,No,—,Cryo Interactive,Cryo Interactive,"August 31, 2001 (EU)",,,,No
Gobs of Games•Games Frenzy EU,No,—,2N Productions,The 3DO Company,"September 1, 2000 (NA, EU)",,,,No
Godzilla: The Series,Yes,—,Crawfish Interactive,Crave Entertainment,"December 1, 1999 (NA)March 1, 2000 (EU)",,,,No
Godzilla: The Series - Monster Wars,No,—,Crawfish Interactive,Crave Entertainment,"November 20, 2000 (NA, EU)",,,,No
Gold and Glory: The Road to El Dorado,No,—,Planet Interactive,Ubi Soft,"April 30, 2000 (NA)August 4, 2000 (EU)",,,,No
Golf Daisuki,Yes,—,KID,KID,"October 29, 1999 (JP)",,,,No
Golf Ou: The King of Golf,Yes,—,Digital Kids,Digital Kids,"July 16, 1999 (JP)",,,,No
Gonta no Okiraku Daibouken,No,—,,Lay-Up,"September 29, 2000 (JP)",,,,No
Goraku Ou Tango!,Yes,—,,J-Wing,"February 11, 2000 (JP)",,,,No
Grandia: Parallel Trippers,No,—,Game Arts,Hudson,"December 22, 2000 (JP)",,,,No
Grand Theft Auto,Yes,—,Tarantula Studios,Rockstar Games,"November 22, 1999 (NA)October 1, 1999 (EU)",,,,No
Grand Theft Auto 2,No,—,Tarantula Studios,Rockstar Games,"December 1, 2000 (NA)November 10, 2000 (EU)",,,,No
Gran Duel: Shinki Dungeon no Hihou,No,—,Studio VeX,Bottom Up,"December 10, 1999 (JP)",,,,No
The Great Battle POCKET,Yes,—,Alpha Unit,Banpresto,"December 3, 1999 (JP)",,,,No
Gremlins: Unleashed!,No,—,Planet Interactive,Light and Shadow Production,"September 23, 2001 (EU)",,,,No
The Grinch,No,—,Konami,Konami,"November 22, 2000 (JP)November 24, 2000 (NA, EU)",,,,No
Guruguru Garakutas,Yes,—,Multimedia Intelligence Transfer,Atlus,"September 10, 1999 (JP)",,,,No
Guruguru Town Hanamaru-kun,No,—,,J-Wing,"April 27, 2001 (JP)",,,,No
Gute Zeiten Schlechte Zeiten Quiz,No,—,Software 2000,Software 2000,"May 1, 2000 (DE)",,,,No
Gyouten Ningen Batseelor: Doctor Guy no Yabou,No,—,,Konami,"November 1, 2001 (JP)",,,,No
Halloween Racer,No,—,Visual Impact,Microids,"January 1, 1999 (EU)",,,,No
Hamster Club,Yes,—,Nekogumi,Jorudan,"October 29, 1999 (JP)",,,,No
Hamster Club 2,Yes,—,Nekogumi,Jorudan,"December 15, 2000 (JP)",,,,No
Hamster Club: Awasete Chuu,No,—,Nekogumi,Jorudan,"September 22, 2000 (JP)",,,,No
Hamster Club: Oshiema Chuu,No,—,Nekogumi,Jorudan,"September 21, 2001 (JP)",,,,No
Hamster Monogatari GB + Magi Ham Mahou no Shoujo,No,—,,Culture Brain,"August 9, 2002 (JP)",,,,No
Hamster Paradise,Yes,—,Shimada Kikaku,Atlus,"February 26, 1999 (JP)",,,,No
Hamster Paradise 2,No,—,Digital Kids,Atlus,"March 17, 2000 (JP)",,,,No
Hamster Paradise 3,No,—,Digital Kids,Atlus,"December 15, 2000 (JP)",,,,No
Hamster Paradise 4,No,—,Digital Kids,Atlus,"September 28, 2001 (JP)",,,,No
Hamtaro: Tomodachi Daisakusen Dechu,No,—,Pax Softonica,Nintendo,"September 8, 2000 (JP)",,,,No
Hamtaro: Ham-Hams Unite!•Tottoko Hamtaro 2: Hamchans Daishuugou Dechu JP,No,—,Pax Softonica,Nintendo,"April 21, 2001 (JP)October 28, 2002 (NA)January 10, 2003 (EU)",,,,No
Hanasaka Tenshi Tenten-kun no Beat Breaker,Yes,—,ITL,Konami,"April 28, 1999 (JP)",,,,No
Hana Yori Dango: Another Love Story,No,—,,TDK Core,"July 27, 2001 (JP)",,,,No
Hands of Time,No,—,Mirage,Titus Software,"October 2, 2001 (NA)June 29, 2001 (EU)",,,,No
Harley-Davidson: Race Across America,No,—,Running Dog Software,WizardWorks,"December 22, 2000 (NA)",,,,No
Harry Potter and the Chamber of Secrets,No,—,Griptonite Games,Electronic Arts,"November 5, 2002 (NA)November 15, 2002 (EU)",,,,No
Harry Potter and the Philosopher's Stone•Harry Potter to Kenja no Ishi JP,No,—,Griptonite Games,Electronic Arts NA/EUEA Victor JP,"December 1, 2001 (JP)November 15, 2001 (NA)November 16, 2001 (EU)",,,,No
Harvest Moon GBC•Harvest Moon GB EU,Yes,—,TOSE,Natsume NANintendo EU,"November 1, 1999 (NA)1999 (EU)",,,,Yes
Harvest Moon 2 GBC•Bokujo Monogatari 2 GB JP,Yes,—,Victor Interactive Software,Victor Interactive Software JPNatsume NAUbisoft EU,"August 6, 1999 (JP)November 7, 2000 (NA)March 30, 2001 (EU)",,,,Yes
Harvest Moon 3 GBC•Bokujo Monogatari GB3: Boy Meets Girl JP,No,—,Victor Interactive Software,Victor Interactive Software JPNatsume NA,"September 29, 2000 (JP)November 14, 2001 (NA)",,,,Yes
Hello Kitty's Cube Frenzy,Yes,—,Torus Games,NewKidCo,"December 28, 1999 (NA)March 30, 2001 (EU)",,,,No
Hello Kitty no Beads Koubou,Yes,—,,Imagineer,"July 17, 1999 (JP)",,,,No
Hello Kitty no Happy House,No,—,,MTO,"March 2, 2002 (JP)",,,,No
Hello Kitty no Magical Museum,Yes,—,Atelier Double,Imagineer,"April 28, 1999 (JP)",,,,No
Hello Kitty no Sweet Adventure: Daniel-kun ni Aitai,Yes,—,TOSE,Imagineer,"July 19, 2000 (JP)",,,,No
Hello Kitty to Dear Daniel no Dream Adventure,No,—,TOSE,Imagineer,"April 14, 2001 (JP)",,,,No
Hercules: The Legendary Journeys,No,—,Titus Software,Titus Software,"April 1, 2002 (NA)September 14, 2001 (EU)",,,,No
Heroes of Might and Magic,No,—,KnowWonder,The 3DO Company,"April 29, 2000 (NA)October 20, 2000 (EU)",,,,No
Heroes of Might and Magic II,No,—,KnowWonder,The 3DO Company,"December 1, 2000 (NA)March 16, 2001 (EU)",,,,No
Hero Hero-kun,No,—,TOSE,Imagineer,"February 9, 2001 (JP)",,,,No
Hexcite: The Shapes of Victory•Global HexCite JP,Yes,—,Landwarf,Ubi Soft NA/EUNEC Interchannel JP,"October 21, 1998 (JP)January 10, 1999 (NA, EU)",,,,No
Hiryuu no Ken Retsuden GB,No,—,,Culture Brain,"December 22, 2000 (JP)",,,,No
Hissatsu Pachinko Boy: CR Monster House,No,—,,Sunsoft,"March 31, 2000 (JP)",,,,No
Hole in One Golf•Golf de Oha Suta JP,Yes,Rumble Pak,Natsume,Epoch JPNatsume NA,"April 23, 1999 (JP)August 30, 1999 (NA)",,,,No
Hollywood Pinball,Yes,—,Tarantula Studios,Take-Two Interactive EUStarfish JP,"December 23, 1999 (JP)1999 (EU)",,,,No
Honkaku 4 Ninda Mahjong: Mahjong Ou,Yes,—,Warashi,Warashi,"February 19, 1999 (JP)",,,,No
Honkaku Hanafuda GB,No,—,,Altron,"February 24, 2000 (JP)",,,,No
Honkaku Shougi: Shougi Ou,Yes,—,Warashi,Warashi,"November 13, 1998 (JP)",,,,No
Honkaku Taisen Shougi Ayumu,Yes,—,,Culture Brain,"February 18, 2000 (JP)",,,,No
Hot Wheels: Stunt Track Driver,Yes,—,Lucky Chicken Games,Mattel Interactive,"January 1, 2000 (NA)June 1, 2000 (EU)",,,,No
Hoyle Card Games,No,—,Sandbox Interactive,Sierra On-Line,"December 1, 2000 (NA)",,,,No
Hoyle Casino,No,—,Pulsar Interactive,Sierra On-Line,"October 24, 2000 (NA)",,,,No
Hugo 2½,Yes,—,Bit Managers,Infogrames,"January 1, 1999 (DE)",,,,Yes
Hugo: Black Diamond Fever,No,—,ITE Media,ITE Media,"December 7, 2001 (EU)",,,,No
Hugo: The Evil Mirror,No,—,ITE Media,ITE Media,"May 2, 2002 (EU)",,,,No
Hunter X Hunter: Hunter no Keifu,No,—,Konami,Konami,"June 15, 2000 (JP)",,,,No
Hunter X Hunter: Kindan no Hihou,No,—,ITL,Konami,"April 12, 2001 (JP)",,,,No
Hype: The Time Quest,No,—,Planet Interactive,Ubi Soft,"September 15, 2000 (EU)",,,,No
Ide Yosuke no Mahjong Kyoushitsu GB,No,—,,Athena,"June 30, 2000 (JP)",,,,No
Indiana Jones and the Infernal Machine,No,—,HotGen,THQ,"March 22, 2001 (NA)May 4, 2001 (EU)",,,,No
Inspector Gadget: Operation Madkactus,No,—,RFX Interactive,Ubi Soft,"March 1, 2001 (NA)December 1, 2000 (EU)",,,,No
International Karate 2000,No,—,Studio 3,Studio 3,"November 24, 2000 (EU)",,,,No
International Rally•Cross Country Racing EU•It's a World Rally JP,Yes,—,Konami,Konami,"May 13, 1999 (JP)September 1, 2000 (NA, EU)",,,,No
International Superstar Soccer '99•World Soccer GB2 JP,Yes,—,Konami,Konami,"June 24, 1999 (JP)January 1, 2000 (NA)May 15, 1999 (EU)",,,,No
International Superstar Soccer 2000•World Soccer GB 2000 JP,No,—,Konami,Konami,"July 6, 2000 (JP)December 1, 2000 (NA)September 15, 2000 (EU)",,,,No
International Track & Field•Hyper Olympic Track & Field GB JP,Yes,—,Konami,Konami,"July 1, 1999 (JP)January 19, 2000 (NA)November 1, 1999 (EU)",,,,No
Itsudemo Pachinko GB: CR Monster House,No,—,Graphic Research,Tamsoft,"July 4, 2000 (JP)",,,,No
Jagainu-kun,No,—,Pack-In-Video,Victor Interactive Software,"March 24, 2000 (JP)",,,,No
Jankyuusei: Cosplay ★ Paradise,No,—,,élf,"April 27, 2001 (JP)",,,,No
Janosch: Das grosse Panama-Spiel,No,—,NEON Software GmbH,Infogrames,"January 1, 1999 (DE)",,,,No
Jaguar Mishin Sashi Senyou Soft: Mario Family,No,Jaguar's JN-100/JN-2000 sewing machines,Natsume,Jaguar,"August 27, 2001 (JP)",,,,No
Jeff Gordon XS Racing,Yes,—,Natsume,ASC Games,"November 11, 1999 (NA)",,,,No
Jeremy McGrath Supercross 2000,No,—,M4 Entertainment,Acclaim Sports,"April 6, 2000 (NA)November 24, 2000 (EU)",,,,No
Jet de Go!: Let's go by Airliner,No,—,,Altron,"October 27, 2000 (JP)",,,,No
Jim Henson's Bear in the Big Blue House,No,—,Ubi Soft,Ubi Soft,"March 21, 2002 (NA)2001 (EU)",,,,No
Jim Henson's Muppets,No,—,Tarantula Studios,Take 2 Interactive,"April 1, 2000 (NA)March 1, 2000 (EU)",,,,No
Jimmy White's Cue Ball,No,—,Vicarious Visions,Vatical Entertainment,"December 22, 2000 (EU)",,,,No
Jinsei Game: Tomedachi Takusan Tsukurouyo!,Yes,—,Alpha Unit,Takara,"April 23, 1999 (JP)",,,,No
Jissen ni Yakudatsu Tsumego,No,—,Pony Canyon,Pony Canyon,"August 11, 2000 (JP)",,,,No
J.League Excite Stage GB,No,—,Art,Epoch,"August 13, 1999 (JP)",,,,No
J.League Excite Stage Tactics,No,—,,Epoch,"July 20, 2001 (JP)",,,,No
Jisedai Begoma Battle Beyblade,No,—,Rokumendo,Hudson,"July 23, 1999 (JP)",,,,No
John Romero's Daikatana,No,—,"Will Co., Ltd.",Kemco,"May 1, 2001 (JP)Cancelled (NA)September 29, 2000 (EU)",,,,No
Joryuu Janshi ni Chousen GB: Watashitachi ni Chousen Shitene,Yes,—,,Culture Brain,"December 17, 1999 (JP)",,,,No
JumpStart: Dino Adventure Field Trip,No,—,Digital Illusions,Knowledge Adventure,"October 18, 2001 (NA)",,,,No
The Jungle Book: Mowgli's Wild Adventure,No,—,Ubisoft,Ubisoft,"November 20, 2000 (NA)December 1, 2000 (EU)",,,,No
Juukou Senki Bullet Battlers,Yes,—,KCEK,Konami,"October 21, 1999 (JP)",,,,No
Kaijin Zona,Yes,—,Vistec,Nintendo,"October 21, 2000 (JP)",,,,No
Kaitei Densetsu!! Treasure World,Yes,—,Nexus Interact,Dazz,"August 11, 2000 (JP)",,,,No
Kakurenbo Battle Monster Tactics,No,—,,Nintendo,"November 21, 2000 (JP)",,,,No
Kakutou Ryouri Densetsu Bistro Recipe: Gekitou ★ Foodon Battle Hen,Yes,—,Red 5 Software,Banpresto,"October 8, 1999 (JP)",,,,No
Kakutou Ryouri Densetsu Bistro Recipe: Kettou ★ Bistgarm Hen,Yes,—,Red 5 Software,Banpresto,"December 10, 1999 (JP)",,,,No
Kandume Monsters Parfait,Yes,—,Airsystem Tokyo,Starfish,"June 4, 1999 (JP)",,,,No
Kanji Boy,Yes,—,,J-Wing,"June 3, 1999 (JP)",,,,No
Kanji Boy 2,Yes,—,,J-Wing,"June 30, 2000 (JP)",,,,No
Kanji Boy 3,No,—,J-Wing,J-Wing,"June 5, 2003 (JP)",,,,No
Kanji de Puzzle,Yes,—,,MTO,"April 28, 2000 (JP)",,,,No
Käpt'n Blaubär: Die Verrückte Schatzsuche,No,—,Shin'en,Ravensburger Interactive Media,"January 10, 2001 (DE)",,,,No
Karamuchou wa Oosawagi!: Okawari!,Yes,—,Starfish,Starfish,"August 1, 2000 (JP)",,,,No
Karamuchou wa Oosawagi!: Porinkiis to Okashina Nakamatachi,Yes,—,Starfish,Starfish,"December 11, 1998 (JP)",,,,No
Karan Koron Gakuen: Hanafuda Mahjong,No,—,,J-Wing,"July 28, 2000 (JP)",,,,No
Kaseki Sousei Reborn II: Monster Digger,Yes,—,Starfish,Starfish,"February 12, 1999 (JP)",,,,No
Katou Ichi-Ni-San Kudan: Shougi Kyoushitsu,Yes,—,,Culture Brain,"April 9, 2000 (JP)",,,,No
Kawaii Pet Shop Monogatari,Yes,—,,Taito,"September 23, 1999 (JP)",,,,No
Kawaii Pet Shop Monogatari 2,Yes,—,Taito,Taito,"December 22, 2000 (JP)",,,,No
Keep the Balance,No,—,Karma Studios,JoWooD Productions,"November 2, 2001 (EU)",,,,No
Keibajou he Gyoukou! Wide,Yes,—,,Hect,"April 28, 2000 (JP)",,,,No
Keitai Denju Telefang: Power Version,Yes,—,Natsume,Smilesoft,"November 3, 2000 (JP)",,,,No
Keitai Denju Telefang: Speed Version,Yes,—,Natsume,Smilesoft,"November 3, 2000 (JP)",,,,No
Kelly Club: Clubhouse Fun•Shelly Club EU,No,—,Vicarious Visions,Vivendi Universal Games,"October 31, 2001 (NA, EU)",,,,No
Ken Griffey Jr.'s Slugfest,No,—,Software Creations,Nintendo,"June 1, 1999 (NA)",,,,No
Ketto Transformers Beast Wars: Beast Senshi Saikyo Ketteisen,Yes,—,Transformer Production Company Inc.,Takara,"March 19, 1999 (JP)",,,,No
Kidou Senkan Nadesico: Ruri Ruri Mahjong,No,—,Studio Saizensen,King Records,"December 24, 1999 (JP)",,,,No
Kindaichi Shounen no Jikenbo: 10nenme no Shoutaijou,Yes,—,Aspect,Banpresto,"December 16, 2000 (JP)",,,,No
Kinniku Banzuke GB: Chousensha wa Kimida!,Yes,—,KCE Sapporo,Konami,"November 25, 1999 (JP)",,,,No
Kinniku Banzuke GB2: Mezase! Muscle Champion,Yes,—,,Konami,"August 10, 2000 (JP)",,,,No
Kinniku Banzuke GB3: Shinseiki Survival Retsuden!,No,—,,Konami,"February 22, 2001 (JP)",,,,No
Kirby Tilt 'n' Tumble•Koro Koro Kirby JP,No,Tilt sensor,HAL Laboratory,Nintendo NAGradiente SA,"April 11, 2001 (NA, JP)",,,,No
Kirikou,No,—,Planet Interactive,Wanadoo Edition,"November 16, 2001 (EU)",,,,No
Kisekae Series 2: Oshare Nikki,No,—,,Victor Interactive Software,"March 23, 2001 (JP)",,,,No
Kisekae Series 3: Kisekae Hamster,No,—,Kouyousha,Victor Interactive Software,"December 21, 2001 (JP)",,,,No
Klax,No,—,Digital Eclipse,Midway,"April 1, 1999 (NA)",,,,No
Klustar,Yes,—,Rebellion,Infogrames,"July 1, 1999 (NA, EU)",,,,No
Knockout Kings,No,—,Digital Eclipse,EA Sports,"December 7, 1999 (NA)",,,,No
K.O.: The Pro Boxing,No,—,,Altron,"August 11, 2000 (JP)",,,,No
Koguru Guruguru: Guruguru to Nakayoshi,Yes,—,,Sting,"July 1, 2001 (JP)(Nintendo Power only)",,,,No
Konami GB Collection Vol.1,Yes,—,Konami,Konami,"January 1, 2000 (EU)",,,,No
Konami GB Collection Vol.2,Yes,—,Konami,Konami,"January 1, 2000 (EU)",,,,No
Konami GB Collection Vol.3,Yes,—,Konami,Konami,"May 1, 2000 (EU)",,,,No
Konami GB Collection Vol.4,Yes,—,Konami,Konami,"May 1, 2000 (EU)",,,,No
Konchuu Fighters,No,—,Digital Kids,Digital Kids,"July 26, 2002 (JP)",,,,No
Konchuu Hakase 2,Yes,—,J-Wing,J-Wing,"July 23, 1999 (JP)",,,,No
Konchuu Hakase 3,No,—,,J-Wing,"July 27, 2001 (JP)",,,,No
Koushien Pocket,Yes,—,Magical Company (Mahou),Magical Company (Mahou),"March 12, 1999 (JP)",,,,No
Koto Battle: Tengai no Moribito,No,—,AlphaDream,Alphastar,"March 9, 2001 (JP)",,,,Yes
KRTL: Jay und Die Spielzeugdiebe,No,—,Eclipse Entertainment,THQ,"June 30, 2000 (DE)",,,,No
The Land Before Time,No,—,Eclipse Entertainment,Conspiracy Entertainment,"July 14, 2001 (NA)June 29, 2001 (EU)",,,,No
Las Vegas Cool Hand•Cool Hand EU,Yes,—,Tarantula Studios,Take 2 Interactive,"December 1, 1998 (NA, EU)",,,,No
Laura,No,—,Planet Interactive,Ubi Soft,"December 6, 2000 (NA)December 8, 2000 (EU)",,,,No
Legend of the River King GBC•Legend of the River King GB EU,Yes,—,TOSE,Natsume,"November 23, 1999 (NA)December 14, 2000 (EU)",,,,Yes
Legend of the River King 2•Kawa no Nushi Tsuri 4 JP,Yes,Rumble Pak (JP only),Victor Interactive Software,Victor Interactive Software JPNatsume NAUbisoft EU,"July 16, 1999 (JP)April 17, 2001 (NA)March 30, 2001 (EU)",,,,Yes
The Legend of Zelda: Link's Awakening DX•Zelda no Densetsu: Yume o Miru Shima JP,Yes,—,Nintendo,Nintendo,"December 12, 1998 (JP)December 15, 1998 (NA)January 1, 1999 (EU)",,,,Yes
The Legend of Zelda: Oracle of Ages•Zelda no Densetsu: Fushigi no Ki no Mi JP,No,GBA Special Features,Flagship,Nintendo,"February 27, 2001 (JP)May 14, 2001 (NA)October 5, 2001 (EU)",,,,Yes
The Legend of Zelda: Oracle of Seasons•Zelda no Densetsu: Fushigi no Ki no Mi - Daichi no Shou JP,No,GBA Special Features,Flagship,Nintendo,"February 27, 2001 (JP)May 14, 2001 (NA)October 5, 2001 (EU)",,,,Yes
Lego Alpha Team,No,—,Climax Studios,Lego Media,"November 1, 2000 (NA, EU)",,,,No
Lego Island 2: The Brickster's Revenge,No,—,Crawfish Interactive,Lego Media,"March 30, 2001 (NA, EU)",,,,No
Lego Racers,No,—,Climax Studios,Lego Media,"December 29, 2000 (NA, EU)",,,,No
Lego Stunt Rally,No,—,Graphic State Games,Lego Media,"December 29, 2000 (NA, EU)",,,,No
Lemmings & Oh No! More Lemmings•Lemmings VS JP,No,—,J-Wing,Take 2 Interactive NAJ-Wing JP,"April 7, 2000 (JP)December 1, 2000 (NA)",,,,No
Les Visiteurs,Yes,—,Gaumont Multimedia,Ubi Soft,"November 26, 1999 (EU)",,,,No
Lil' Monster•Gem Gem Monster JP,Yes,—,KID,Agetec NAKID JP,"July 30, 1999 (JP)August 1, 2000 (NA)",,,,No
Little Magic,No,—,Altron,Altron,"November 26, 1999 (JP)",,,,No
Little Nicky,No,—,Digital Eclipse,Ubisoft,"December 1, 2000 (NA)",,,,No
Lode Runner: Domudomu Dan no Yabou,Yes,—,,XING Entertainment,"April 28, 2000 (JP)",,,,No
Lodoss Tou Senki: Eiyuu Kishiden GB,Yes,—,Tomy,Tomy,"December 11, 1998 (JP)",,,,No
Logical,No,—,Conspiracy Entertainment,Sunsoft NATHQ EU,"April 1, 1999 (NA, EU)",,,,No
Looney Tunes,Yes,—,Sunsoft,Sunsoft,"September 1, 1999 (NA, EU)",,,,No
Looney Tunes: Carrot Crazy•Bugs Bunny & Lola Bunny: Operation Carrot Patch EU,Yes,—,Bit Managers,Infogrames,"January 1, 1999 (NA)1998 (EU)",,,,No
Looney Tunes: Marvin Strikes Back!•Looney Tunes Collector: Martian Revenge! EU,No,—,Infogrames,Infogrames,"November 23, 2000 (NA, EU)",,,,No
Looney Tunes: Twouble!•Sylvester & Tweety: Breakfast on the Run EU,Yes,—,Bit Managers,Infogrames,"December 1, 1998 (NA, EU)",,,,No
Looney Tunes Collector: Alert!•Looney Tunes Collector: Martian Alert! EU•Looney Tunes Collector: Martian Quest! JP,No,—,Infogrames,Infogrames NA/EUSyscom JP,"December 14, 2001 (JP)June 24, 2000 (NA, EU)",,,,No
Looney Tunes Racing,No,—,Xantera,Infogrames,"December 1, 2000 (NA)",,,,No
Love Hina Party,No,—,,Marvelous Entertainment,"January 26, 2001 (JP)",,,,No
Love Hina Pocket,No,—,,Marvelous Entertainment,"August 4, 2000 (JP)",,,,No
Luca no Puzzle de Daibouken!,Yes,—,,Human Entertainment,"June 11, 1999 (JP)",,,,No
Lucky Luke,No,—,Infogrames,Infogrames,"July 9, 1999 (NA)May 1, 1999 (EU)",,,,No
Lucky Luke: Desperado Train,No,—,Infogrames,Infogrames,"January 1, 2000 (EU)",,,,No
Lufia: The Legend Returns•Estpolis Denki: Yomigaeru Densetsu JP,No,—,Neverland,Natsume NATaito JPUbisoft EU,"September 7, 2001 (JP)September 20, 2001 (NA)October 23, 2001 (EU)",,,,No
M&M's Mini Madness,No,—,Pipe Dream Interactive,Majesco NAJoWooD Productions EU,"December 8, 2000 (NA)September 7, 2001 (EU)",,,,No
Macross 7: Ginga no Heart o Furuwasero!!,No,—,Aisystem Tokyo,Epoch,"March 17, 2000 (JP)",,,,No
Madden NFL 2000,Yes,—,Tiertex,THQ NAEA Sports EU,"November 1, 1999 (NA)August 1, 1999 (EU)",,,,No
Madden NFL 2001,No,—,3d6 Games,EA Sports,"November 13, 2000 (NA)",,,,No
Madden NFL 2002,No,—,3d6 Games,EA Sports,"September 1, 2001 (NA)",,,,No
Magi Nation,No,—,Interactive Imagination,Interactive Imagination,"March 15, 2001 (NA)",,,,No
Magical Chase GB: Minarai Mahoutsukai Kenja no Tani e,No,—,,Micro Cabin,"August 4, 2000 (JP)",,,,No
Magical Drop,No,—,Conspiracy Entertainment,Classified Games NASwing! Entertainment AG DE,"October 18, 2000 (NA)",,,,No
Magical Tetris Challenge•Tetris Adventure: Susume Mickey to Nakamatachi JP,No,—,Capcom,Capcom NAActivision EU,"November 12, 1999 (JP)February 17, 2000 (NA)March 24, 2000 (EU)",,,,No
Mahjong Joou,Yes,—,,Warashi,"April 28, 2000 (JP)",,,,No
Mahjong Quest,Yes,—,J-Wing,J-Wing,"December 23, 1998 (JP)",,,,No
Majokko Mari-chan no Kisekae Monogatari,Yes,—,,Pack-In-Video,"September 10, 1999 (JP)",,,,No
Marble Madness,No,—,Digital Eclipse,Midway,"December 1, 1999 (NA)March 13, 2000 (EU)",,,,No
Marie no Atelier GB,Yes,—,TOSE,Imagineer,"January 8, 2000 (JP)",,,,No
Mario Golf•Mario Golf GB JP,No,—,Camelot Software Planning,Nintendo,"August 10, 1999 (JP)October 5, 1999 (NA)October 26, 1999 (EU)",,,,Yes
Mario Tennis•Mario Tennis GB JP,No,—,Camelot Software Planning,Nintendo,"November 1, 2000 (JP)January 16, 2001 (NA)February 2, 2001 (EU)",,,,Yes
Mary-Kate & Ashley: Crush Course,No,—,Crawfish Interactive,Club Acclaim,"November 1, 2001 (NA, EU)",,,,No
Mary-Kate & Ashley: Get a Clue!,Yes,—,Crawfish Interactive,Club Acclaim,"June 1, 2000 (NA, EU)",,,,No
Mary-Kate & Ashley: Pocket Planner,Yes,—,Powerhead Games,Club Acclaim,"November 29, 2000 (NA)March 2, 2001 (EU)",,,,No
Mary-Kate & Ashley: Winners Circle,No,—,M4 Limited,Club Acclaim,"March 2, 2001 (NA)May 25, 2001 (EU)",,,,No
The Mask of Zorro,No,—,Saffire,Sunsoft NAUbi Soft EU,"January 14, 2000 (NA, EU)",,,,No
Mat Hoffman's Pro BMX,No,—,HotGen,Activision,"May 14, 2001 (NA)June 15, 2001 (EU)",,,,No
Matchbox Caterpillar Construction Zone,Yes,—,Realtime Associates,Mattel Interactive,"January 1, 2000 (NA/EU)",,,,No
Matchbox Emergency Patrol,No,—,Lucky Chicken Games,THQ,"June 1, 2001 (NA, DE)",,,,No
Maya the Bee & Her Friends•Die Biene Maja & Ihre Freunde DE,Yes,—,Crawfish Interactive,Acclaim Entertainment,"January 1, 1999 (EU)",,,,No
Maya the Bee: Garden Adventures•Die Biene Maja: Auf Der Klatschmohnwiese DE,No,—,Neon Software,Acclaim Entertainment,"November 17, 2000 (EU)",,,,No
McDonald's Monogatari: Honobono Tenchou Ikusei Game,No,—,,TDK Core,"July 20, 2001 (JP)",,,,No
Medarot 2: Kabuto Version,Yes,—,Natsume,Imagineer,"July 23, 1999 (JP)",,,,No
Medarot 2: Kuwagata Version,Yes,—,Natsume,Imagineer,"July 23, 1999 (JP)",,,,No
Medarot 2: Parts Collection,Yes,—,,Imagineer,"October 29, 1999 (JP)",,,,No
Medarot 3: Kabuto Version,No,—,Natsume,Imagineer,"July 23, 2000 (JP)",,,,No
Medarot 3: Kuwagata Version,No,—,Natsume,Imagineer,"July 23, 2000 (JP)",,,,No
Medarot 3: Parts Collection,No,—,Natsume,Imagineer,"November 24, 2000 (JP)",,,,No
Medarot 4: Kabuto Version,No,—,Natsume,Imagineer,"March 23, 2001 (JP)",,,,No
Medarot 4: Kuwagata Version,No,—,Natsume,Imagineer,"March 23, 2001 (JP)",,,,No
Medarot 5 - Susutake Mura no Tenkousei: Kabuto Version,No,—,,Imagineer,"December 14, 2001 (JP)",,,,No
Medarot 5 - Susutake Mura no Tenkousei: Kuwagata Version,No,—,,Imagineer,"December 14, 2001 (JP)",,,,No
Medarot Card Robottle: Kabuto Version,Yes,—,TOSE,Imagineer,"March 10, 2000 (JP)",,,,No
Medarot Card Robottle: Kuwagata Version,Yes,—,TOSE,Imagineer,"March 10, 2000 (JP)",,,,No
Mega Man Xtreme•Rockman X: Cyber Mission JP,Yes,—,Capcom,Capcom,"October 20, 2000 (JP)January 11, 2001 (NA)August 24, 2001 (EU)",,,,Yes
Mega Man Xtreme 2•Rockman X: Soul Eraser JP,No,—,Capcom,Capcom,"June 19, 2001 (JP)October 30, 2001 (NA)February 8, 2002 (EU)",,,,Yes
Megami Tensei Gaiden: Last Bible II,Yes,—,Multimedia Intelligence Transfer,Atlus,"April 16, 1999 (JP)",,,,Yes
Meitantei Conan: Karakuri Jiin Satsujin Jiken,Yes,—,Alpha Unit,Banpresto,"February 24, 2000 (JP)",,,,No
Meitantei Conan: Kigantou Hihou Densetsu,Yes,—,Alpha Unit,Banpresto,"March 31, 2000 (JP)",,,,No
Meitantei Conan: Norowareta Kouro,Yes,—,Alpha Unit,Banpresto,"June 1, 2001 (JP)",,,,No
Men in Black: The Series,Yes,—,Tiertex,Crave Entertainment,"December 1, 1998 (NA)",,,,No
Men in Black 2: The Series,No,—,David A. Palmer Productions,Crave Entertainment,"July 9, 2000 (NA, EU)",,,,No
Merlin,No,—,RFX Interactive,Electronic Arts,"February 2, 2001 (EU)",,,,No
Metal Gear Solid NA•Metal Gear: Ghost Babel JP,No,—,TOSE,Konami,"April 27, 2000 (JP)April 24, 2000 (NA)May 1, 2000 (EU)",,,,No
Metal Walker NA•Bakusou Senki Metal Walker GB: Kotetsu no Yuujou JP,Yes,—,TOSE,Capcom,"December 24, 1999 (JP)February 6, 2001 (NA)",,,,No
Metamode,No,—,,Koei,"February 24, 2000 (JP)",,,,No
Mia Hamm Soccer Shootout NA•Telefoot Soccer 2000 EU•European Super League EU,No,—,Aqua Pacific,SouthPeak Interactive NAUbi Soft EU,"October 27, 2000 (NA)March 1, 2001 (EU)",,,,No
Mickey's Racing Adventure,No,—,Rare,Nintendo,"November 22, 1999 (NA)November 25, 1999 (EU)",,,,No
Mickey's Speedway USA,No,—,Rare,Nintendo,"March 25, 2001 (NA)March 23, 2001 (EU)",,,,No
Micro Machines 1 and 2: Twin Turbo,No,—,Virtucraft,THQ,"January 1, 2000 (NA, EU)",,,,No
Micro Machines V3,No,—,Novalicious,THQ,"November 13, 2000 (NA)November 24, 2000 (EU)",,,,No
Micro Maniacs,No,—,Hyperion Studios,THQ,"November 2, 2001 (EU)",,,,No
Microsoft: The 6-in-1 Puzzle Collection Entertainment Pack,No,—,Conspiracy Entertainment,Classified Games NAConspiracy Entertainment EU,"October 24, 2000 (NA, EU)",,,,No
Microsoft: The Best of Entertainment Pack,No,—,Saffire,Classified Games NACryo Interactive EU,"June 1, 2001 (NA)August 31, 2001 (EU)",,,,No
Microsoft Pinball Arcade,No,—,Saffire,Classified Games NACryo Interactive EU,"May 1, 2001 (NA, EU)",,,,No
Midway Presents Arcade Hits: Joust / Defender,Yes,—,Digital Eclipse,Midway,"March 1, 1999 (NA)April 1, 1999 (EU)",,,,No
Midway Presents Arcade Hits: Moon Patrol / Spy Hunter,Yes,—,Digital Eclipse,Midway,"May 1, 1999 (NA, EU)",,,,No
Millennium Winter Sports•Hyper Olympic Winter 2000 JP•Konami Winter Games EU,No,—,Konami,Konami,"January 27, 2000 (JP)April 1, 2000 (NA)2000 (EU)",,,,No
Minna no Shougi: Shokyuu Hen,Yes,—,,MTO,"December 10, 1999 (JP)",,,,No
Minnie & Friends: Yume no Kuni wo Sagashite,No,—,Hudson,Hudson,"December 13, 2001 (JP)",,,,No
Missile Command,No,Rumble Pak,The Code Monkeys,Hasbro Interactive,"September 1, 1999 (NA, EU)",,,,No
Mission: Impossible,No,—,Rebellion,Infogrames,"February 22, 2000 (NA)August 1, 2000 (EU)",,,,No
Mizuki Shigeru no Shin Youkaiden,No,—,,Prime System,"July 27, 2001 (JP)",,,,No
Mobile Golf,No,Mobile Adapter GB,Camelot Software Planning,Nintendo,"May 11, 2001 (JP)",,,,No
Momotarou Densetsu 1-2,No,—,TamTam,Hudson,"January 1, 2001 (JP)",,,,No
Monkey Puncher•Saru Puncher JP,Yes,—,Atelier Double,Event Evolution Entertainment EUTaito JP,"March 24, 2000 (JP)December 1, 2000 (EU)",,,,No
Monopoly,Yes,—,Sculptured Software,Majesco NAHasbro Interactive JP,"December 11, 1998 (JP)May 1, 1999 (NA)",,,,No
Monster Rancher Battle Card GB•Monster Farm Battle Card GB JP,Yes,—,Graphic Research,Tecmo,"December 24, 1999 (JP)April 1, 2000 (NA)",,,,No
Monster ★ Race 2,Yes,—,Koei,Koei,"March 12, 1999 (JP)",,,,No
Monster Rancher Explorer•Solomon JP,No,—,Graphic Research,Tecmo,"September 29, 2000 (JP)October 30, 2000 (NA)",,,,No
Monster Traveler,No,—,,Taito,"March 8, 2002 (JP)",,,,No
Montezuma's Return,Yes,—,Tarantula Studios,Take 2 Interactive,"December 1, 1998 (NA, EU)",,,,No
Moomin's Tale•Mumin no Daibouken JP,No,—,Pixel (company),Sunsoft,"June 30, 2000 (JP)December 1, 2000 (EU)",,,,No
Moorhuhn 2: Die Jagd Geht Weiter,No,—,Similis,Ravensburger Interactive Media,"April 6, 2001 (DE)",,,,No
Moorhuhn 3: ...Es Gibt Huhn!,No,—,Similis,Ubi Soft,"July 11, 2002 (EU)",,,,No
Mortal Kombat 4,Yes,—,Digital Eclipse,Midway Games,"December 1, 1998 (NA)April 1, 1999 (EU)",,,,No
Motocross Maniacs 2•Crazy Bikers EU,No,—,Konami,Konami,"September 14, 1999 (NA)September 10, 1999 (EU)",,,,No
Mr. Driller,No,—,Namco,Namco NA/JPVirgin Interactive EU,"June 29, 2000 (JP)August 2, 2000 (NA, EU)",,,,No
Mr. Nutz,No,—,Planet Interactive,Infogrames,"December 1, 1999 (NA, EU)",,,,No
Ms. Pac-Man: Special Color Edition•Ms. Pac-Man: Special Colour Edition EU,Yes,—,Namco,Namco NAAcclaim Entertainment EU,"November 1, 1999 (NA[11])1999 (EU)",,,,No
MTV Sports: Pure Ride,No,—,Visual Impact,THQ,"December 6, 2000 (NA, EU)",,,,No
MTV Sports: Skateboarding featuring Andy Macdonald,No,—,Yellowbelly Corporation,THQ,"August 28, 2000 (NA)December 17, 2000 (EU)",,,,No
MTV Sports: T.J. Lavin's Ultimate BMX,No,—,Handheld Games,THQ,"December 15, 2000 (NA)December 8, 2000 (EU)",,,,No
The Mummy•Hamunaptra: Ushinawareta Sabaku no Miyako JP,No,—,Konami,Konami,"November 30, 2000 (JP)December 15, 2000 (NA, EU)",,,,No
The Mummy Returns,No,—,Game Brains,Universal Interactive,"April 26, 2001 (NA)May 18, 2001 (EU)",,,,No
Muteki Ou Tri-Zenon,No,—,,Marvelous Entertainment,"March 9, 2001 (JP)",,,,No
Nakayoshi Cooking Series 1: Oishii Cake Okusan,No,—,,MTO,"December 15, 2000 (JP)",,,,No
Nakayoshi Cooking Series 2: Oishii Panya-San,No,—,,MTO,"April 20, 2001 (JP)",,,,No
Nakayoshi Cooking Series 3: Tanoshii Obentou,No,—,,MTO,"June 29, 2001 (JP)",,,,No
Nakayoshi Cooking Series 4: Tanoshii Dessert,No,—,,MTO,"November 16, 2001 (JP)",,,,No
Nakayoshi Cooking Series 5: Komugi-Chan no Cake o Tsukurou!,No,—,,MTO,"April 5, 2002 (JP)",,,,No
Nakayoshi Pet Series 1: Kawaii Hamster,Yes,—,,MTO,"January 28, 2000 (JP)",,,,No
Nakayoshi Pet Series 2: Kawaii Usagi,Yes,—,,MTO,"March 24, 2000 (JP)",,,,No
Nakayoshi Pet Series 3: Kawaii Koinu,No,—,,MTO,"August 11, 2000 (JP)",,,,No
Nakayoshi Pet Series 4: Kawaii Koneko,No,—,,MTO,"February 16, 2001 (JP)",,,,No
Nakayoshi Pet Series 5: Kawaii Hamster 2,No,—,,MTO,"April 27, 2001 (JP)",,,,No
NASCAR 2000,No,—,Software Creations,EA Sports,"July 1, 2000 (NA)",,,,No
NASCAR Challenge,No,Rumble Pak,Morning Star Multimedia,Hasbro Interactive,"December 1, 1999 (NA)",,,,No
NASCAR Heat,No,—,Game Titan,Hasbro Interactive,"December 1, 2000 (NA)",,,,No
NASCAR Racers,No,—,Digital Eclipse,Hasbro Interactive,"December 1, 2000 (NA)",,,,No
The Nations: Land of Legends,No,—,Neon Software,JoWooD Productions,"February 8, 2002 (EU)",,,,No
NBA 3 on 3 featuring Kobe Bryant,Yes,—,Left Field Productions,Nintendo,"December 7, 1999 (NA)",,,,No
NBA Hoopz,No,—,Torus Games,Midway,"February 25, 2001 (NA)",,,,No
NBA in the Zone•NBA Pro '99 EU,Yes,—,Konami,Konami,"May 1, 1999 (NA)June 1, 1999 (EU)",,,,No
NBA in the Zone 2000,No,—,Konami,Konami,"April 27, 2000 (NA)September 29, 2000 (EU)",,,,No
NBA Jam '99,Yes,—,Torus Games,Acclaim Sports,"April 1, 1999 (NA)1998 (EU)",,,,No
NBA Jam 2001,No,—,dc Studios,Acclaim Sports,"December 1, 2000 (NA, EU)",,,,No
NBA Showtime: NBA on NBC,No,—,Torus Games,Midway Games,"January 1, 2000 (NA)",,,,No
Net de Get: Mini-Game @ 100,No,—,Konami,Konami,"July 12, 2001 (JP)",,,,No
Network Boukenki Bug Site: Alpha Version,No,—,KAZe,Smile Soft,"November 2, 2001 (JP)",,,,No
Network Boukenki Bug Site: Beta Version,No,—,KAZe,Smile Soft,"November 2, 2001 (JP)",,,,No
The New Addams Family Series,No,—,7th Sense,Microids,"February 8, 2002 (EU)",,,,No
The New Adventures of Mary-Kate & Ashley,Yes,—,Crawfish Interactive,Club Acclaim,"December 1, 1999 (NA)November 16, 2001 (EU)",,,,No
NFL Blitz,Yes,—,Digital Eclipse,Midway Games,"December 1, 1998 (NA, EU)",,,,No
NFL Blitz 2000,No,—,Digital Eclipse,Midway Games,"December 8, 1999 (NA)",,,,No
NFL Blitz 2001,No,—,Morning Star Multimedia,Midway Games,"September 12, 2000 (NA)",,,,No
NHL 2000,Yes,—,Tiertex,THQ NAEA Sports EU,"February 1, 2000 (NA)August 1, 1999 (EU)",,,,No
NHL Blades of Steel,No,—,Climax Studios,Konami,"July 6, 1999 (NA)",,,,No
NHL Blades of Steel 2000,No,—,Climax Studios,Konami,"April 21, 2000 (NA)",,,,No
Nicktoons Racing,No,—,Pipe Dream Interactive,Hasbro Interactive,"December 7, 2000 (NA)",,,,No
Nintama Rantarou: Ninjutsu Gakuen ni Nyuugakushou no Dan,No,—,Polygon Magic,ASK,"March 23, 2001 (JP)",,,,No
Nisemon: Puzzle da Mon! - Feromon Kyuushutsu Daisakusen!,No,—,Prime System,Prime System,"August 10, 2001 (JP)",,,,No
Nobunaga no Yabou: GameBoy Ban 2,Yes,—,Koei,Koei,"April 9, 1999 (JP)",,,,No
No Fear Downhill Mountain Biking,No,—,Spellbound Interactive,THQ,"November 2, 2001 (EU)",,,,No
Noddy and the Birthday Party,No,—,Tiertex Design Studios,BBC Multimedia,"December 31, 2000 (EU)",,,,No
NSYNC: Get to the Show,No,—,Stunt Puppy Entertainment,Infogrames,"December 12, 2001 (NA)",,,,No
Nushi Tsuri Adventure: Kite no Bouken,No,—,TOSE,Victor Interactive Software,"August 4, 2000 (JP)",,,,No
NYR: New York Race,No,—,Kalisto,Wanadoo Edition,"November 16, 2001 (EU)",,,,No
Oddworld Adventures 2,Yes,—,Saffire,GT Interactive NAInfogrames EU,"January 1, 2000 (NA)June 1, 2000 (EU)",,,,No
Ohasuta Dance Dance Revolution GB,No,—,Now Production,Konami,"February 8, 2001 (JP)",,,,No
Ohasuta Yama-chan & Raymond,Yes,—,Epoch,Epoch,"March 12, 1999 (JP)",,,,No
Oide Rascal,No,—,Agatsuma Entertainment,Tamsoft,"April 25, 2001 (JP)",,,,No
Ojarumaru: Mitsunegai Jinja no Ennichi de Ojaru!,Yes,—,,MTO,"June 30, 2000 (JP)",,,,No
Ojarumaru: Tsukiyo ga Ike no Takaramono,Yes,—,,Success,"July 14, 2000 (JP)",,,,No
O'Leary Manager 2000•Barca Total 2000 SP•Co Adriaanse Football Manager NL•DSF Fußball Manager 2000 DE•Guy Roux Manager 2000 FR,No,—,Live Media,Ubi Soft,"September 15, 2000 (EU)",,,,No
Othello Millennium,Yes,—,Tomcat System,Tsukuda Original,"October 8, 1999 (JP)",,,,No
Ottifanten: Kommando Stoertebeker,No,—,Kritzelkratz,JoWooD Entertainment AG,"January 1, 2001 (DE)",,,,No
Ou Dorobou Jing: Angel Version,Yes,—,C.P. Brain,Nippon Computer Systems Corp.,"March 12, 1999 (JP)",,,,No
Ou Dorobou Jing: Devil Version,Yes,—,C.P. Brain,Nippon Computer Systems Corp.,"March 12, 1999 (JP)",,,,No
Owarai Yowiko no Game-dou: Oyaji Sagashite Sanchoume,Yes,—,KCEK,Konami,"December 25, 1999 (JP)",,,,No
Pac-Man: Special Color Edition•Pac-Man: Special Colour Edition EU,Yes,—,Namco,Namco NAAcclaim Entertainment EU,"August 1, 1999 (NA, EU)",,,,No
Pachinko CR Mouretsu Genjin T,Yes,—,,Hect,"June 4, 1999 (JP)",,,,No
Pachinko Hisshou Guide: Data no Ou-sama,Yes,—,,BOSS Comunication,"December 22, 1999 (JP)",,,,No
Pachi Pachi Pachi-Slot: New Pulsar Hen,Yes,—,,Starfish,"April 28, 1999 (JP)",,,,No
Paperboy,No,—,Digital Eclipse,Midway Games,"March 1, 1999 (NA, EU)",,,,No
Papyrus,No,—,Planet Interactive,Ubi Soft,"February 1, 2000 (EU)",,,,No
Perfect Choro Q,No,—,Electronics Application,Takara,"August 11, 2000 (JP)",,,,No
Perfect Dark,No,Rumble Pak,Rare,Rare,"August 28, 2000 (NA)August 1, 2000 (EU)",,,,No
Pia Carrot e Youkoso!! 2.2,No,—,TOSE,NEC Interchannel,"December 2, 2000 (JP)",,,,No
Pitfall: Beyond the Jungle NA/EU•Pitfall GB JP,Yes,—,David A. Palmer Productions,Crave Entertainment NAInterplay Entertainment EUPony Canyon JP,"May 28, 1999 (JP)December 1, 1998 (NA)1999 (EU)",,,,No
Planet of the Apes,No,—,Torus Games,Ubi Soft,"December 6, 2001 (NA)November 23, 2001 (EU)",,,,No
Player Manager 2001•Anpfiff: Der RTL Fussball-Manager DE,No,—,G3 Interactive,THQ,"September 21, 2001 (EU)",,,,No
Pocket Billiard: Funk The 9 Ball,No,—,Sun-Tec,Tamsoft,"February 19, 2000 (JP)",,,,No
Pocket Bomberman,Yes,—,Hudson Soft,Nintendo,"December 14, 1998 (NA) January 1, 1999 (EU)",,,,No
Pocket Bowling,Yes,—,Athena,Jaleco NAAthena JP,"October 23, 1998 (JP)August 15, 1999 (NA)",,,,No
Pocket Cooking,No,—,,J-Wing,"August 24, 2001 (JP)",,,,No
Pocket Color Billiard,No,—,,Bottom Up,"December 24, 1999 (JP)",,,,No
Pocket Color Mahjong,Yes,—,,Bottom Up,"December 22, 1999 (JP)",,,,No
Pocket Color Trump,Yes,—,,Bottom Up,"December 22, 1999 (JP)",,,,No
Pocket Densha 2,Yes,—,Coconuts Japan,Coconuts Japan,"October 30, 1998 (JP)",,,,No
Pocket Family GB2,No,—,Hudson,Hudson,"August 6, 1999 (JP)",,,,No
Pocket GI Stable,Yes,No,KCEN,Konami,"April 28, 1999 (JP)",,,,No
Pocket Hanafuda,No,—,,Bottom Up,"June 11, 1999 (JP)",,,,No
Pocket King,Yes,—,,Namco,"February 23, 2001 (JP)",,,,No
Pocket Lure Boy,No,—,Kaga Tech,King Records,"July 23, 1999 (JP)",,,,No
Pocket Music,No,—,Jester Interactive,Rage Software,"February 22, 2002 (EU)",,,,No
Pocket Pro Wrestling: Perfect Wrestler,No,—,Dream Japan,J-Wing,"March 17, 2000 (JP)",,,,No
Pocket Pro Yakyuu,No,—,Pixel,Epoch,"March 10, 2000 (JP)",,,,No
Pocket Puyo Puyo SUN,Yes,—,Compile,Compile,"November 27, 1998 (JP)",,,,No
Pocket Puyo Puyo~n,No,—,Compile,Compile,"September 22, 2000 (JP)",,,,No
Pocket Racing•Pocket GT JP,No,—,MTO,Virgin Interactive,"October 15, 1999 (JP)2000 (EU)",,,,No
Pocket Soccer,No,—,Game-Play Studios,Nintendo,"March 16, 2001 (EU)",,,,No
Pokémon Card GB2,No,—,Hudson,The Pokémon Company,"March 28, 2001 (JP)",,,,No
Pokémon Crystal Version,No,—,Game Freak,Nintendo,"December 14, 2000 (JP)July 29, 2001 (NA)November 2, 2001 (EU)",,,,Yes
Pokémon Gold Version,Yes,—,Game Freak,Nintendo,"November 21, 1999 (JP)October 14, 2000 (NA)April 6, 2001 (EU)",,,,Yes
Pokémon Pinball,Yes,Rumble Pak,Jupiter Corporation,Nintendo,"April 14, 1999 (JP)June 28, 1999 (NA)October 6, 2000 (EU)",,,,No
Pokémon Puzzle Challenge •Pokémon de Panepon JP,No,—,Intelligent Systems,Nintendo,"September 21, 2000 (JP)September 1, 2000 (NA)June 8, 2001 (EU)",,,,No
Pokémon Silver Version,Yes,—,Game Freak,Nintendo,"November 21, 1999 (JP)October 14, 2000 (NA)April 6, 2001 (EU)",,,,Yes
Pokémon Trading Card Game•Pokémon Card GB JP,Yes,—,Hudson Soft,Nintendo,"December 18, 1998 (JP)April 10, 2000 (NA)December 8, 2000 (EU)",,,,Yes
Polaris SnoCross•SnoCross EU,No,Rumble Pak,Vicarious Visions,Vatical Entertainment NAWanadoo EU,"February 1, 2000 (NA)November 16, 2001 (EU)",,,,No
Pong: The Next Level,No,—,Morning Star Multimedia,Hasbro Interactive,"December 1, 1999 (NA)2000 (EU)",,,,No
Pop'n Music GB,No,—,Konami,Konami,"March 30, 2000 (JP)",,,,No
Pop'n Music GB: Animation Melody,No,—,Konami,Konami,"September 7, 2000 (JP)",,,,No
Pop'n Music GB: Disney Tunes,No,—,Konami,Konami,"November 22, 2000 (JP)",,,,No
Pop'n Pop,No,—,ITL,JVC Music Europe EUJorudan JP,"February 16, 2001 (JP)2001 (EU)",,,,No
Portal Runner,No,—,Handheld Games,The 3DO Company,"September 1, 2001 (NA)",,,,No
Power Pro Kun Pocket,Yes,—,Diamond Head,Konami,"April 1, 1999 (JP)",,,,No
Power Pro Kun Pocket 2,Yes,—,Diamond Head,Konami,"March 30, 2000 (JP)",,,,No
The Powerpuff Girls: Bad Mojo Jojo,No,—,Sennari Interactive,Bam! Entertainment,"November 14, 2000 (NA, EU)",,,,No
The Powerpuff Girls: Battle Him,No,—,Sennari Interactive,Bam! Entertainment,"February 27, 2001 (NA)July 20, 2001 (EU)",,,,No
The Powerpuff Girls: Paint the Townsville Green,No,—,Sennari Interactive,Bam! Entertainment,"November 14, 2000 (NA, EU)",,,,No
Power Quest,Yes,—,Japan System Supply,Sunsoft,"December 1, 1998 (NA)July 20, 1999 (EU)",,,,No
Power Rangers: Lightspeed Rescue,No,—,Natsume,THQ,"June 1, 2000 (NA)November 24, 2000 (EU)",,,,No
Power Rangers: Time Force,No,—,Natsume,THQ,"April 15, 2001 (NA)November 23, 2001 (EU)",,,,No
Power Spike Pro Beach Volleyball NA•Beach 'n Ball EU,No,—,Spark Creative,Infogrames,"December 22, 2000 (NA)May 15, 2001 (EU)",,,,No
Poyon no Dungeon Room: Daikaiju Monogatari,Yes,—,Birthday,Hudson Soft,"February 26, 1999 (JP)",,,,No
Poyon no Dungeon Room 2,No,—,Birthday,Hudson Soft,"June 2, 2000 (JP)",,,,No
Prince Naseem Boxing,No,—,Virtucraft,THQ,"August 3, 2001 (EU)",,,,No
Prince of Persia,Yes,—,Magnin & Associates,Red Orb Entertainment,"July 20, 1999 (NA, EU)",,,,No
Pro Darts,No,—,Vicarious Visions,Vatical Entertainment,"February 7, 2002 (NA)",,,,No
Professional Mahjong Goku GB II,Yes,—,,Athena,"March 19, 1999 (JP)",,,,No
Pro Mahjong Tsuwamono GB,Yes,—,,Culture Brain,"July 9, 1999 (JP)",,,,No
Pro Mahjong Tsuwamono GB2,No,—,,Culture Brain,"February 24, 2000 (JP)",,,,No
Pro Pool,No,—,Blade Interactive,Codemasters,"September 12, 2000 (NA, EU)",,,,Maybe
Project S-11,No,—,Paragon 5,Sunsoft,"December 11, 2000 (NA)",,,,No
Puchi Carat,Yes,—,ITL,Event Evolution Entertainment EUTaito JP,"April 23, 1999 (JP)December 8, 2000 (EU)",,,,No
Pumuckl's Abenteuer bei den Piraten,No,—,NEON Software GmbH,Acclaim Entertainment,"May 12, 1999 (DE)",,,,No
Pumuckl's Abenteuer im Geisterschloss,No,—,NEON Studios,Acclaim Entertainment,"November 15, 2000 (DE)",,,,No
Puyo Puyo Gaiden: Puyo Wars,Yes,—,Compile,Compile,"August 27, 1999 (JP)",,,,No
Puzzle de Shoubuyo! Wootama-chan,Yes,—,Kouyousha,Naxat Soft,"September 28, 2000 (JP)",,,,No
Puzzle Master,Yes,—,Metro3D,Metro3D,"December 1, 1999 (NA)",,,,No
Puzzled,No,—,Elo Interactive,Conspiracy Entertainment NASwing! Entertainment AG EU,"March 9, 2001 (NA, EU)",,,,No
Q-Bert,No,—,Pipe Dream Interactive,Hasbro Interactive,"September 25, 2000 (NA)",,,,No
Qix Adventure,No,—,Taito,Event Evolution Entertainment EUTaito JP,"October 22, 1999 (JP)December 15, 2000 (EU)",,,,No
Quest: Brian's Journey NA•Elemental Tale - Jack no Daibouken: Daimaou no Gyakushuu JP,Yes,—,Atelier Double,Sunsoft NAImagineer JP,"January 15, 2000 (JP)January 23, 2000 (NA)",,,,No
Quest: Fantasy Challenge NA•Holy Magic Century EU,Yes,—,Imagineer,Sunsoft NAVirgin Games EU,"April 1, 1999 (NA, EU)",,,,No
Quest for Camelot,Yes,—,Titus Intertactive,Titus InteractiveNintendo,"December 1, 1998 (NA)1999 (EU)",,,,No
Qui Qui,Yes,—,Magical Company (Mahou),Magical Company (Mahou),"March 26, 1999 (JP)",,,,No
R-Type DX,Yes,—,Bits Studios,Nintendo NA/EUEpoch JP,"November 22, 1999 (JP)June 1, 1999 (NA)July 20, 1999 (EU)",,,,No
Rainbow Six,No,—,Crawfish Interactive,Red Storm Entertainment,"April 3, 2000 (NA, EU)",,,,No
Rainbow Islands,No,—,Taito,TDK Mediactive,"January 1, 2001 (EU)",,,,No
Rampage: World Tour,Yes,—,Digital Eclipse,Midway,"December 1, 1998 (NA, EU)",,,,No
Rampage 2: Universal Tour,No,—,Digital Eclipse,Midway,"November 1, 1999 (NA, EU)",,,,No
Rampart,No,—,Digital Eclipse,Midway,"November 17, 1999 (NA)",,,,No
Rats! NA•Reservoir Rat EU,Yes,—,Tarantula Studios,Take 2 Interactive,"December 1, 1998 (NA)1999 (EU)",,,,No
Rayman•Rayman: Mister Dark no Wana JP,No,—,Digital Eclipse,Ubi Soft,"March 24, 2000 (JP)March 29, 2000 (NA)July 24, 2000 (EU)",,,,Yes
Rayman 2: The Great Escape•Rayman 2 Forever EU,No,—,Ubi Soft Milan,Ubi Soft,"January 1, 2002 (NA)December 14, 2001 (EU)",,,,No
Razor Freestyle Scooter•Freestyle Scooter EU,No,—,Crawfish Interactive,Crave Entertainment,"June 12, 2001 (NA)June 15, 2001 (EU)",,,,No
Ready 2 Rumble Boxing,No,Rumble Pak,Crawfish Interactive,Midway,"December 1, 1999 (NA, EU)",,,,No
Real Pro Yakyuu!: Central League Hen,Yes,—,Natsume,Natsume,"April 23, 1999 (JP)",,,,No
Real Pro Yakyuu!: Pacific League Hen,Yes,—,Natsume,Natsume,"April 23, 1999 (JP)",,,,No
Resident Evil Gaiden•BioHazard Gaiden JP,No,—,M4 Limited,Capcom NA/JPVirgin Interactive EU,"March 29, 2002 (JP)June 3, 2002 (NA)December 14, 2001 (EU)",,,,No
Return of the Ninja,No,—,Act Japan,Natsume NAUbi Soft EU,"June 1, 2001 (NA)March 30, 2001 (EU)",,,,No
Revelations: The Demon Slayer•Megami Tensei Gaiden: Last Bible JP,Yes,—,Multimedia Intelligence Transfer,Atlus,"March 19, 1999 (JP)August 1, 1999 (NA)",,,,Yes
Rhino Rumble,No,—,Formula,Telegames,"March 29, 2002 (NA)2000 (EU)",,,,No
Rip-Tide Racer,Yes,—,Cryo Interactive,Cryo Interactive,"July 1, 2000 (EU)",,,,No
Road Champs: BXS Stunt Biking,No,—,HotGen,Activision,"December 5, 2000 (NA)February 23, 2001 (EU)",,,,No
Road Rash,No,—,3d6 Games,Electronic Arts,"November 29, 2000 (NA)December 15, 2000 (EU)",,,,No
Roadsters Trophy•Roadsters '99 EU,Yes,—,Titus Software,Titus Software,"January 1, 2000 (NA)",,,,No
Robin Hood,No,—,Planet Interactive,Electronic Arts,"March 30, 2001 (EU)",,,,No
RoboCop,No,—,Mirage Interactive,Titus Software,"January 1, 2001 (EU)",,,,No
Robot Ponkottsu: Comic Bom Bom Special Version,Yes,Infrared Receiver,Hudson SoftRed Entertainment,Hudson Soft,"December 24, 1999 (JP)",,,,No
Robot Ponkottsu: Moon Version,Yes,Infrared Receiver,Hudson SoftRed Entertainment,Hudson Soft,"December 24, 1999 (JP)",,,,No
Robot Ponkottsu: Star Version,Yes,Infrared Receiver,Hudson SoftRed Entertainment,Hudson Soft,"December 4, 1998 (JP)",,,,No
Robopon: Sun Version•Robot Ponkottsu: Sun Version JP,Yes,Infrared Receiver,Hudson SoftRed Entertainment,Atlus NAHudson Soft JP,"December 4, 1998 (JP)December 14, 2000 (NA)",,,,No
Robot Wars: Metal Mayhem,No,—,Tiertex Design Studios,BBC Multimedia,"December 7, 2000 (EU)",,,,No
Rocket Power: Gettin' Air•Rocket Racer: La glisse De L'extreme FR,No,—,Tiertex,THQ,"March 27, 2001 (NA)May 4, 2001 (EU)",,,,No
Rocky Mountain Trophy Hunter,No,—,Xantera,WizardWorks,"September 6, 2000 (NA)",,,,No
Rokumon Tengai Mon-Colle-Knight GB,No,—,,Kadokawa Shoten,"December 1, 2000 (JP)",,,,No
Roland Garros French Open,No,—,Visual Impact,Cryo Interactive,"June 9, 2000 (EU)",,,,No
Ronaldo V-Soccer•Ronaldo V-Football EU•UEFA 2000 EU,Yes,—,Bit Managers,Infogrames,"June 1, 2001 (NA, EU)",,,,No
"Roswell Conspiracies: Aliens, Myths & Legends",No,—,Crawfish Interactive,Red Storm Entertainment,"May 28, 2001 (NA, EU)",,,,No
Rox,Yes,—,Altron,Titus Software,"March 5, 1999 (JP)2000 (NA)March 9, 2001 (EU)",,,,No
RPG Tsukuru GB,No,—,Kuusou Kagaku,ASCII Entertainment,"March 17, 2000 (JP)",,,,No
Rugrats: Time Travelers•Les Razmoket: Voyages dans le Temps FR,Yes,—,Software Creations,THQ,"November 1, 1999 (NA)April 1, 2000 (EU)",,,,No
Rugrats: Totally Angelica•Rugrats: Typisch Angelica DE•Les Razmoket: 100% Angelica FR,No,—,Tiertex,THQ,"May 5, 2000 (NA)September 8, 2000 (EU)",,,,No
Rugrats in Paris: The Movie•Les Razmoket a Paris: Le Film FR•Rugrats en Paris: La Pelicula SPA,No,—,Software Creations,THQ,"November 15, 2000 (NA)March 30, 2001 (EU)",,,,No
The Rugrats Movie,Yes,—,Software Creations,THQ,"February 28, 1999 (NA)1999 (EU)",,,,No
Sabrina the Animated Series: Spooked!,No,—,WayForward,Simon & Schuster Interactive,"November 6, 2001 (NA)November 16, 2001 (EU)",,,,No
Sabrina the Animated Series: Zapped!,No,—,WayForward,Simon & Schuster Interactive,"November 1, 2000 (NA)November 17, 2000 (EU)",,,,No
Sakata Gorou Kudan no Renju Kyoushitsu,Yes,—,,Culture Brain,"June 25, 1999 (JP)",,,,No
Sakura Taisen GB: Geki Hana Kumi Nyuutai!,No,—,,Media Factory,"July 28, 2000 (JP)",,,,No
Sakura Taisen GB2: Thunder Volt Sakusen,No,—,,Sega,"December 6, 2001 (JP)",,,,No
Samurai Kid,No,—,Biox,Koei,"February 2, 2001 (JP)",,,,No
San Francisco Rush 2049,No,—,Handheld Games,Midway,"September 7, 2000 (NA)December 1, 2000 (EU)",,,,No
San Goku Shi: Game Boy Ban 2,Yes,—,,Koei,"July 30, 1999 (JP)",,,,No
Sanrio Timenet: Kako Hen,Yes,—,TOSE,Imagineer,"November 27, 1998 (JP)",,,,No
Sanrio Timenet: Mirai Hen,Yes,—,TOSE,Imagineer,"November 27, 1998 (JP)",,,,No
Santa Claus Junior,No,—,Neon Studios,JoWooD Productions,"November 30, 2001 (EU)",,,,No
Scrabble,No,—,Runecraft,Ubi Soft,"November 30, 2001 (EU)",,,,No
Scooby-Doo! Classic Creep Capers,No,—,Software Creations,THQ,"February 20, 2001 (NA)March 30, 2001 (EU)",,,,No
SD Hiryuu no Ken EX,Yes,—,,Culture Brain,"April 30, 1999 (JP)",,,,No
Seipoi Densetsu,Yes,—,,Gaps,"April 14, 2000 (JP)",,,,No
Seme COM Dungeon: Drururuaga,Yes,—,Kuusou Kagaku,Namco,"December 15, 2000 (JP)",,,,No
Senkai Ibonroku Juntei Taisen: TV Animation Senkaiden Houshin Engi Yori,Yes,—,,Banpresto,"November 24, 2000 (JP)",,,,No
Sesame Street: Elmo's 123s,Yes,—,Bonsai Entertainment Corporation,NewKidCo NAUbi Soft EU,"March 1, 1999 (NA)April 6, 2001 (EU)",,,,No
Sesame Street: Elmo's ABCs,Yes,—,Bonsai Entertainment Corporation,NewKidCo NAUbi Soft EU,"March 1, 1999 (NA)April 6, 2001 (EU)",,,,No
Sesame Street: The Adventures of Elmo in Grouchland,Yes,—,Bonsai Entertainment Corporation,NewKidCo NAUbi Soft EU,"October 1, 1999 (NA)November 1, 2000 (EU)",,,,No
Sesame Street Sports,No,—,Bonsai Entertainment Corporation,NewKidCo NAUbi Soft EU,"November 15, 2001 (NA)December 13, 2001 (EU)",,,,No
Sgt. Rock: On the Frontline•Front Line: The Next Mission JP,No,—,Altron,Bam! Entertainment,"February 23, 2001 (JP)December 17, 2000 (NA)",,,,No
Shadowgate Classic•Shadowgate Returns JP,Yes,—,Infinite Ventures,Nintendo NA/EUKemco JP,"August 13, 1999 (JP)January 1, 1999 (NA)1999 (EU)",,,,No
Shaman King Chou Senjiryakketsu: Funbari Hen,No,—,Studio Saizensen,King Records,"December 21, 2001 (JP)",,,,No
Shaman King Chou Senjiryakketsu: Meramera Hen,No,—,Studio Saizensen,King Records,"December 21, 2001 (JP)",,,,No
Shamus,Yes,—,Junglevision Software,Vatical Entertainment NATelegames EU,"March 1, 2000 (NA)October 1, 2000 (EU)",,,,No
Shanghai Pocket,Yes,—,Sunsoft,Sunsoft,"December 1, 1998 (NA, EU)",,,,No
Shantae,No,GBA Special Features,WayForward,Capcom,"June 2, 2002 (NA)",,,,Yes
Shaun Palmer's Pro Snowboarder,No,—,ITL,Activision,"November 1, 2001 (NA)",,,,No
Shin Megami Tensei Devil Children: Aka no Shou,Yes,—,Multimedia Intelligence Transfer,Atlus,"November 17, 2000 (JP)",,,,Yes
Shin Megami Tensei Devil Children: Kuro no Shou,Yes,—,Multimedia Intelligence Transfer,Atlus,"November 17, 2000 (JP)",,,,Yes
Shin Megami Tensei Devil Children: Shiro no Shou,No,—,Multimedia Intelligence Transfer,Atlus,"July 27, 2001 (JP)",,,,No
Shin Megami Tensei Trading Card: Card Summoner,No,—,,Enterbrain,"July 27, 2001 (JP)",,,,No
Shin Seiki Evangelion: Mahjong Hokan Keikaku,No,—,Studio Saizensen,King Records,"September 29, 2000 (JP)",,,,No
Shogi 2,Yes,—,,Pony Canyon,"March 19, 1999 (JP)",,,,No
Shogi 3,Yes,—,,Pony Canyon,"December 24, 2002 (JP)",,,,No
Shoubushi Densetsu Tetsuya: Shinjuku Tenun-hen,No,—,,Athena,"February 9, 2001 (JP)",,,,No
Shrek: Fairy Tale Freakdown,No,—,Prolific,TDK Mediactive,"May 29, 2001 (NA, EU)",,,,No
The Shutokou Racing,Yes,—,Opera House,Pony Canyon,"December 18, 1998 (JP)",,,,No
The Simpsons: Night of the Living Treehouse of Horror,No,—,Software Creations,THQ,"March 26, 2001 (NA)April 20, 2001 (EU)",,,,No
"Smurfs' Nightmare, The NA•Die Schlumpfe: Im Alptraumland EU",No,—,Bit Managers,Infogrames,"February 28, 1999 (NA) January 1, 2000 (EU)",,,,No
Snoopy Tennis,No,—,Mermaid Studios,Infogrames,"June 20, 2001 (JP)April 6, 2001 (NA)October 26, 2001 (EU)",,,,No
Snowboard Champion,No,—,Dream Japan,Bottom Up,"March 31, 2000 (JP)",,,,No
Snow White and the Seven Dwarfs,No,—,Planet Interactive,Ubi Soft,"June 15, 2001 (NA)June 16, 2001 (EU)",,,,No
Soccer Manager,No,—,Broadsword Interactive,Acclaim Entertainment,"July 7, 2000 (EU)",,,,No
Soukoban Densetsu: Hikari to Yami no Kuni,Yes,—,,J-Wing,"December 25, 1999 (JP)",,,,No
Soreike! Anpanman: 5tsu no Tou no Ousama,No,—,Graphic Research,Tamsoft,"November 23, 2000 (JP)",,,,No
Soreike! Anpanman: Fushigi na Nikoniko Album,Yes,—,Graphic Research,Tamsoft,"December 3, 1999 (JP)",,,,No
Soul Getter: Houkago Bouken RPG,Yes,—,,Micro Cabin,"August 4, 2000 (JP)",,,,No
Space Invaders•Space Invaders X JP,Yes,—,Crawfish Interactive,Activision NA/EUTaito JP,"September 29, 2000 (JP)October 27, 1999 (NA, EU)",,,,No
Space Marauder•Burai Fighter Color JP,No,—,KID,Agetec NAKID JP,"July 23, 1999 (JP)August 28, 2000 (NA)",,,,No
Space-Net: Cosmo Blue,No,—,,Imagineer,"March 16, 2001 (JP)",,,,No
Space-Net: Cosmo Red,No,—,,Imagineer,"March 16, 2001 (JP)",,,,No
Space Station Silicon Valley,Yes,—,Tarantula Studios,Take-Two Interactive,"July 1, 1999 (EU)",,,,No
Spawn,No,—,Konami,Konami,"September 15, 1999 (NA)",,,,No
Speedy Gonzales: Aztec Adventure,Yes,—,Sunsoft,Sunsoft,"December 26, 1999 (NA)February 1, 2000 (EU)",,,,No
Spider-Man,No,—,Vicarious Visions,Activision NA/EUSuccess JP,"April 27, 2001 (JP)August 1, 2000 (NA)September 15, 2000 (EU)",,,,No
Spider-Man 2: The Sinister Six•Spider-Man 2: Enter the Sinister Six EU,No,—,Torus Games,Activision,"May 30, 2001 (NA)June 15, 2001 (EU)",,,,No
Spirou: The Robot Invasion,No,—,Planet Interactive,Ubi Soft,"January 1, 2000 (EU)",,,,No
SpongeBob SquarePants: Legend of the Lost Spatula,No,—,Vicarious Visions,THQ,"March 14, 2001 (NA)May 4, 2001 (EU)",,,,No
Spy vs. Spy,No,—,Kemco,Vatical Entertainment NAKemco EU/JP,"July 23, 1999 (JP)June 1, 1999 (NA, EU)",,,,No
Star Ocean: Blue Sphere,Yes,—,tri-Ace,Enix,"June 28, 2001 (JP)",,,,No
Star Wars: Yoda Stories,Yes,—,Torus Games,THQ,"December 1, 1999 (NA, EU)",,,,No
Star Wars Episode I: Obi-Wan's Adventures,No,—,HotGen,THQ,"November 27, 2000 (NA)December 8, 2000 (EU)",,,,No
Star Wars Episode I: Racer,No,Rumble Pak,Pax Softonica,Nintendo,"December 6, 1999 (NA, EU)",,,,No
Street Fighter Alpha: Warriors' Dreams,No,—,Crawfish Interactive,Capcom NA/JPVirgin Interactive EU,"March 30, 2001 (JP)March 1, 2000 (NA)1999 (EU)",,,,No
Stuart Little: The Journey Home,No,—,Tiertex,Activision,"August 24, 2001 (NA)September 7, 2001 (EU)",,,,No
Super Black Bass: Real Fight,No,Rumble Pak,HOT B,Starfish,"December 10, 1999 (JP)",,,,No
Super Bombliss DX,Yes,—,TOSE,Bullet Proof Software,"December 10, 1999 (JP)",,,,No
Super Breakout,Yes,—,Morning Star Multimedia,Majesco,"December 1, 1998 (NA)1999 (EU)",,,,No
Super Chinese Fighter EX,No,—,,Culture Brain,"December 24, 1999 (JP)",,,,No
Super Doll Licca-chan: Kisekae Daisakusen,No,—,,Vial One,"October 6, 2000 (JP)",,,,No
Super Me-Mail GB: Me-Mail Bear no Happy Mail Town,No,—,,Konami,"December 1, 2000 (JP)",,,,No
Super Mario Bros. Deluxe,No,—,Nintendo,Nintendo,"March 1, 2000 (JP)May 10, 1999 (NA)July 1, 1999 (EU)",,,,No
Super Real Fishing,No,Rumble Pak,Bottom Up,Bottom Up,"October 8, 1999 (JP)",,,,No
Super Robot Pinball,No,—,,Media Factory,"February 23, 2001 (JP)",,,,No
Super Robot Wars: Link Battler,Yes,—,Amble,Banpresto,"October 1, 1999 (JP)",,,,No
Supercross Freestyle,No,—,Velez & Dubail,Infogrames,"January 1, 2000 (EU)",,,,No
Survival Kids•Stranded Kids EU•Survival Kids: Kotou no Boukensha JP,Yes,—,Konami,Konami,"June 17, 1999 (JP)October 1, 1999 (NA)December 10, 1999 (EU)",,,,No
Survival Kids 2: Dasshutsu!! Futago-jima,Yes,—,Konami,Konami,"July 19, 2000 (JP)",,,,No
Suzuki Alstare Extreme Racing,No,—,Visual Impact,Ubi Soft,"January 1, 1999 (EU)",,,,No
Sweet Ange,Yes,—,Koei,Koei,"December 17, 1999 (JP)",,,,No
Swing,No,—,Software 2000,Software 2000,"October 20, 2000 (DE)",,,,No
SWIV,No,—,The Conversion Company,Sales Curve Interactive,"March 16, 2001 (EU)",,,,No
Sylvanian Families: Otogi no Kuni no Pendant,Yes,—,,Epoch,"October 15, 1999 (JP)",,,,No
Sylvanian Families 2: Irozuku Mori no Fantasy,No,—,,Epoch,"December 22, 2000 (JP)",,,,No
Sylvanian Families 3: Hoshi Furu Yoru no Sunadokei,Yes,—,,Epoch,"December 21, 2001 (JP)",,,,No
Sylvanian Melody: Mori no Nakama to Odori Mashi!,Yes,—,Natsume,Epoch,"March 17, 2000 (JP)",,,,No
Tabaluga,Yes,—,NEON Software GmbH,Infogrames,"May 3, 1999 (DE)",,,,No
Taisen Tsume Shougi,No,—,Athena,Athena,"July 1, 2000 (JP)",,,,No
Tales of Phantasia: Narikiri Dungeon,Yes,—,Alfa System,Namco,"November 10, 2000 (JP)",,,,No
Tanimura Hitoshi Ryuu Pachinko Kouryaku Daisakusen: Don Quijote ga Iku,Yes,—,,Atlus,"August 11, 2000 (JP)",,,,No
Tasmanian Devil: Munching Madness,Yes,—,M4 Limited,Sunsoft,"November 1, 1999 (NA, EU)",,,,No
Taxi 2,No,—,Visual Impact,Ubi Soft,"June 1, 2000 (FR)",,,,No
Taxi 3,No,—,Visual Impact,Ubi Soft,"January 1, 2002 (FR)",,,,No
Tech Deck Skateboarding,No,—,Handheld Games,Activision,"March 25, 2001 (NA)April 6, 2001 (EU)",,,,No
Test Drive 6,Yes,—,Xantera,Infogrames NACryo Interactive EU,"November 16, 1999 (NA)July 1, 2000 (EU)",,,,No
Test Drive 2001,No,—,Xantera,Infogrames,"December 5, 2000 (NA)",,,,No
Test Drive Cycles,No,—,Xantera,Infogrames,"August 1, 2000 (NA)",,,,No
Test Drive Le Mans•Le Mans 24 Hours EU,No,—,Velez & Dubail,Infogrames,"June 2, 2000 (NA, EU)",,,,No
Test Drive Off-Road 3•4x4 World Trophy EU,Yes,Rumble Pak,Xantera,Infogrames,"November 1, 1999 (NA)April 19, 2000 (EU)",,,,No
Tetris DX,Yes,—,Nintendo,Nintendo,"October 21, 1998 (JP)November 18, 1998 (NA)July 1, 1999 (EU)",,,,No
Thomas the Tank Engine & Friends: The Friends of Sodor,No,—,Tamsoft,Tamsoft,"Semptember 28, 2001 (JP)",,,,No
Three Lions EU•Alexi Lala's International Soccer NA•Golden Goal DE•Pro Foot FR,Yes,—,Tarantula Studios,Take 2 Interactive,"April 17, 1998 (NA) January 1, 1999 (EU)",,,,No
Thunderbirds,No,—,Pukka Games,Sales Curve Interactive,"December 1, 2000 (EU)",,,,No
Tiger Woods PGA Tour 2000,Yes,—,Xantera,THQ NAEA Sports EU,"January 1, 2000 (NA)1999 (EU)",,,,No
Tintin: Le Temple Du Soleil,No,—,Bit Managers,Infogrames,"September 8, 2000 (EU)",,,,No
Tintin in Tibet,No,—,Bit Managers,Infogrames,"December 3, 2001 (EU)",,,,No
Tiny Toon Adventures: Buster Saves the Day,No,—,Warthog,Conspiracy Entertainment,"July 29, 2001 (NA)June 29, 2001 (EU)",,,,No
Tiny Toon Adventures: Dizzy's Candy Quest,No,—,Formula,Conspiracy Entertainment,"November 2, 2001 (EU)",,,,No
Titus the Fox,Yes,—,Aqua Pacific,Titus Software,"November 1, 2000 (NA)September 22, 2000 (EU)",,,,No
TNN Outdoors Fishing Champ•Super Black Bass Pocket 3 JP,Yes,—,Starfish,ASC Games NAStarfish JP,"November 27, 1998 (JP)December 1, 1999 (NA)",,,,No
TOCA Touring Car Championship,No,—,Spellbound Interactive,THQ,"November 14, 2001 (NA)November 24, 2001 (EU)",,,,No
Toki Tori,No,—,Two Tribes Interactive,Capcom,"September 12, 2001 (NA)March 1, 2002 (EU)",,,,Yes
Tokimeki Memorial Pocket: Culture Hen: Komorebi no Melody,Yes,—,KCEK,Konami,"February 11, 1999 (JP)",,,,No
Tokimeki Memorial Pocket: Sport Hen: Koutei no Photograph,Yes,—,KCEK,Konami,"February 11, 1999 (JP)",,,,No
Tokoro-san no Setagaya Country Club,Yes,—,Natsume,Natsume,"August 11, 2000 (JP)",,,,No
Tom and Jerry,No,—,Morning Star Multimedia,Majesco,"September 27, 1999 (NA)July 6, 2000 (EU)",,,,No
Tom and Jerry: Mouse Hunt,No,—,Conspiracy Entertainment,Conspiracy EntertainmentSwing! Entertainment Media AG EU,"March 14, 2001 (NA)December 15, 2000 (EU)",,,,No
Tom and Jerry in Mouse Attacks!,No,—,Warthog,NewKidCo NAUbi Soft EU,"December 8, 2000 (NA, EU)",,,,No
Tomb Raider,No,—,Core Design,THQ,"June 8, 2000 (NA)July 8, 2000 (EU)",,,,No
Tomb Raider: Curse of the Sword,No,—,Core Design,Activision,"June 1, 2001 (NA)August 17, 2001 (EU)",,,,No
Tonic Trouble,No,—,RFX Interactive,Ubi Soft,"January 1, 2000 (EU)",,,,No
Tonka Construction Site,No,—,Sunset Entertainment,TDK Mediactive,"May 30, 2002 (NA)",,,,No
Tonka Raceway,No,Rumble Pak,Morning Star Multimedia,Hasbro Interactive,"December 1, 1999 (NA, EU)",,,,No
Tony Hawk's Pro Skater NA•Tony Hawk's Skateboarding EU,No,—,Natsume,Activision,"March 1, 2000 (NA, EU)",,,,No
Tony Hawk's Pro Skater 2,No,—,Natsume,Activision,"November 7, 2000 (NA)November 17, 2000 (EU)",,,,No
Tony Hawk's Pro Skater 3,No,—,HotGen,Activision,"November 15, 2001 (NA)November 23, 2001 (EU)",,,,No
Toobin',No,—,Digital Eclipse,Midway,"May 18, 2000 (NA)",,,,No
Toonsylvania,No,—,RFX Interactive,Ubi Soft,"June 1, 2000 (NA, EU)",,,,No
Tootuff,No,—,Planet Interactive,Infogrames,"June 15, 2001 (EU)",,,,No
Top Gear Pocket NA/JP•Top Gear Rally EU,No,Rumble Pak,Vision Works,Kemco,"April 23, 1999 (JP, NA)1999 (EU)",,,,No
Top Gear Pocket 2 NA/JP•Top Gear Rally 2 EU,No,Rumble Pak (Japan only),Vision Works,Vatical Entertainment NAKemco EU/JP,"December 17, 1999 (JP)January 1, 2000 (NA)2000 (EU)",,,,No
Top Gun: Firestorm,No,—,Fluid Studios,Titus Software,"December 4, 2001 (NA)July 20, 2001 (EU)",,,,No
Totsugeki! Pappara Tai,Yes,—,,J-Wing,"March 10, 2000 (JP)",,,,No
Towers: Lord Baniff's Deceit,No,—,JV Games,Vatical Entertainment NATelegames EU,"June 20, 2000 (NA, EU)",,,,No
Trick Boarder•Trickboarder GP JP,No,—,Natsume,Athena JPNatsume NA,"March 31, 2000 (JP)June 14, 2000 (NA)2000 (EU)",,,,No
Triple Play 2001,No,—,Handheld Games,THQ,"May 8, 2000 (NA, EU)",,,,No
Trouballs,No,—,Paragon 5,Capcom,"October 2, 2001 (NA)",,,,No
Tsuriiko!!,No,—,,ASCII Entertainment,"July 19, 2001 (JP)",,,,No
Tsuri Sensei 2,Yes,—,,J-Wing,"July 23, 1999 (JP)",,,,No
Turok: Rage Wars,No,—,Bit Managers,Acclaim Entertainment,"June 1, 2000 (NA, EU)",,,,No
Turok 2: Seeds of Evil•Turok 2: Jikku Senshi JP,Yes,—,Bit Managers,Acclaim Entertainment,"September 10, 1999 (JP)December 1, 1998 (NA)October 1, 1998 (EU)",,,,No
Turok 3: Shadow of Oblivion,No,—,Bit Managers,Acclaim Entertainment,"July 27, 2000 (NA)September 8, 2000 (EU)",,,,No
Tweenies: Doodles' Bones,No,—,Tiertex Design Studios,BBC Multimedia,"October 19, 2001 (EU)",,,,No
Tweety's High-Flying Adventure•Titi: Le Tour du Monde en 80 Chats FR•Tweety Sekai Isshuu: 80-Hiki no Segase JP,No,—,Kemco,Kemco,"August 11, 2000 (JP)November 1, 2000 (NA, EU)",,,,No
Tyco R/C Racin' Ratz,No,—,KnowWonder,Mattel Interactive,"November 28, 2000 (NA)",,,,No
Uchuu Nin Tanaka Tarou de RPG Tsukuru GB2,No,—,,Enterbrain,"July 20, 2001 (JP)",,,,No
Ultimate Fighting Championship,No,—,Fluid Studios,Crave Entertainment,"November 27, 2000 (NA)2001 (EU)",,,,No
Ultimate Paintball,No,—,Morning Star Multimedia,Majesco,"September 1, 2000 (NA, EU)",,,,No
Ultimate Surfing•Naminori Yarou!! JP,No,—,Act Japan,Natsume,"July 1, 2001 (JP)June 5, 2001 (NA)June 18, 2001 (EU)",,,,No
Uno,Yes,—,HotGen,Mattel Interactive,"December 16, 1999 (NA)December 15, 2000 (EU)",,,,No
Vegas Games,No,—,Digital Eclipse,3DO,"February 1, 2000 (NA)2000 (EU)",,,,No
Vigilante 8,No,Rumble Pak,Vicarious Visions,Vatical Entertainment,"December 15, 1999 (NA)",,,,No
VIP,No,—,Planet Interactive,Ubi Soft,"August 24, 2001 (NA, EU)",,,,No
V-Rally: Edition '99•V-Rally: Championship Edition EU/JP,No,—,Bit Managers,Infogrames NA/EUSpike JP,"October 14, 1999 (JP)June 1, 1999 (NA, EU)",,,,No
Wacky Races•Chiki Chiki Machine Mou Race JP,No,—,Velez & Dubail,Infogrames NA/EUSyscom JP,"November 22, 2001 (JP)June 9, 2000 (NA)June 30, 2000 (EU)",,,,No
Walt Disney Pictures Presents: Dinosaur,No,—,Digital Eclipse,Ubisoft,"May 19, 2000 (NA)October 6, 2000 (EU)",,,,No
Walt Disney World Quest: Magical Racing Tour,No,—,Prolific,Activision NAEidos Interactive EU,"December 7, 2000 (NA)December 15, 2000 (EU)",,,,No
Warau Inu no Bouken GB: Silly Go Lucky!,No,—,Capcom,Capcom,"February 23, 2001 (JP)",,,,No
Wario Land II,Yes,—,Nintendo,Nintendo,"October 21, 1998 (JP)March 31, 1999 (NA)1999 (EU)",,,,Yes
Wario Land 3,No,—,Nintendo R&D1,Nintendo,"March 21, 2000 (JP)May 30, 2000 (NA)April 14, 2000 (EU)",,,,Yes
Warlocked,No,—,Bits Studios,Nintendo,"July 24, 2000 (NA)",,,,No
Warriors of Might and Magic,No,—,Climax Studios,The 3DO Company,"December 22, 2000 (NA)April 6, 2001 (EU)",,,,No
Watashi no Kitchen,No,—,,Kirat,"December 21, 2001 (JP)",,,,No
Watashi no Restaurant,No,—,,Kirat,"April 26, 2002 (JP)",,,,No
WCW Mayhem,No,—,2n Productions,Electronic Arts,"May 10, 2000 (NA)August 3, 2000 (EU)",,,,No
Wendy: Every Witch Way,No,GBA Special Features,WayForward Technologies,TDK Mediactive,"April 28, 2001 (JP, NA, EU)",,,,No
Wendy: Der Traum von Arizona,No,—,Kiddinx,Kiddinx,"November 20, 2002 (DE)",,,,No
Wetrix GB,Yes (JP only),—,Zed Two Ltd.,Infogrames EUImagineer JP,"October 29, 1999 (JP)September 29, 2000 (EU)",,,,No
Who Wants to Be a Millionaire: 2nd Edition,No,—,Valleycrest Productions,THQ,"September 25, 2000 (NA)",,,,No
The Wild Thornberrys: Rambler,No,—,Vicarious Visions,Mattel Interactive,"October 31, 2000 (NA)",,,,No
Wings of Fury,Yes,—,Magnin & Associates,Red Orb Entertainment,"December 1, 1999 (NA, EU)",,,,No
Winnie the Pooh: Adventures in the 100 Acre Wood•Kuma no Pooh-san: Mori no Takaramono JP,No,—,TOSE,NewKidCo NATomy JP,"July 7, 2000 (JP)June 1, 2000 (NA)",,,,No
Wizardry: Proving Grounds of the Mad Overlord,No,—,Game Studio,ASCII Entertainment,"February 23, 2001 (JP)",,,,No
Wizardry II: Llygamyn no Isan,No,—,Game Studio,ASCII Entertainment,"February 23, 2001 (JP)",,,,No
Wizardry III: Diamond no Kishi,No,—,Game Studio,ASCII Entertainment,"February 23, 2001 (JP)",,,,No
Wizardry Empire,No,—,,Starfish,"October 29, 1999 (JP)",,,,No
Wizardry Empire: Fukkatsu no Tsue,No,—,,Starfish,"December 22, 2000 (JP)",,,,No
Woody Woodpecker: Escape from Buzz Buzzard Park,No,—,Planet Interactive,DreamCatcher Interactive NACryo Interactive EU,"September 1, 2001 (NA, EU)",,,,No
Woody Woodpecker Racing•Woody Woodpecker no Go! Go! Racing JP,No,—,Konami,Konami,"March 15, 2001 (JP)December 15, 2000 (NA, EU)",,,,No
World Destruction League: Thunder Tanks,No,—,Sunset Entertainment,The 3DO Company,"December 12, 2000 (NA)April 6, 2001 (EU)",,,,No
Worms: Armageddon,No,—,Infogrames,Infogrames,"January 1, 2000 (NA)2000 (EU)",,,,No
WWF Attitude,No,—,Crawfish Interactive,Acclaim Sports,"June 1, 1999 (NA)1999 (EU)",,,,No
WWF Betrayal,No,—,WayForward,THQ,"August 7, 2001 (NA)August 24, 2001 (EU)",,,,No
WWF WrestleMania 2000,Yes,—,Natsume,THQ,"November 1, 1999 (NA, EU)",,,,No
X-Men: Mutant Academy,No,—,Crawfish Interactive,Activision NASuccess JP,"April 27, 2001 (JP)July 1, 2000 (NA)",,,,No
X-Men: Mutant Wars,No,—,"Avit, Inc.",Activision,"November 17, 2000 (NA, EU)",,,,No
X-Men: Wolverine's Rage,No,—,Digital Eclipse,Activision,"May 15, 2001 (NA)June 15, 2001 (EU)",,,,No
Xena: Warrior Princess,No,—,Titus Software,Titus Software,"August 1, 2001 (NA)September 14, 2001 (EU)",,,,No
Xtreme Sports,No,—,WayForward,Infogrames,"June 28, 2000 (NA)",,,,Yes
Xtreme Wheels,No,—,Spike,Bam! Entertainment NABergsala EU,"April 26, 2001 (NA)November 23, 2000 (EU)",,,,No
Yakouchuu GB,No,—,,Athena,"October 22, 1999 (JP)",,,,No
Yars' Revenge,Yes,—,Telegames,Telegames,"September 1, 1999 (NA)2000 (EU)",,,,No
Yogi Bear: Great Balloon Blast,No,—,ITL,Bam! Entertainment,"December 17, 2000 (NA)",,,,No
Yu-Gi-Oh! Duel Monsters II: Dark Duel Stories,Yes,—,Konami,Konami,"July 8, 1999 (JP)",,,,No
Yu-Gi-Oh! Dark Duel Stories•Yu-Gi-Oh! Duel Monsters III: Tri-Holy God Advent JP•Yu-Gi-Oh! Das Dunkle Duell DE•Yu-Gi-Oh! Duel des Tenebres FR•Yu-Gi-Oh! Racconti Oscuri ITA•Yu-Gi-Oh! Duelo en las Tinieblas SPA,No,—,Konami,Konami,"July 13, 2000 (JP)March 18, 2002 (NA)March 1, 2003 (EU)",,,,No
Yu-Gi-Oh! Duel Monsters 4: Battle of Great Duelists - Jounouchi Deck,No,—,Konami,Konami,"December 7, 2000 (JP)",,,,No
Yu-Gi-Oh! Duel Monsters 4: Battle of Great Duelists - Kaiba Deck,No,—,Konami,Konami,"December 7, 2000 (JP)",,,,No
Yu-Gi-Oh! Duel Monsters 4: Battle of Great Duelists - Yugi Deck,No,—,Konami,Konami,"December 7, 2000 (JP)",,,,No
Yu-Gi-Oh! Monster Capsule GB,Yes,—,Konami,Konami,"April 13, 2000 (JP)",,,,No
Zebco Fishing!,No,Rumble Pak,Vicarious Visions,Vatical Entertainment,"September 1, 1999 (NA)October 20, 2000 (EU)",,,,No
Zen-Nippon Shounen Soccer Taikai: Mezase Nippon Ichi!,No,—,Boom,Success,"September 7, 2001 (JP)",,,,No
Zidane: Football Generation,No,—,Aqua Pacific,Cryo Interactive,"June 14, 2002 (EU)",,,,No
Zoboomafoo: Playtime in Zobooland,No,—,Vicarious Visions,Encore Software,"October 1, 2001 (NA)",,,,No
Zoids: Jashin Fukkatsu! Genobreaker Hen,Yes,—,Tomy Corporation,Tomy Corporation,"August 4, 2000 (JP)",,,,No
Zoids: Shirogane no Jukishin Liger Zero,No,—,Will,Tomy Corporation,"June 15, 2001 (JP)",,,,No
Zok Zok Heroes,No,—,KAZe,Media Factory,"August 4, 2000 (JP)",,,,No
