1080° Avalanche,Nintendo,Nintendo,2003-11-28PAL,"November 28, 2003","January 22, 2004","December 1, 2003"
18 Wheeler: American Pro Trucker,Acclaim Studios Cheltenham,Acclaim Entertainment,2002-02-18NA,"May 31, 2002","September 12, 2002","February 18, 2002"
2002 FIFA World Cup,TOSE,"EA SportsNA,PAL, Electronic Arts VictorJP",2002-04-30NA,"May 3, 2002","May 2, 2002","April 30, 2002"
2006 FIFA World Cup•FIFA World Cup: Germany 2006,EA Canada,EA Sports,2006-04-24NA,"April 28, 2006","May 18, 2006","April 24, 2006"
4x4 EVO 2,Terminal Reality,Vivendi Universal Games,2002-10-29NA,Unreleased,Unreleased,"September 29, 2002"
The Adventures of Jimmy Neutron Boy Genius: Attack of the Twonkies,THQ,THQ,2004-10-13NA,"February 11, 2005",Unreleased,"September 13, 2004"
The Adventures of Jimmy Neutron Boy Genius: Jet Fusion,Krome Studios,THQ,2003-10-16NA,"November 21, 2003",Unreleased,"September 16, 2003"
Aggressive Inline,Underground Development,AKA Acclaim,2002-07-31NA,"September 6, 2002",Unreleased,"July 31, 2002"
Alien Hominid,The Behemoth,O3 Entertainment,2004-11-23NA,Unreleased,Unreleased,"November 23, 2004"
All-Star Baseball 2002[10],Acclaim Studios Austin,Acclaim Sports,2001-11-18NA,Unreleased,Unreleased,"November 18, 2001"
All-Star Baseball 2003,Acclaim Studios Austin,Acclaim Sports,2002-02-25NA,Unreleased,"August 8, 2002","February 25, 2002"
All-Star Baseball 2004,Acclaim Studios Austin,Acclaim Sports,2003-02-23NA,Unreleased,Unreleased,"February 23, 2003"
Amazing Island,Ancient,Sega,2004-01-15JP,Unreleased,"January 15, 2004","August 25, 2004"
American Chopper 2: Full Throttle,Creat Studios,Activision,2005-11-29NA,Unreleased,Unreleased,"November 29, 2005"
Animal Crossing,Nintendo EAD,Nintendo,2001-12-14JP,"September 24, 2004","December 14, 2001","September 15, 2002"
Animaniacs: The Great Edgar Hunt,Warthog Games,Ignition Entertainment,2005-05-27PAL,"May 27, 2005",Unreleased,"September 18, 2005"
The Ant Bully,Artificial Mind and Movement,Midway Games,2006-07-24NA,Unreleased,Unreleased,"July 24, 2006"
Aquaman: Battle for Atlantis,Lucky Chicken Games,TDK Mediactive,2003-07-23NA,Unreleased,Unreleased,"July 23, 2003"
Army Men: Air Combat - The Elite Missions,Wide Games,The 3DO Company,2003-03-25NA,Unreleased,Unreleased,"March 25, 2003"
Army Men RTS: Real Time Strategy,Pandemic Studios,The 3DO Company,2004-11-02NA,Unreleased,Unreleased,"November 2, 2004"
Army Men: Sarge's War,The 3DO Company,Global Star Software,2004-08-21NA,Unreleased,Unreleased,"August 21, 2004"
Asterix & Obelix XXLPAL,Étranges Libellules,Atari Europe,2004-06-18PAL,"June 18, 2004",Unreleased,Unreleased
ATV: Quad Power Racing 2,Climax Group,AKA Acclaim,2003-01-22NA,"February 28, 2003",Unreleased,"January 22, 2003"
Auto Modellista,Capcom,Capcom,2003-07-03JP,Unreleased,"July 3, 2003","September 30, 2003"
Avatar: The Last Airbender•Avatar: The Legend of AangPAL,THQ,THQ,2006-10-10NA,"February 9, 2007",Unreleased,"October 10, 2006"
Backyard Baseball,Humongous Entertainment,Infogrames,2003-03-31NA,Unreleased,Unreleased,"March 31, 2003"
Backyard Baseball 2007,GameBrains,Atari,2006-04-03NA,Unreleased,Unreleased,"April 3, 2006"
Backyard Football,Humongous Entertainment,Infogrames,2002-10-10NA,Unreleased,Unreleased,"October 10, 2002"
Bad Boys: Miami Takedown•Bad Boys IIPAL,Blitz Games,"Crave Entertainment, Empire Interactive",2004-09-14NA,"October 15, 2004",Unreleased,"September 14, 2004"
Baldur's Gate: Dark Alliance,"Snowblind Studios, High Voltage Software",Interplay Entertainment,2002-11-18NA,"April 25, 2003",Unreleased,"November 18, 2002"
Barnyard,Blue Tongue Entertainment,THQ,2006-08-01NA,"October 13, 2006",Unreleased,"August 1, 2006"
The Baseball 2003,Konami,Konami,2003-03-20JP,Unreleased,"March 20, 2003",Unreleased
Baten Kaitos: Eternal Wings and the Lost Ocean,"tri-Crescendo, Monolith Soft","Namco, Nintendo",2003-12-05JP,"April 1, 2005","December 5, 2003","November 16, 2004"
Baten Kaitos Origins,"tri-Crescendo, Monolith Soft",Nintendo,2006-02-23JP,Unreleased,"February 23, 2006","September 25, 2006"
Batman Begins,Eurocom,Electronic Arts,2005-06-14NA,"June 17, 2005",Unreleased,"June 14, 2005"
Batman: Vengeance[11],Ubisoft Montreal,Ubisoft,2001-11-18NA,"May 3, 2002",Unreleased,"November 18, 2001"
Batman: Dark Tomorrow,HotGen,Kemco,2003-03-21JP,"April 11, 2003","March 21, 2003","March 25, 2003"
Batman: Rise of Sin Tzu,Ubisoft Montreal,Ubisoft,2003-11-11NA,"December 5, 2003",Unreleased,"November 11, 2003"
Battalion Wars,Kuju Entertainment,Nintendo,2005-09-19NA,"December 9, 2005EU February 16, 2006AUS","October 27, 2005","September 19, 2005"
Battle Stadium D.O.N,"Eighting, Q Entertainment",Namco Bandai Games,2006-07-20JP,Unreleased,"July 20, 2006",Unreleased
Beach Spikers,Sega-AM2,Sega,2002-07-19JP,"September 27, 2002","July 19, 2002","August 12, 2002"
Beyblade VForce: Super Tournament Battle,A.I,Takara (Japan)Atari (Overseas),2002-12-19JP,"November 28, 2003","December 19, 2002","September 23, 2003"
Beyond Good & Evil,Ubisoft MontpellierUbisoft Milan,Ubisoft,2003-12-11NA,"February 27, 2004",Unreleased,"December 11, 2003"
Big Air Freestyle,Paradigm Entertainment,Infogrames,2002-09-13NA,"November 8, 2002",Unreleased,"September 13, 2002"
Big Mutha Truckers,Eutechnyx,"Empire Interactive, THQ",2003-08-16NA,"September 5, 2003",Unreleased,"August 16, 2003"
Billy Hatcher and the Giant Egg,Sonic Team,Sega,2003-09-23NA,"October 31, 2003","October 9, 2003","September 23, 2003"
Bionicle,Argonaut Games,Electronic Arts Lego Interactive,2003-10-20NA,"October 31, 2003",Unreleased,"October 20, 2003"
Bionicle Heroes,Traveller's Tales,Eidos Interactive,2006-11-14NA,Unreleased,Unreleased,"November 14, 2006"
Black & Bruised,Digital Fiction,Majesco EntertainmentVivendi Universal Games (Europe),2003-01-26NA,"June 27, 2003",Unreleased,"January 26, 2003"
Bleach GC: Tasogare Ni Mamieru Shinigami,Sega,Sega,2005-12-08JP,Unreleased,"December 8, 2005",Unreleased
Blood Omen 2,Crystal Dynamics,Eidos Interactive,2002-12-09NA,"January 24, 2003",Unreleased,"December 9, 2002"
BloodRayne,Terminal Reality,"Majesco Entertainment, Vivendi Universal Games",2002-10-15NA,"May 23, 2003",Unreleased,"October 15, 2002"
Bloody Roar: Primal Fury,Eighting,"Activision, Hudson Soft",2002-03-18NA,"May 3, 2002","April 25, 2002","March 18, 2002"
BlowOut,Pipe Dream Interactive,Majesco Entertainment,2003-11-26NA,Unreleased,Unreleased,"November 26, 2003"
BMX XXX,Z-Axis,AKA Acclaim,2002-11-24NA,"February 7, 2003",Unreleased,"November 24, 2002"
Bobobo-bo Bo-bobo Dassutsu! Hajike Royale,Hudson Soft,Hudson Soft,2005-03-18JP,Unreleased,"March 18, 2005",Unreleased
Bokujou Monogatari: Shiawase no Uta,Marvelous Interactive,Marvelous Interactive,2005-05-03JP,Unreleased,"May 3, 2005",Unreleased
Bomberman Generation,Hudson Soft,Hudson Soft Majesco Entertainment (North America)Vivendi Universal Games (Europe),2002-06-03NA,"December 6, 2002","June 27, 2002","June 3, 2002"
Bomberman Jetters,Hudson Soft,Hudson Soft Majesco Entertainment (North America),2002-12-19JP,Unreleased,"December 19, 2002","March 10, 2004"
Bomberman Land 2,Racjin,Hudson Soft,2003-07-31JP,Unreleased,"July 31, 2003",Unreleased
Bratz: Forever Diamondz,Blitz Games,THQ,2006-09-18NA,"November 3, 2006",Unreleased,"September 18, 2006"
Bratz: Rock Angelz,Blitz Games,THQ,2005-10-05NA,"October 14, 2005",Unreleased,"October 5, 2005"
Buffy the Vampire Slayer: Chaos Bleeds,Eurocom Entertainment Software,Vivendi Universal Games,2003-08-28NA,"October 24, 2003",Unreleased,"August 28, 2003"
Burnout,Criterion Games,Acclaim Entertainment,2002-04-29NA,"May 3, 2002",Unreleased,"April 29, 2002"
Burnout 2: Point of Impact,Criterion Games,Acclaim Entertainment,2003-04-09NA,"May 9, 2003",Unreleased,"April 9, 2003"
Bust-a-Move 3000•Super Bust-a-Move All-StarsPAL,Taito,TaitoUbisoft (NA/EU),2003-02-12NA,"September 5, 2003","February 27, 2003","February 12, 2003"
Butt-Ugly Martians: Zoom or DoomPAL,Runecraft,Vivendi Universal Publishing,2003-05-10PAL,"May 10, 2003",Unreleased,Unreleased
Cabela's Big Game Hunter 2005 Adventures,Magic Wand Productions,Activision,2004-12-09NA,Unreleased,Unreleased,"December 9, 2004"
Cabela's Dangerous Hunts 2,Fun Labs,Activision,2005-11-16NA,Unreleased,Unreleased,"November 16, 2005"
Cabela's Outdoor Adventures,Magic Wand Productions,Activision,2005-09-13NA,Unreleased,Unreleased,"September 13, 2005"
Call of Duty 2: Big Red One,Treyarch,Activision,2005-11-01NA,"November 18, 2005",Unreleased,"November 1, 2005"
Call of Duty: Finest Hour,Exakt Entertainment,Activision,2004-11-16NA,"November 26, 2004",Unreleased,"November 16, 2004"
"Capcom vs. SNK 2 EO•Capcom vs. SNK 2 EO: Millionaire Fighting 2001JP,PAL",Capcom,Capcom,2002-07-04JP,"August 30, 2002","July 4, 2002","September 23, 2002"
Captain Tsubasa: Ōgon Sedai no Chōsen,Konami,Konami,2002-09-12JP,Unreleased,"September 12, 2002",Unreleased
Carmen Sandiego: The Secret of the Stolen Drums,Artificial Mind and Movement,BAM! Entertainment,2004-03-05PAL,"March 5, 2004",Unreleased,"September 13, 2004"
Cars,Rainbow Studios,THQ,2006-07-06NA,"July 14, 2006","July 6, 2006","June 6, 2006"
Casper: Spirit Dimensions,Lucky Chicken Games,TDK Mediactive,2002-10-15NA,"February 14, 2003",Unreleased,"October 15, 2002"
Catwoman,Argonaut Games,EA Games,2004-07-20NA,"August 6, 2004",Unreleased,"July 20, 2004"
Cel Damage,Pseudo Interactive,EA Games,2002-01-07NA,"May 3, 2002",Unreleased,"January 7, 2002"
Chaos Field,Milestone,"O3 EntertainmentNA, SegaJP",2005-02-24JP,Unreleased,"February 24, 2005","December 20, 2005"
Charinko Hero,Banpresto,Banpresto,2003-07-17JP,Unreleased,"July 17, 2003",Unreleased
Charlie and the Chocolate Factory,"High Voltage Software, Backbone Entertainment",Global Star Software,2005-07-11NA,"July 22, 2005",Unreleased,"July 11, 2005"
Charlie's Angels,Neko Entertainment,Ubisoft,2003-07-09NA,"July 18, 2003",Unreleased,"July 9, 2003"
Chibi-Robo!,Skip Ltd.,Nintendo,2005-06-23JP,"May 26, 2006","June 23, 2005","February 6, 2006"
Chicken Little,Avalanche Software,"Buena Vista Games, D3 PublisherJP",2005-10-20NA,"February 10, 2006","December 15, 2005","October 20, 2005"
"The Chronicles of Narnia: The Lion, the Witch and the Wardrobe",Traveller's Tales,Buena Vista Games,2005-11-14NA,"March 31, 2006",Unreleased,"November 14, 2005"
City Racer,Ubisoft Bucharest,Ubisoft,2003-04-29NA,Unreleased,Unreleased,"April 29, 2003"
Cocoto FunfairPAL,Neko Entertainment,BigBen Interactive,2006-04-07PAL,"April 7, 2006",Unreleased,Unreleased
Cocoto Kart RacerPAL,Neko Entertainment,BigBen Interactive,2005-04-22PAL,"April 22, 2005",Unreleased,Unreleased
Cocoto Platform JumperPAL,Neko Entertainment,BigBen Interactive,2004-12-10PAL,"December 10, 2004",Unreleased,Unreleased
Codename: Kids Next Door – Operation: V.I.D.E.O.G.A.M.E.,High Voltage Software,Global Star Software,2005-10-11NA,"December 2, 2005",Unreleased,"October 11, 2005"
ConanPAL,Cauldron Ltd.,TDK Mediactive,2005-04-15PAL,"April 15, 2005",Unreleased,Unreleased
Conflict: Desert Storm,Pivotal Games,"Gotham GamesNA, SCiPAL",2003-04-17PAL,"April 17, 2003",Unreleased,"April 22, 2003"
Conflict: Desert Storm II - Back to Baghdad•Conflict: Desert Storm IIPAL,Pivotal Games,"Gotham GamesNA, SCiPAL",2004-01-07NA,"February 6, 2004",Unreleased,"January 7, 2004"
Crash Bandicoot: The Wrath of Cortex,Eurocom Entertainment Software,Vivendi Universal Interactive PublishingKonamiJP,2002-09-17NA,"November 1, 2002","December 4, 2003","September 17, 2002"
Crash Nitro Kart,Vicarious Visions,Vivendi Universal GamesKonamiJP,2003-07-08JP,"November 28, 2003","July 8, 2003","November 11, 2003"
Crash Tag Team Racing,Radical Entertainment,Vivendi Universal Games,2005-10-19NA,"November 11, 2005","December 1, 2005","October 19, 2005"
Crazy Taxi[12][13],Acclaim Studios Cheltenham,Acclaim EntertainmentSegaJP,2001-11-18NA,"May 3, 2002","May 30, 2002","November 18, 2001"
Cubivore: Survival of the Fittest,Nintendo,"NintendoJP, AtlusNA",2002-02-21JP,Unreleased,"February 21, 2002","November 5, 2002"
Cubix Robots for Everyone: Showdown,Blitz Games,The 3DO Company,2003-06-02NA,Unreleased,Unreleased,"June 2, 2003"
Curious George,Monkey Bar Games,Namco,2006-02-01NA,Unreleased,Unreleased,"February 1, 2006"
Custom Robo,Noise Inc.,Nintendo,2004-03-04JP,Unreleased,"March 4, 2004","May 10, 2004"
Dakar 2: The World's Ultimate Rally,Acclaim Studios Cheltenham,Acclaim Entertainment,2003-03-25NA,"March 28, 2003",Unreleased,"March 25, 2003"
Dance Dance Revolution Mario Mix•Dancing Stage Mario MixPAL,Konami,Nintendo,2005-07-14JP,"October 28, 2005","July 14, 2005","October 24, 2005"
Dark Summit,Radical Entertainment,THQ,2002-02-04NA,"May 24, 2002",Unreleased,"February 4, 2002"
Darkened Skye,Boston Animation,"Simon & Schuster, TDK Mediactive",2002-11-16NA,"May 30, 2003",Unreleased,"November 16, 2002"
Dave Mirra Freestyle BMX 2[14],Z-Axis,Acclaim Max Sports,2001-11-18NA,"May 3, 2002",Unreleased,"November 18, 2001"
Dead to Rights,Namco,Namco,2002-11-25NA,"August 22, 2003",Unreleased,"November 25, 2002"
Def Jam Vendetta,"EA Canada, Syn Sophia",EA Sports BIG,2003-03-31NA,"May 23, 2003",Unreleased,"March 31, 2003"
Def Jam: Fight for NY,"EA Canada, Syn Sophia",EA Games,2004-09-20NA,"October 1, 2004",Unreleased,"September 20, 2004"
Defender•Defender: For All MankindPAL,7 Studios,Midway Games,2002-11-06NA,"March 14, 2003",Unreleased,"November 6, 2002"
Derby Tsuku 3: Derby Uma o Tsukurou!,Smilebit,Sega,2003-12-11JP,Unreleased,"December 11, 2003",Unreleased
Die Hard: Vendetta,Bits Studios,Vivendi Universal Games,2002-11-15NA,"November 19, 2002",Unreleased,"November 15, 2002"
Digimon Rumble Arena 2,Bandai,Bandai,2004-09-06NA,"October 15, 2004","July 29, 2004","September 6, 2004"
Digimon World 4,Bandai,Bandai,2005-01-06JP,Unreleased,"January 6, 2005","June 1, 2005"
Dinotopia: The Sunstone Odyssey,Vicious Cycle Software,TDK Mediactive,2003-07-23NA,Unreleased,Unreleased,"July 23, 2003"
Disney Sports Basketball,Konami,Konami,2002-12-19JP,"August 8, 2003","December 19, 2002","January 13, 2003"
Disney Sports Football,Konami,Konami,2002-12-08NA,Unreleased,"December 12, 2002","December 8, 2002"
Disney Sports Skateboarding,Konami,Konami,2002-09-19JP,"March 7, 2003","September 19, 2002","November 17, 2002"
Disney Sports Soccer•Disney Sports: FootballPAL,Konami,Konami,2002-07-18JP,"February 7, 2003","July 18, 2002","November 17, 2002"
Disney's Extreme Skate Adventure,Toys For Bob,Activision,2003-09-04NA,"September 5, 2003",Unreleased,"September 4, 2003"
Disney's Hide & Sneak,Capcom,Capcom,2003-11-30NA,"March 19, 2004","December 4, 2003","November 30, 2003"
Disney's Magical Mirror Starring Mickey Mouse,Capcom,Nintendo,2002-08-09JP,"September 13, 2002","August 9, 2002","August 11, 2002"
Disney's Party,Neverland Co.,Hudson Soft (Japan)Electronic Arts (Overseas),2002-08-01JP,"October 17, 2003","August 1, 2002","September 16, 2003"
Disney's PK: Out of the Shadows•Disney's Donald Duck: PKPAL,Ubisoft Montreal,Ubisoft,2002-11-29JP,"December 5, 2002","November 29, 2002","December 3, 2002"
Disney's Tarzan: Untamed[15]•Disney's Tarzan: FreeridePAL,Ubisoft Montreal,Ubisoft,2001-11-18NA,"May 3, 2002",Unreleased,"November 18, 2001"
Dokapon DX: Wataru Sekai wa Oni Darake,Asmik Ace Entertainment,Asmik Ace Entertainment,2003-04-10JP,Unreleased,"April 10, 2003",Unreleased
Donald Duck: Goin' Quackers•Donald Duck: Quack AttackPAL,Ubisoft Montreal,Ubisoft,2002-03-25NA,"May 3, 2002",Unreleased,"March 25, 2002"
Donkey Kong Jungle Beat,Nintendo EAD Tokyo,Nintendo,2004-12-16JP,"February 4, 2005","December 16, 2004","March 14, 2005"
Donkey Konga,Namco,Nintendo,2003-12-12JP,"October 15, 2004","December 12, 2003","September 27, 2004"
Donkey Konga 2,Namco,Nintendo,2004-07-01JP,"June 3, 2005","July 1, 2004","May 9, 2005"
Donkey Konga 3,Namco,Nintendo,2005-03-17JP,Unreleased,"March 17, 2005",Unreleased
Dora the Explorer: Journey to the Purple Planet,Monkey Bar Games,Global Star Software,2005-10-13NA,"December 16, 2005",Unreleased,"October 13, 2005"
Doraemon: Minna de Asobo! Minidorando,Shogakukan,Shogakukan,2003-07-18JP,Unreleased,"July 18, 2003",Unreleased
Doshin the Giant,Param,Nintendo,2002-03-14JP,"September 20, 2002","March 14, 2002",Unreleased
Doubutsu no Mori e+,Nintendo EAD,Nintendo,2003-06-27JP,Unreleased,"June 27, 2003",Unreleased
Dr. Muto,Midway Games,Midway Games,2002-12-17NA,Unreleased,Unreleased,"December 17, 2002"
Dragon Ball Z: Budokai,Dimps,"AtariNA, BandaiPAL,JP",2003-10-28NA,"November 14, 2003","November 28, 2003","October 28, 2003"
Dragon Ball Z: Budokai 2,Dimps,"AtariNA, BandaiPAL,JP",2004-12-15NA,"March 18, 2005",Unreleased,"December 15, 2004"
Dragon Ball Z: Sagas,Avalanche Software,Atari,2005-03-22NA,Unreleased,Unreleased,"March 22, 2005"
Dragon Drive: D-Masters Shot,Treasure,Bandai,2003-08-08JP,Unreleased,"August 8, 2003",Unreleased
Dragon's Lair 3D: Return to the Lair•Dragon's Lair 3D: Special EditionPAL,Dragonstone Software,"Encore SoftwareNA, THQPAL",2002-12-22NA,"March 26, 2004",Unreleased,"December 22, 2002"
DreamMix TV World Fighters,BitStep,Hudson Soft,2003-12-18JP,Unreleased,"December 18, 2003",Unreleased
Driven,BAM! Entertainment,BAM! Entertainment,2002-03-30NA,"May 3, 2002",Unreleased,"March 30, 2002"
Drome Racers,Attention to Detail,Electronic ArtsLego Interactive,2003-09-16NA,"September 26, 2003",Unreleased,"September 16, 2003"
Duel Masters: Nettō! Battle Arena,AI,Takara,2003-12-18JP,Unreleased,"December 18, 2003",Unreleased
"Ed, Edd n Eddy: The Mis-Edventures",Artificial Mind and Movement,Midway Games,2005-11-03NA,Unreleased,Unreleased,"November 3, 2005"
Egg Mania: Eggstreme Madness•Eggo ManiaPAL,HotGen,"KemcoNA,PAL, Kotobuki SystemsJP",2002-09-12NA,"October 25, 2002","September 27, 2002","September 12, 2002"
Eisei Meijin VI,Konami,Konami,2002-09-26JP,Unreleased,"September 26, 2002",Unreleased
Enter the Matrix,Shiny Entertainment,"InfogramesNA,PAL, BandaiJP",2003-05-14NA,"May 15, 2003","June 19, 2003","May 14, 2003"
ESPN International Winter Sports 2002•ESPN International Winter SportsPAL,Konami,Konami,2002-01-31JP,"May 3, 2002","January 31, 2002","February 4, 2002"
ESPN MLS ExtraTime 2002,Konami,Konami,2002-03-25NA,Unreleased,Unreleased,"March 25, 2002"
Eternal Darkness: Sanity's Requiem,Silicon Knights,Nintendo,2002-06-24NA,"November 1, 2002","October 25, 2002","June 24, 2002"
Evolution Skateboarding,Konami,Konami,2002-11-17NA,"February 21, 2003","December 12, 2002","November 17, 2002"
Evolution Snowboarding,Konami,Konami,2003-02-25NA,"March 28, 2003",Unreleased,"February 25, 2003"
Evolution Worlds,Sting Entertainment,"UbisoftNA,PAL, ESP SoftwareJP",2002-07-26JP,2003,"July 26, 2002","December 2, 2002"
Extreme-G 3,Acclaim Studios Cheltenham,Acclaim Entertainment,2001-11-27NA,"May 3, 2002","March 15, 2002","November 27, 2001"
F-Zero GX,Amusement Vision,Nintendo,2003-07-25JP,"October 31, 2003","July 25, 2003","August 26, 2003"
F1 2002,EA Sports,EA Sports,2002-06-22NA,"July 19, 2002",Unreleased,"June 22, 2002"
F1 Career ChallengePAL,"EA Sports, Visual Sciences",EA Sports,2003-06-27PAL,"June 27, 2003",Unreleased,Unreleased
The Fairly OddParents: Breakin' Da Rules,Blitz Games,THQ,2003-11-03NA,Unreleased,Unreleased,"November 3, 2003"
The Fairly OddParents: Shadow Showdown,Blitz Games,THQ,2004-09-08NA,Unreleased,Unreleased,"September 8, 2004"
Family Stadium 2003,Namco,Namco,2003-05-30JP,Unreleased,"May 30, 2003",Unreleased
Fantastic 4•Fantastic FourPAL,7 Studios,Activision,2005-06-27NA,"July 15, 2005",Unreleased,"June 27, 2005"
FIFA Soccer 06•FIFA 06PAL,EA Canada,EA Sports,2005-09-30PAL,"September 30, 2005",Unreleased,"October 4, 2005"
FIFA Soccer 07•FIFA 07PAL,EA Canada,EA Sports,2006-09-29PAL,"September 29, 2006",Unreleased,"October 3, 2006"
FIFA Soccer 2002,EA Sports,"EA Sports, Electronic Arts VictorJP",2001-11-15JP,Unreleased,"November 15, 2001","November 21, 2001"
FIFA Soccer 2003•FIFA Football 2003PAL,EA Canada,EA Sports,2002-11-01PAL,"November 1, 2002","December 6, 2002","November 14, 2002"
FIFA Soccer 2004•FIFA Football 2004PAL,EA Canada,EA Sports,2003-10-24PAL,"October 24, 2003",Unreleased,"November 4, 2003"
FIFA Soccer 2005•FIFA Football 2005PAL,EA Canada,EA Sports,2004-10-08PAL,"October 8, 2004",Unreleased,"October 12, 2004"
FIFA Street,EA Canada,EA Sports BIG,2005-02-22NA,"March 11, 2005",Unreleased,"February 22, 2005"
FIFA Street 2,EA Canada,EA Sports BIG,2006-02-28NA,"March 3, 2006",Unreleased,"February 28, 2006"
Fight Night Round 2,EA Sports,EA Sports,2005-02-28NA,"March 18, 2005","September 1, 2005","February 28, 2005"
Final Fantasy Crystal Chronicles,Square Enix,Nintendo,2003-08-08JP,"March 12, 2004","August 8, 2003","February 9, 2004"
Finding Nemo,Traveller's Tales,THQ,2003-05-12NA,"September 26, 2003","December 6, 2003","May 12, 2003"
Fire Blade,Kuju Entertainment,Midway Games,2002-12-29NA,"February 6, 2003",Unreleased,"December 29, 2002"
Fire Emblem: Path of Radiance,Intelligent Systems,Nintendo,2005-04-20JP,"November 4, 2005EU December 1, 2005AUS","April 20, 2005","October 17, 2005"
Flushed Away,Monkey Bar Games,D3 Publisher,2006-10-24NA,"November 24, 2006",Unreleased,"October 24, 2006"
Franklin: A Birthday SurprisePAL,Neko Entertainment,The Game Factory,2006-06-16PAL,"June 16, 2006",Unreleased,Unreleased
Freaky Flyers,Midway Games,Midway Games,2003-08-08NA,Unreleased,Unreleased,"August 8, 2003"
Freedom Fighters,IO Interactive,EA Games,2003-09-26PAL,"September 26, 2003",Unreleased,"October 1, 2003"
Freekstyle,"Hypnos Entertainment, Page 44 Studios",EA Sports BIG,2002-09-05NA,"September 20, 2002",Unreleased,"September 5, 2002"
Freestyle MetalX,Deibus Studios,Midway Games,2003-09-12NA,Unreleased,Unreleased,"September 12, 2003"
Freestyle Street Soccer•Urban Freestyle SoccerPAL,Gusto Games,Acclaim Entertainment,2004-03-05PAL,"March 5, 2004",Unreleased,"March 25, 2004"
Frogger: Ancient Shadow,Hudson Soft,Konami,2005-09-27NA,Unreleased,Unreleased,"September 27, 2005"
Frogger Beyond,Konami Computer Entertainment Hawaii,Konami,2002-12-06NA,"June 27, 2003","June 5, 2003","December 6, 2002"
Frogger's Adventures: The Rescue,Konami,Konami,2003-10-31NA,Unreleased,Unreleased,"October 31, 2003"
From Russia with Love,EA Redwood Shores,Electronic Arts,2005-11-15NA,"November 18, 2005",Unreleased,"November 15, 2005"
Future Tactics: The Uprising,Warthog Games,"Crave EntertainmentNA, JoWooD ProductionsPAL",2004-05-10NA,"October 22, 2004",Unreleased,"May 10, 2004"
Gakuen Toshi Vara Noir,Idea Factory,Idea Factory,2004-01-23JP,Unreleased,"January 23, 2004",Unreleased
Gauntlet: Dark Legacy,Midway Games,Midway Games,2002-03-06NA,"July 19, 2002",Unreleased,"March 6, 2002"
Geist,n-Space,Nintendo,2005-08-15NA,"October 7, 2005",Unreleased,"August 15, 2005"
Gekitō Pro Yakyū,Wow Entertainment,Sega,2003-09-11JP,Unreleased,"September 11, 2003",Unreleased
Generation of Chaos Exceed,Idea Factory,Idea Factory,2003-02-06JP,Unreleased,"February 6, 2003",Unreleased
GiFTPiA,Skip Ltd.,Nintendo,2003-04-25JP,Unreleased,"April 25, 2003",Unreleased
Gladius,LucasArts,"LucasArtsNA, ActivisionPAL",2003-04-25NA,"November 28, 2003",Unreleased,"November 3, 2003"
Go! Go! Hypergrind,Poponchi,Atlus Co.,2003-11-18NA,Unreleased,Unreleased,"November 18, 2003"
Goblin Commander: Unleash the Horde,Jaleco Entertainment,Jaleco Entertainment,2003-12-16NA,"July 16, 2004",Unreleased,"December 16, 2003"
Godzilla: Destroy All Monsters Melee,Pipeworks Software,Infogrames,2002-10-08NA,"November 15, 2002","December 12, 2002","October 8, 2002"
GoldenEye: Rogue Agent,EA Los Angeles,EA Games,2004-11-22NA,"December 3, 2004","January 13, 2005","November 22, 2004"
Gotcha Force,Capcom,Capcom,2003-11-27JP,"February 20, 2004","November 27, 2003","December 3, 2003"
The Grim Adventures of Billy & Mandy,High Voltage Software,Midway Games,2006-09-25NA,Unreleased,Unreleased,"September 25, 2006"
Grooverider: Slot Car Thunder,King of the Jungle,Encore Software,2003-09-28NA,Unreleased,Unreleased,"September 28, 2003"
GT Cube,MTO,MTO,2003-06-20JP,Unreleased,"June 20, 2003",Unreleased
GUN,Neversoft Entertainment,Activision,2005-11-08NA,"November 25, 2005",Unreleased,"November 8, 2005"
Happy Feet,Artificial Mind and Movement,Midway Games,2006-11-14NA,Unreleased,Unreleased,"November 14, 2006"
Harry Potter and the Chamber of Secrets,Eurocom,EA Games,2002-11-14NA,"November 15, 2002","November 23, 2002","November 14, 2002"
Harry Potter and the Goblet of Fire,EA UK,Electronic Arts,2005-11-08NA,"November 11, 2005","November 26, 2005","November 8, 2005"
Harry Potter and the Sorcerer's Stone•Harry Potter and the Philosopher's StonePAL,Warthog Games,EA Games,2003-12-09NA,"December 12, 2003","December 11, 2003","December 9, 2003"
Harry Potter and the Prisoner of Azkaban,EA UK,EA Games,2004-05-29NA,"June 2, 2004","June 26, 2004","May 29, 2004"
Harry Potter: Quidditch World Cup,Magic Pockets,EA Games,2003-10-28NA,"November 7, 2003","November 13, 2003","October 28, 2003"
Harvest Moon: A Wonderful Life,Marvelous Entertainment,"Marvelous Entertainment (JP), Natsume (NA), Ubisoft (EU)",2003-09-12JP,"March 26, 2004","September 12, 2003","March 16, 2004"
Harvest Moon: Another Wonderful Life,Marvelous Entertainment,"Marvelous Entertainment, Natsume",2004-07-08JP,Unreleased,"July 8, 2004","July 26, 2005"
Harvest Moon: Magical Melody,Marvelous Entertainment,"Marvelous Entertainment, Natsume",2005-11-10JP,Unreleased,"November 10, 2005","March 28, 2006"
The Haunted Mansion,High Voltage Software,TDK Mediactive,2003-10-14NA,Unreleased,Unreleased,"October 14, 2003"
Hello Kitty: Roller Rescue,XPEC Entertainment,"Empire Interactive, Namco",2005-08-16NA,"September 9, 2005",Unreleased,"August 16, 2005"
Hikaru no Go 3,Konami,Konami,2003-03-20JP,Unreleased,"March 20, 2003",Unreleased
Hitman 2: Silent Assassin,IO Interactive,Eidos Interactive,2003-06-19NA,"June 27, 2003",Unreleased,"June 19, 2003"
The Hobbit,Inevitable Entertainment,Vivendi Universal Games,2003-11-11NA,"November 28, 2003",Unreleased,"November 11, 2003"
Home Run King,Wow Entertainment,Sega,2002-03-18NA,Unreleased,Unreleased,"March 18, 2002"
Homeland,Chunsoft,Chunsoft,2005-04-29JP,Unreleased,"April 29, 2005",Unreleased
Hot Wheels Velocity X,Beyond Games,THQ,2002-11-12NA,"December 13, 2002",Unreleased,"November 12, 2002"
Hot Wheels World Race•Hot Wheels Highway 35 World RacePAL,Climax Group,THQ,2003-10-31NA,"November 28, 2003",Unreleased,"October 31, 2003"
Hudson Selection Vol. 1: Lode Runner,Red Entertainment,Hudson Soft,2003-07-10JP,Unreleased,"July 10, 2003",Unreleased
Hudson Selection Vol. 2: Star Soldier,Red Entertainment,Hudson Soft,2003-07-10JP,Unreleased,"July 10, 2003",Unreleased
Hudson Selection Vol. 3: Bonk's Adventure,Red Entertainment,Hudson Soft,2003-12-18JP,Unreleased,"December 18, 2003",Unreleased
Hudson Selection Vol. 4: Adventure Island,Red Entertainment,Hudson Soft,2003-12-18JP,Unreleased,"December 18, 2003",Unreleased
Hulk,Radical Entertainment,Vivendi Universal Games,2003-05-28NA,"June 13, 2003",Unreleased,"May 28, 2003"
Hunter: The Reckoning,High Voltage Software,Interplay Entertainment,2002-11-18NA,"July 11, 2003",Unreleased,"November 18, 2002"
I-Ninja,Argonaut Games,Namco,2003-12-04NA,Unreleased,Unreleased,"December 4, 2003"
Ice Age 2: The Meltdown,Eurocom Entertainment Software,Vivendi Universal Games,2006-03-14NA,"March 31, 2006",Unreleased,"March 14, 2006"
Ikaruga,"G.rev, Treasure",Infogrames,2003-01-16JP,"May 23, 2003","January 16, 2003","April 15, 2003"
The Incredible Hulk: Ultimate Destruction,Radical Entertainment,Vivendi Universal Games,2005-08-23NA,"September 9, 2005",Unreleased,"August 23, 2005"
The Incredibles,Heavy Iron Studios,THQ,2004-10-31NA,"November 5, 2004","December 2, 2005","October 31, 2004"
The Incredibles: Rise of the Underminer,Heavy Iron Studios,THQ,2005-11-01NA,"November 25, 2005","February 9, 2006","November 1, 2005"
Intellivision Lives!,Realtime Associates,Crave Entertainment,2004-11-04NA,Unreleased,Unreleased,"November 4, 2004"
International Superstar Soccer 2,Konami,Konami,2002-03-14JP,"May 3, 2002","March 14, 2002",Unreleased
International Superstar Soccer 3PAL,Konami,Konami,2003-03-14JP,"May 30, 2003","March 14, 2003",Unreleased
The Italian Job,Climax Group,Eidos Interactive,2003-07-17NA,"September 12, 2003",Unreleased,"July 17, 2003"
James Bond 007: Everything or Nothing,EA Redwood Shores,EA Games,2004-02-11JP,"February 27, 2004","February 11, 2004","February 17, 2004"
James Bond 007: Agent Under Fire,EA Redwood Shores,EA Games,2002-03-13NA,"June 14, 2002",Unreleased,"March 13, 2002"
James Bond 007: NightFire,Eurocom,EA Games,2002-11-18NA,"November 29, 2002",Unreleased,"November 18, 2002"
Jeremy McGrath Supercross World,Acclaim Studios Salt Lake City,Acclaim Max Sports,2002-02-27NA,"June 7, 2002",Unreleased,"February 27, 2002"
Jikkyou Powerful Major League,Konami,Konami,2006-05-11JP,Unreleased,"May 11, 2006",Unreleased
Jikkyou Powerful Pro Yakyuu 10,Konami,Konami,2003-07-17JP,Unreleased,"July 17, 2003",Unreleased
Jikkyou Powerful Pro Yakyuu 10 Chou Ketteiban,Konami,Konami,2003-12-18JP,Unreleased,"December 18, 2003",Unreleased
Jikkyou Powerful Pro Yakyuu 11,Konami,Konami,2004-07-15JP,Unreleased,"July 15, 2004",Unreleased
Jikkyou Powerful Pro Yakyuu 11 Chou Ketteiban,Konami,Konami,2004-12-16JP,Unreleased,"December 16, 2004",Unreleased
Jikkyou Powerful Pro Yakyuu 12,Konami,Konami,2005-07-14JP,Unreleased,"July 14, 2005",Unreleased
Jikkyou Powerful Pro Yakyuu 12 Ketteiban,Konami,Konami,2005-12-15JP,Unreleased,"December 15, 2005",Unreleased
Jikkyou Powerful Pro Yakyuu 9,Konami,Konami,2002-07-18JP,Unreleased,"July 18, 2002",Unreleased
Jikkyou Powerful Pro Yakyuu 9 Ketteiban,Konami,Konami,2002-12-19JP,Unreleased,"December 19, 2002",Unreleased
Jikkyō World Soccer 2002,Konami Computer Entertainment Osaka,Konami,2002-03-14JP,Unreleased,"March 14, 2002",Unreleased
Jimmy Neutron: Boy Genius,Big Sky Software,THQ,2002-12-17NA,"March 7, 2003",Unreleased,"December 17, 2002"
Judge Dredd: Dredd Vs. Death,Rebellion Developments,BAM! Entertainment (NA)Vivendi Universal Games (EU),2003-12-12NA,"March 1, 2005",Unreleased,"December 12, 2003"
Kao the Kangaroo Round 2,Tate Interactive,JoWooD Productions (EU)Atari (NA),2005-04-15PAL,"April 15, 2005",Unreleased,"March 29, 2006"
Karaoke Revolution Party,Harmonix Music Systems,Konami,2005-11-08NA,Unreleased,Unreleased,"November 8, 2005"
Kelly Slater's Pro Surfer,Treyarch,Activision O2,2002-09-16NA,"October 18, 2002",Unreleased,"September 16, 2002"
Kidō Senshi Gundam: Gundam vs. Z Gundam,Bandai,Bandai,2004-12-09JP,Unreleased,"December 9, 2004",Unreleased
Kidō Senshi Gundam: Senshitachi no Kiseki,Bandai,Bandai,2004-03-18JP,Unreleased,"March 18, 2004",Unreleased
Killer7,Grasshopper Manufacture,Capcom,2005-06-09JP,"July 15, 2005","June 9, 2005","July 7, 2005"
King Arthur,Krome Studios,Konami,2004-11-18NA,"February 11, 2005",Unreleased,"November 18, 2004"
Kirby Air Ride,HAL Laboratory,Nintendo,2003-07-11JP,"February 27, 2004","July 11, 2003","October 13, 2003"
Kiwame Mahjong DX2,Athena,Athena,2002-08-09JP,Unreleased,"August 9, 2002",Unreleased
Knights of the Temple: Infernal CrusadePAL,Starbreeze Studios,TDK Mediactive,2004-03-19PAL,"March 19, 2004",Unreleased,Unreleased
Knockout Kings 2003,EA Sports,EA Sports,2002-10-09NA,"December 20, 2002",Unreleased,"October 9, 2002"
Konjiki no Gash Bell!! Yūjō no Tag Battle Full Power,Bandai,Bandai,2004-08-05JP,Unreleased,"August 5, 2004",Unreleased
Konjiki no Gash Bell!! Go! Go! Mamono Fight!!,8ing,Bandai,2005-12-15JP,Unreleased,"December 15, 2005",Unreleased
Korokke! Ban-Ō no Kiki o Sukue,Konami,Konami,2004-07-08JP,Unreleased,"July 8, 2004",Unreleased
Kururin Squash!,Eighting,Nintendo,2004-10-14JP,Unreleased,"October 14, 2004",Unreleased
Largo Winch: Empire Under ThreatPAL,Dupuis,Ubisoft,2002-10-01PAL,"October 1, 2002",Unreleased,Unreleased
Legend of Golfer,SETA Corporation,Nintendo,2004-06-17JP,Unreleased,"June 17, 2004",Unreleased
The Legend of Spyro: A New Beginning,Krome Studios,Vivendi Games,2006-10-10NA,"October 27, 2006",Unreleased,"October 10, 2006"
The Legend of the Quiz Tournament of Champions,Nintendo,Nintendo,2005-12-08JP,Unreleased,"December 8, 2005",Unreleased
The Legend of Zelda: Collector's Edition,Nintendo,Nintendo,2003-11-14PAL,"November 14, 2003",Unreleased,"November 17, 2003"
The Legend of Zelda: Four Swords Adventures,Nintendo Research & Development 1,Nintendo,2004-03-18JP,"January 7, 2005","March 18, 2004","June 7, 2004"
The Legend of Zelda: Ocarina of Time / Master Quest,Nintendo Entertainment Analysis and Development,Nintendo,2002-11-28JP,"May 3, 2003","November 28, 2002","February 17, 2003"
The Legend of Zelda: Twilight Princess,Nintendo Entertainment Analysis and Development,Nintendo,2006-12-02JP,"December 15, 2006EU December 19, 2006AUS","December 2, 2006","December 11, 2006"
The Legend of Zelda: The Wind Waker,Nintendo Entertainment Analysis and Development,Nintendo,2002-12-13JP,"May 2, 2003EU May 7, 2003AUS","December 13, 2002","March 24, 2003"
Legends of Wrestling,Acclaim Studios Salt Lake City,Acclaim Entertainment,2002-05-27NA,"June 7, 2002",Unreleased,"May 27, 2002"
Legends of Wrestling II,Acclaim Studios Salt Lake City,Acclaim Entertainment,2002-11-26NA,"February 7, 2003",Unreleased,"November 26, 2002"
Lego Star Wars: The Video Game,Traveller's Tales,Eidos InteractiveTT Games Publishing,2005-10-25NA,"November 4, 2005",Unreleased,"October 25, 2005"
Lego Star Wars II: The Original Trilogy,Traveller's Tales,LucasArts,2006-09-11PAL,"September 11, 2006",Unreleased,"September 12, 2006"
Lemony Snicket's A Series of Unfortunate Events,"Adrenium Games, Amaze Entertainment",Activision,2004-11-10NA,"November 26, 2004",Unreleased,"November 10, 2004"
Looney Tunes: Back in Action,Warthog Games,Electronic Arts,2003-11-24NA,"January 30, 2004",Unreleased,"November 24, 2003"
The Lord of the Rings: The Return of the King•Lord of the Rings: The Return of the KingPAL,EA Redwood Shores,EA Games,2003-11-05NA,"November 14, 2003","January 8, 2004","November 5, 2003"
The Lord of the Rings: The Third Age,EA Redwood Shores,EA Games,2004-11-02NA,"November 5, 2004","December 22, 2004","November 2, 2004"
The Lord of the Rings: The Two Towers•Lord of the Rings: The Two TowersPAL,Stormfront Studios,EA Games,2002-12-31NA,"March 14, 2003","February 14, 2003","December 31, 2002"
Lost Kingdoms,FromSoftware,"FromSoftware, Activision",2002-04-25JP,"August 9, 2002","April 25, 2002","May 27, 2002"
Lost Kingdoms II,FromSoftware,"FromSoftware, Activision",2003-05-21NA,"June 6, 2003","May 23, 2003","May 21, 2003"
Lotus Challenge,Kuju Entertainment,Ignition Entertainment,2004-07-29NA,Unreleased,Unreleased,"July 29, 2004"
Luigi's Mansion[16],Nintendo EAD,Nintendo,2001-09-14JP,"May 3, 2002EU May 17, 2002AUS","September 14, 2001","November 18, 2001"
Lupin Sansei: Umi ni Kieta Hihou,Asmik Ace Entertainment,Asmik Ace Entertainment,2003-07-31JP,Unreleased,"July 31, 2003",Unreleased
Madagascar,Toys For Bob,"Activision,Bandai (Japan)",2005-05-24NA,"June 30, 2005","August 11, 2005","May 24, 2005"
Madden NFL 2002[17],EA Tiburon,EA Sports,2001-11-18NA,Unreleased,Unreleased,"November 18, 2001"
Madden NFL 2003,EA Tiburon,EA Sports,2002-08-12NA,"October 11, 2002",Unreleased,"August 12, 2002"
Madden NFL 2004,EA Tiburon,EA Sports,2003-08-12NA,"September 12, 2003",Unreleased,"August 12, 2003"
Madden NFL 2005,EA Tiburon,EA Sports,2004-08-09NA,"September 17, 2004",Unreleased,"August 9, 2004"
Madden NFL 06,EA Tiburon,EA Sports,2005-08-08NA,"September 16, 2005",Unreleased,"August 8, 2005"
Madden NFL 07,EA Tiburon,EA Sports,2006-08-22NA,Unreleased,Unreleased,"August 22, 2006"
Madden NFL 08,EA Tiburon,EA Sports,2007-08-14NA,Unreleased,Unreleased,"August 14, 2007"
Major League Baseball 2K6,Kush Games,2K Sports,2006-06-12NA,Unreleased,Unreleased,"June 12, 2006"
Mario Golf: Toadstool Tour,Camelot Software Planning,Nintendo,2003-07-29NA,"June 18, 2004","September 5, 2003","July 29, 2003"
Mario Kart: Double Dash!!,Nintendo EAD,Nintendo,2003-11-07JP,"November 14, 2003EU November 20, 2003AUS","November 7, 2003","November 17, 2003"
Mario Party 4,Hudson Soft,Nintendo,2002-10-21NA,"November 29, 2002","November 8, 2002","October 21, 2002"
Mario Party 5,Hudson Soft,Nintendo,2003-11-10NA,"December 5, 2003","November 28, 2003","November 10, 2003"
Mario Party 6,Hudson Soft,Nintendo,2004-11-18JP,"March 18, 2005","November 18, 2004","December 6, 2004"
Mario Party 7,Hudson Soft,Nintendo,2005-11-07NA,"February 10, 2006","November 10, 2005","November 7, 2005"
Mario Power Tennis,Camelot Software Planning,Nintendo,2004-10-28JP,"February 25, 2005","October 28, 2004","November 8, 2004"
Mario Superstar Baseball,Namco,Nintendo,2005-07-21JP,"November 11, 2005","July 21, 2005","August 29, 2005"
Mark Davis Pro Bass Challenge,"SIMS Co., Ltd.",Natsume,2005-09-20NA,Unreleased,Unreleased,"September 20, 2005"
Marvel Nemesis: Rise of the Imperfects,Nihilistic Software,Electronic Arts,2005-09-20NA,"October 14, 2005",Unreleased,"September 20, 2005"
Mary-Kate and Ashley: Sweet 16 – Licensed to Drive,n-Space,Club Acclaim,2003-02-14NA,"June 1, 2003",Unreleased,"February 14, 2003"
Mat Hoffman's Pro BMX 2,Gratuitous Games,Activision O2,2002-10-08NA,"December 6, 2002",Unreleased,"October 8, 2002"
MC Groovz Dance Craze,Mad Catz,Mad Catz,2004-11-22NA,"June 23, 2005",Unreleased,"November 22, 2004"
Medabots Infinity,Natsume,"Natsume, Ubisoft",2003-11-28JP,"September 24, 2004","November 28, 2003","December 14, 2003"
Medal of Honor: European Assault,EA Los Angeles,EA Games,2005-06-07NA,"June 17, 2005","August 11, 2005","June 7, 2005"
Medal of Honor: Frontline,EA Los Angeles,EA Games,2002-11-10NA,"December 6, 2002",Unreleased,"November 10, 2002"
Medal of Honor: Rising Sun,EA Los Angeles,EA Games,2003-11-11NA,"November 28, 2003","December 4, 2004","November 11, 2003"
Meet the Robinsons,Avalanche Software,Disney Interactive Studios,2007-03-27NA,Unreleased,Unreleased,"March 27, 2007"
Mega Man Anniversary Collection,Atomic Planet Entertainment,Capcom,2004-06-22NA,Unreleased,Unreleased,"June 22, 2004"
Mega Man Network Transmission,Arika,Capcom,2003-03-06JP,"June 26, 2003","March 6, 2003","June 17, 2003"
Mega Man X Collection,Capcom,Capcom,2006-01-10NA,Unreleased,Unreleased,"January 10, 2006"
Mega Man X: Command Mission,Capcom,Capcom,2004-07-29JP,"November 19, 2004","July 29, 2004","September 21, 2004"
Men in Black II: Alien Escape,Infogrames Melbourne House,Infogrames,2003-02-07PAL,"February 7, 2003",Unreleased,"February 27, 2003"
Mercedes-Benz World RacingPAL,Synetic,TDK Mediactive,2004-04-08PAL,"April 8, 2004",Unreleased,Unreleased
Metal Arms: Glitch in the System,Swingin' Ape Studios,Vivendi Universal Games,2003-11-18NA,"December 5, 2003",Unreleased,"November 18, 2003"
Metal Gear Solid: The Twin Snakes,"Konami, Silicon Knights",Konami,2004-03-09NA,"March 26, 2004","March 11, 2004","March 9, 2004"
Metal Gear Solid: The Twin Snakes Special Disc[18][19],"Konami, Silicon Knights",Konami,2004-03-11JP,Unreleased,"March 11, 2004",Unreleased
Metroid Prime,Retro Studios,Nintendo,2002-11-17NA,"March 21, 2003","February 28, 2003","November 17, 2002"
Metroid Prime 2: Echoes,Retro Studios,Nintendo,2004-11-15NA,"November 26, 2004","May 26, 2005","November 15, 2004"
Micro MachinesPAL,Infogrames Sheffield House,Infogrames,2003-01-17PAL,"January 17, 2003",Unreleased,Unreleased
Midway Arcade Treasures,Backbone Entertainment,Midway Games,2003-12-18NA,Unreleased,Unreleased,"December 18, 2003"
Midway Arcade Treasures 2,Backbone Entertainment,Midway Games,2004-10-11NA,Unreleased,Unreleased,"October 11, 2004"
Midway Arcade Treasures 3,Backbone Entertainment,Midway Games,2005-10-26NA,Unreleased,Unreleased,"October 26, 2005"
Minority Report: Everybody Runs,Treyarch,Activision,2002-11-19NA,"December 6, 2002",Unreleased,"November 19, 2002"
Mission: Impossible - Operation Surma,Paradigm Entertainment,Atari,2004-03-23NA,"April 2, 2004","March 25, 2004","March 23, 2004"
MLB Slugfest 20-03,Gratuitous Games,Midway Games,2002-09-03NA,Unreleased,Unreleased,"September 3, 2002"
MLB Slugfest 20-04,Gratuitous Games,Midway Games,2003-03-16NA,Unreleased,Unreleased,"March 16, 2003"
Momotarō Dentetsu 11: Black Bombee Shutsugen! No Maki,Hudson Soft,Hudson Soft,2002-12-05JP,Unreleased,"December 5, 2002",Unreleased
Momotarō Dentetsu 12: Nishinihon Hen mo ari Masse!,Hudson Soft,Hudson Soft,2003-12-11JP,Unreleased,"December 11, 2003",Unreleased
Monopoly Party,Runecraft,InfogramesTomy (JP),2002-11-20NA,"February 27, 2003","July 31, 2003","November 20, 2002"
Monster 4x4: Masters of Metal,Ubisoft Barcelona,UbiSoft,2003-12-10NA,Unreleased,Unreleased,"December 10, 2003"
Monster House,Artificial Mind and Movement,THQ,2006-07-18NA,"August 4, 2006",Unreleased,"July 18, 2006"
Monster Jam: Maximum Destruction,Inland Productions,Ubisoft,2002-12-06PAL,"December 6, 2002",Unreleased,"December 29, 2002"
"Monsters, Inc. Scream Arena",Radical Entertainment,THQ,2002-09-14NA,"April 11, 2003",Unreleased,"September 14, 2002"
Mortal Kombat: Deadly Alliance,Midway Games,Midway Games,2002-11-17NA,"February 14, 2003",Unreleased,"November 17, 2002"
Mortal Kombat: Deception,Midway Games,Midway Games,2005-03-01NA,Unreleased,Unreleased,"March 1, 2005"
Mr. Driller: Drill Land,Namco,Namco,2002-12-20JP,Unreleased,"December 20, 2002",Unreleased
Muppets Party Cruise,Mass Media,TDK Mediactive,2003-11-11NA,Unreleased,Unreleased,"November 11, 2003"
Muscle Champion: Kinnikutō Kessen,Konami,Konami,2002-11-21JP,Unreleased,"November 21, 2002",Unreleased
Mutsu to Nohohon,Takara Tomy,Takara Tomy,2002-07-19JP,Unreleased,"July 19, 2002",Unreleased
MVP Baseball 2004,EA Canada,EA Sports,2004-03-09NA,Unreleased,Unreleased,"March 9, 2004"
MVP Baseball 2005,EA Canada,EA Sports,2005-02-22NA,Unreleased,Unreleased,"February 22, 2005"
MX Superfly,Locomotive Games,THQ,2002-06-25NA,"October 4, 2002",Unreleased,"June 25, 2002"
Mystic Heroes,Koei,Koei,2002-03-29JP,"December 13, 2002","March 29, 2002","September 30, 2002"
Namco Museum,Mass Media,Namco,2002-10-09NA,Unreleased,Unreleased,"October 9, 2002"
Namco Museum 50th Anniversary,Backbone Entertainment,NamcoElectronic Arts (EU),2005-08-30NA,"May 5, 2006",Unreleased,"August 30, 2005"
Naruto: Clash of Ninja,Eighting,"D3 Publisher, Tomy",2003-04-11JP,Unreleased,"April 11, 2003","March 7, 2006"
Naruto: Clash of Ninja 2•Naruto: Clash of NinjaPAL,Eighting,TomyNintendo (EU),2003-12-04JP,"November 24, 2006","December 4, 2003","September 26, 2006"
Naruto: Gekitō Ninja Taisen! 3,Eighting,Tomy,2004-11-20JP,Unreleased,"November 20, 2004",Unreleased
Naruto: Gekitō Ninja Taisen! 4,Eighting,Tomy,2005-11-21JP,Unreleased,"November 21, 2005",Unreleased
NASCAR 2005: Chase for the Cup,EA Tiburon,EA Sports,2004-09-04NA,Unreleased,Unreleased,"September 4, 2004"
NASCAR Thunder 2003,EA Sports,EA Sports,2002-09-19NA,Unreleased,Unreleased,"September 19, 2002"
NASCAR: Dirt to Daytona,Monster Games,Infogrames,2002-11-27NA,Unreleased,Unreleased,"November 27, 2002"
NBA 2K2,Visual Concepts,Sega,2002-03-20NA,Unreleased,Unreleased,"March 20, 2002"
NBA 2K3,Visual Concepts,Sega,2002-10-07NA,"March 28, 2003",Unreleased,"October 7, 2002"
NBA Courtside 2002,Left Field Productions,Nintendo,2002-01-13NA,"May 24, 2002","March 29, 2002","January 13, 2002"
NBA Live 2003,EA Canada,EA Sports,2002-10-08NA,"December 6, 2002",Unreleased,"October 8, 2002"
NBA Live 2004,EA Canada,EA Sports,2003-10-15NA,"November 7, 2003",Unreleased,"October 15, 2003"
NBA Live 2005,EA Canada,EA Sports,2004-09-28NA,"October 29, 2004",Unreleased,"September 28, 2004"
NBA Live 06,EA Canada,EA Sports,2005-09-26NA,"October 7, 2005",Unreleased,"September 26, 2005"
NBA Street,EA Canada,EA Sports BIG,2002-02-17NA,Unreleased,"March 22, 2002","February 17, 2002"
NBA Street Vol. 2,EA Canada,EA Sports BIG,2003-04-28NA,"May 2, 2003",Unreleased,"April 28, 2003"
NBA Street V3,EA Canada,EA Sports BIG,2005-02-08NA,"February 18, 2005","May 26, 2005","February 8, 2005"
NCAA College Basketball 2K3,Kush Games,Sega,2002-12-02NA,Unreleased,Unreleased,"December 2, 2002"
NCAA College Football 2K3,Visual Concepts,Sega,2002-09-09NA,Unreleased,Unreleased,"September 9, 2002"
NCAA Football 2003,EA Sports,EA Sports,2002-07-20NA,Unreleased,Unreleased,"July 20, 2002"
NCAA Football 2004,EA Sports,EA Sports,2003-07-16NA,Unreleased,Unreleased,"July 16, 2003"
NCAA Football 2005,EA Sports,EA Sports,2004-07-15NA,Unreleased,Unreleased,"July 15, 2004"
Need for Speed: Carbon,EA Canada,Electronic Arts,2006-10-31NA,"November 3, 2006",Unreleased,"October 31, 2006"
Need for Speed: Hot Pursuit 2,EA Seattle,EA Games,2002-09-30NA,"October 25, 2002",Unreleased,"September 30, 2002"
Need for Speed: Most Wanted,EA Canada,Electronic Arts,2005-11-15NA,"November 25, 2005","December 22, 2005","November 15, 2005"
Need for Speed: Underground,EA Black Box,EA Games,2003-11-17NA,"November 21, 2003","December 25, 2003","November 17, 2003"
Need for Speed: Underground 2,EA Black Box,EA Games,2004-11-15NA,"November 19, 2004","December 22, 2004","November 15, 2004"
Neighbours from HellPAL,JoWooD Vienna,JoWooD Productions,2005-03-04PAL,"March 4, 2005",Unreleased,Unreleased
NFL 2K3,Visual Concepts,Sega,2002-08-21NA,"March 28, 2003",Unreleased,"August 21, 2002"
NFL Blitz 20-02,"Point of View, Inc.",Midway Games,2002-03-18NA,Unreleased,Unreleased,"March 18, 2002"
NFL Blitz 20-03,"Point of View, Inc.",Midway Games,2002-08-12NA,Unreleased,Unreleased,"August 12, 2002"
NFL Blitz Pro,Midway Games,Midway Games,2003-12-02NA,Unreleased,Unreleased,"December 2, 2003"
NFL Quarterback Club 2002,Acclaim Studios Austin,Acclaim Sports,2001-12-14NA,Unreleased,Unreleased,"December 14, 2001"
NFL Street,EA Tiburon,EA Sports,2004-01-14NA,"January 30, 2004",Unreleased,"January 14, 2004"
NFL Street 2,EA Tiburon,EA Sports,2004-12-22NA,"January 28, 2005",Unreleased,"December 22, 2004"
NHL 2003,EA Sports,EA Sports,2002-09-30NA,"October 25, 2002",Unreleased,"September 30, 2002"
NHL 2004,EA Sports,EA Sports,2003-09-22NA,"October 10, 2003",Unreleased,"September 22, 2003"
NHL 2005,EA Sports,EA Sports,2004-09-20NA,"October 8, 2004",Unreleased,"September 20, 2004"
NHL 06,EA Sports,EA Sports,2005-09-06NA,"September 23, 2005",Unreleased,"September 6, 2005"
NHL 2K3,Treyarch,Sega,2002-12-11NA,"March 28, 2003",Unreleased,"December 11, 2002"
NHL Hitz 20-02[20],Black Box Games,Midway Games,2001-11-18NA,"May 3, 2002",Unreleased,"November 18, 2001"
NHL Hitz 20-03,Black Box Games,Midway Games,2002-09-16NA,"November 1, 2002",Unreleased,"September 16, 2002"
NHL Hitz Pro,Next Level Games,Midway Games,2003-09-25NA,Unreleased,Unreleased,"September 25, 2003"
Nickelodeon Party Blast,Data Design Interactive,Infogrames,"2002-12-06NA,PAL","December 6, 2002",Unreleased,"December 6, 2002"
Nicktoons: Battle for Volcano Island,Blue Tongue Entertainment,THQ,2006-10-24NA,Unreleased,Unreleased,"October 24, 2006"
Nicktoons Unite!•SpongeBob SquarePants & Friends: Unite!PAL,Blue Tongue Entertainment,THQ,2005-10-27NA,"March 3, 2006",Unreleased,"October 27, 2005"
Nintendo Puzzle Collection,"Intelligent Systems, Nintendo Software Technology",Nintendo,2003-02-07JP,Unreleased,"February 7, 2003",Unreleased
Odama•Yoot Saito's Odama,Vivarium,Nintendo,2006-03-31PAL,"March 31, 2006","April 13, 2006","April 10, 2006"
Ohenro-San,Panasonic Corporation,Panasonic Corporation,2003-04-24JP,Unreleased,"April 24, 2003",Unreleased
One Piece: Grand Adventure,Ganbarion,Namco Bandai Games,2006-08-29NA,Unreleased,Unreleased,"August 29, 2006"
One Piece: Grand Battle! 3,Ganbarion,Bandai,2003-12-11JP,Unreleased,"December 11, 2003",Unreleased
One Piece: Grand Battle! Rush,Ganbarion,Bandai,2005-03-17JP,Unreleased,"March 17, 2005","September 7, 2005"
One Piece: Pirates' Carnival,Bandai,"Bandai, Namco Bandai Games",2005-11-23JP,Unreleased,"November 23, 2005","September 12, 2006"
One Piece: Treasure Battle!,Bandai,Bandai,2002-11-01JP,Unreleased,"November 1, 2002",Unreleased
Open Season,Ubisoft Montreal,Ubisoft,2006-09-19NA,"October 6, 2006",Unreleased,"September 19, 2006"
Outlaw Golf,Hypnotix,"Simon & Schuster, TDK Mediactive",2002-10-29NA,"June 24, 2003",Unreleased,"October 29, 2002"
Over the Hedge,Edge of Reality,Activision,2006-05-09NA,"June 23, 2006",Unreleased,"May 9, 2006"
P.N.03,Capcom,Capcom,2003-03-27JP,"August 29, 2003","March 27, 2003","September 9, 2003"
Pac-Man Fever,Mass Media,Namco,2002-09-03NA,Unreleased,Unreleased,"September 3, 2002"
Pac-Man Vs.,Nintendo EAD,Namco,2003-12-02NA,"March 26, 2004",Unreleased,"December 2, 2003"
Pac-Man World 2,Namco,Namco,2002-03-19NA,"March 21, 2003",Unreleased,"March 19, 2002"
Pac-Man World 3,Blitz Games,NamcoElectronic Arts (EU),2005-11-17NA,"June 23, 2006",Unreleased,"November 17, 2005"
Pac-Man World Rally,Smart Bomb Interactive,Namco Bandai Games,2006-08-22NA,Unreleased,Unreleased,"August 22, 2006"
Paper Mario: The Thousand-Year Door,Intelligent Systems,Nintendo,2004-07-22JP,"November 12, 2004","July 22, 2004","October 11, 2004"
Peter Jackson's King Kong: The Official Game of the Movie,Ubisoft Montreal,Ubisoft,2005-11-17PAL,"November 17, 2005",Unreleased,"November 21, 2005"
Phantasy Star Online Episode I & II,Sonic Team,Sega,2002-09-12JP,"March 7, 2003","September 12, 2002","October 29, 2002"
Phantasy Star Online Episode I & II Plus,Sonic Team,Sega,2003-11-27JP,Unreleased,"November 27, 2003","September 15, 2004"
Phantasy Star Online Episode III: C.A.R.D. Revolution,Sonic Team,Sega,2003-11-27JP,"June 11, 2004","November 27, 2003","March 2, 2004"
Piglet's Big Game,Doki Denki Studio,Gotham Games,2003-03-19NA,"July 2, 2003",Unreleased,"March 19, 2003"
Pikmin[21],Nintendo Entertainment Analysis and Development,Nintendo,2001-10-26JP,"June 14, 2002","October 26, 2001","December 3, 2001"
Pikmin 2,Nintendo Entertainment Analysis and Development,Nintendo,2004-04-29JP,"October 8, 2004EU November 4, 2004AUS","April 29, 2004","August 30, 2004"
Pinball Hall of Fame: The Gottlieb Collection,FarSight Studios,Crave Entertainment,2005-03-20NA,Unreleased,Unreleased,"March 20, 2005"
Pitfall: The Lost Expedition,Edge of Reality,Activision,2004-02-18NA,"February 20, 2004",Unreleased,"February 18, 2004"
Pokémon Box: Ruby and Sapphire,Nintendo,Nintendo,2003-05-30JP,"May 14, 2004","May 30, 2003","July 12, 2004"
Pokémon Channel,Ambrella,Nintendo,2003-07-18JP,"April 2, 2004","July 18, 2003","December 1, 2003"
Pokémon Colosseum,Genius Sonority,Nintendo,2003-11-21JP,"May 14, 2004","November 21, 2003","March 22, 2004"
Pokémon XD: Gale of Darkness,Genius Sonority,Nintendo,2005-08-05JP,"November 18, 2005","August 5, 2005","October 3, 2005"
The Polar Express,Blue Tongue Entertainment,THQ,2004-11-02NA,"November 22, 2004",Unreleased,"November 2, 2004"
Pool Edge,NDcube,Media Kite,2002-10-25JP,Unreleased,"October 25, 2002",Unreleased
Pool Paradise,Ignition Entertainment,Ignition Entertainment,2004-03-15PAL,"March 15, 2004",Unreleased,"June 30, 2004"
Power Rangers: Dino Thunder,Locomotive Games,THQ,2004-09-14NA,"November 26, 2004",Unreleased,"September 14, 2004"
The Powerpuff Girls: Relish Rampage - Pickled Edition,VIS Entertainment,BAM! Entertainment,2002-12-15NA,"February 6, 2004",Unreleased,"December 15, 2002"
Prince of Persia: The Sands of Time,Ubisoft Montreal,Ubisoft,2003-11-18NA,"February 20, 2004",Unreleased,"November 18, 2003"
Prince of Persia: The Two Thrones,Ubisoft Montreal,Ubisoft,2005-12-01NA,"December 9, 2005",Unreleased,"December 1, 2005"
Prince of Persia: Warrior Within,Ubisoft Montreal,Ubisoft,2004-11-30NA,"December 3, 2004",Unreleased,"November 30, 2004"
Pro Rally,Ubisoft Barcelona,Ubisoft,2002-10-04PAL,"October 4, 2002",Unreleased,"November 11, 2002"
Puyo Pop Fever,Sonic Team,Sega,2004-02-27PAL,"February 27, 2004","March 24, 2004","July 20, 2004"
R: Racing Evolution•R: RacingPAL,Namco,NamcoElectronic Arts (EU),2003-11-27JP,"April 2, 2004","November 27, 2003","December 9, 2003"
Radirgy GeneriC,Milestone,Milestone,2006-05-25JP,Unreleased,"May 25, 2006",Unreleased
Rally Championship,Warthog Games,"Encore Software, Eidos Interactive",2003-02-07PAL,"February 7, 2003",Unreleased,"July 30, 2003"
Rampage: Total Destruction,Pipeworks Software,Midway Games,2006-04-24NA,Unreleased,Unreleased,"April 24, 2006"
Ratatouille,Asobo Studio,THQ,2007-06-26NA,"August 3, 2007",Unreleased,"June 26, 2007"
Rave Master,Konami,Konami,2002-03-20JP,Unreleased,"March 20, 2002","March 8, 2005"
Rayman 3: Hoodlum Havoc,Ubisoft Montpellier,Ubisoft,2003-02-21PAL,"February 21, 2003","October 22, 2004","March 2, 2003"
Rayman Arena,Ubisoft Montpellier,Ubisoft,2002-09-24NA,Unreleased,Unreleased,"September 24, 2002"
Red Faction II,"THQ, Volition",THQ,2003-03-31NA,"June 6, 2003",Unreleased,"March 31, 2003"
RedCard 20-03,"Point of View, Inc.",Midway Games,2002-06-24NA,"July 5, 2002",Unreleased,"June 24, 2002"
Rei Fighter Gekitsui Senki,Global A Entertainment,Global A Entertainment,2003-03-06JP,Unreleased,"March 6, 2003",Unreleased
Reign of Fire,Kuju Entertainment,BAM! Entertainment,2002-11-26NA,"November 29, 2002",Unreleased,"November 26, 2002"
Resident Evil,Capcom,Capcom,2002-03-22JP,"September 13, 2002","March 22, 2002","April 30, 2002"
Resident Evil 2,Capcom,Capcom,2003-01-16NA,"May 30, 2003","January 23, 2003","January 16, 2003"
Resident Evil 3: Nemesis,Capcom,Capcom,2003-01-15NA,"May 30, 2003","January 23, 2003","January 15, 2003"
Resident Evil 4,Capcom,Capcom,2005-01-11NA,"March 18, 2005","January 27, 2005","January 11, 2005"
Resident Evil - Code: Veronica,Capcom,Capcom,2003-08-07JP,"March 12, 2004","August 7, 2003","December 3, 2003"
Resident Evil Zero,Capcom,Capcom,2002-11-10NA,"March 7, 2003","November 21, 2002","November 10, 2002"
Ribbit King,"Infinity, Jamsworks",Bandai,2003-07-11JP,"September 3, 2004","July 11, 2003","June 8, 2004"
Road Trip: The Arcade Edition•Gadget RacersPAL,Hudson Soft,"Takara, Conspiracy Entertainment, Zoo Digital Publishing",2002-12-19JP,"December 5, 2003","December 19, 2002","May 15, 2004"
RoadKill,Terminal Reality,Midway Games,2003-10-01PAL,Unreleased,Unreleased,"October 30, 2003"
RoboCop,Titus Interactive Studio,Titus Japan K.K.,2004-03-04JP,Unreleased,"March 4, 2004",Unreleased
Robotech: Battlecry,Vicious Cycle Software,TDK Mediactive,2002-10-11NA,"March 21, 2003",Unreleased,"October 11, 2002"
Robots,Eurocom,Vivendi Universal Games,2005-02-24NA,"March 11, 2005","July 28, 2005","February 24, 2005"
Rocket Power: Beach Bandits,Evolution Games,THQ,2002-09-24NA,"Oct 25, 2002",Unreleased,"September 24, 2002"
Rocky,Rage Software,Rage SoftwareUbisoft,2002-11-17NA,"November 22, 2002",Unreleased,"November 17, 2002"
Rogue Ops,Bits Studios,Kemco,2003-10-29NA,"February 6, 2004","February 26, 2004","October 29, 2003"
Rugrats: Royal Ransom,Avalanche Software,THQ,2002-11-27NA,"April 11, 2003",Unreleased,"November 27, 2002"
Samurai Jack: The Shadow of Aku,Adrenium Games,Sega,2004-03-24NA,"August 6, 2004",Unreleased,"March 24, 2004"
Scaler,Artificial Mind and Movement,"Global Star Software, Take-Two Interactive",2004-11-17NA,Unreleased,Unreleased,"November 17, 2004"
Scooby Doo: Mystery Mayhem,Artificial Mind and Movement,THQ,2004-03-02NA,"March 26, 2004",Unreleased,"March 2, 2004"
Scooby-Doo! Night of 100 Frights,Heavy Iron Studios,THQ,2002-09-16NA,"November 22, 2002",Unreleased,"September 16, 2002"
Scooby-Doo! Unmasked,Artificial Mind and Movement,THQ,2005-09-12NA,"September 23, 2005",Unreleased,"September 12, 2005"
The Scorpion King: Rise of the Akkadian,"Point of View, Inc.",Vivendi Universal Games,2002-09-11NA,"November 29, 2002",Unreleased,"September 11, 2002"
SD Gundam Gashapon Wars,Bandai Entertainment,Bandai,2005-12-01NA,Unreleased,"December 1, 2005",Unreleased
Sea World: Shamu's Deep Sea Adventures,Magic Wand Productions,Activision,2005-11-08NA,"March 16, 2006",Unreleased,"November 8, 2005"
Second Sight,Free Radical Design,Codemasters,2004-09-03PAL,"September 3, 2004",Unreleased,"September 21, 2004"
Sega Soccer Slam,Black Box Games,Sega,2002-03-18NA,"October 18, 2002","September 26, 2002","March 18, 2002"
Serious Sam: Next Encounter,Climax Solent,Global Star Software,2004-04-12NA,"April 30, 2004",Unreleased,"April 12, 2004"
Shadow the Hedgehog,Sonic Team,Sega,2005-11-15NA,"November 18, 2005","December 15, 2005","November 15, 2005"
Shaman King: Soul Fight,Tuning Electronic,Bandai,2003-03-28JP,Unreleased,"March 28, 2003",Unreleased
Shark Tale,Edge of Reality,"Activision, Taito (JP)",2004-09-27NA,"October 1, 2004","March 3, 2005","September 27, 2004"
Shikigami no Shiro II,Kids Station,Alfa System,2003-10-24JP,Unreleased,"October 24, 2003",Unreleased
Shinseiki GPX Cyber Formula: Road to the Evolution,Atelier-Sai,Sunrise Interactive,2004-07-29JP,Unreleased,"July 29, 2004",Unreleased
Shrek 2,Luxoflux,Activision,2004-04-28NA,"June 18, 2004",Unreleased,"April 28, 2004"
Shrek Extra Large,Digital Illusions CE,TDK Mediactive,2002-10-31NA,"October 24, 2003",Unreleased,"October 31, 2002"
Shrek Smash n' Crash Racing,Torus Games,Activision,2006-11-21NA,"March 16, 2007",Unreleased,"November 21, 2006"
Shrek: Super Party,Mass Media,TDK Mediactive,"2003-05-30NA,PAL","May 30, 2003",Unreleased,"May 30, 2003"
Shrek SuperSlam,Shaba Games,Activision,2005-10-25NA,"November 18, 2005",Unreleased,"October 25, 2005"
The Simpsons: Hit & Run,Radical Entertainment,Vivendi Universal Games,2003-09-16NA,"October 31, 2003",Unreleased,"September 16, 2003"
The Simpsons: Road Rage,Radical Entertainment,Electronic Arts,2001-12-17NA,"May 17, 2002EU October 30, 2003AUS",Unreleased,"December 17, 2001"
The Sims,Edge Of Reality,EA Games,2003-03-25NA,"April 4, 2003","January 22, 2004","March 25, 2003"
The Sims 2,Maxis,Electronic Arts,2005-10-24NA,"November 4, 2005",Unreleased,"October 24, 2005"
The Sims 2: Pets,Maxis,Electronic Arts,2006-10-17NA,"October 20, 2006",Unreleased,"October 17, 2006"
The Sims Bustin' Out,Maxis,EA Games,2003-12-15NA,"December 19, 2003",Unreleased,"December 15, 2003"
Skies of Arcadia Legends,Overworks,Sega,2002-12-26JP,"May 23, 2003","December 26, 2002","January 27, 2003"
Smashing Drive,"Point of View, Inc.",Namco,2002-02-18NA,Unreleased,Unreleased,"February 18, 2002"
Smuggler's Run: Warzones,Rockstar San Diego,Rockstar Games,2002-08-07NA,"October 18, 2002",Unreleased,"August 7, 2002"
Sonic Adventure DX: Director's Cut,Sonic Team,Sega,2003-06-18NA,"June 27, 2003","June 19, 2003","June 18, 2003"
Sonic Adventure 2: Battle,Sonic Team,Sega,2001-12-20JP,"May 3, 2002","December 20, 2001","February 11, 2002"
Sonic Gems Collection,Sonic Team,Sega,2005-08-11JP,"September 30, 2005","August 11, 2005","August 16, 2005"
Sonic Heroes,Sonic Team USA,Sega,2003-12-30JP,"February 6, 2004","December 30, 2003","January 5, 2004"
Sonic Mega Collection,Sonic Team,Sega,2002-11-10NA,"March 7, 2003","December 19, 2002","November 10, 2002"
Sonic Riders,Sonic Team,Sega,2006-02-21NA,"March 17, 2006","February 23, 2006","February 21, 2006"
Soulcalibur II,Namco,Namco,2003-03-27JP,"September 26, 2003","March 27, 2003","August 27, 2003"
Space Raiders,Taito,TaitoMastiff (North America),2003-01-09JP,Unreleased,"January 9, 2003","April 19, 2004"
Spartan: Total Warrior,The Creative Assembly,Sega,2005-10-07PAL,"October 7, 2005",Unreleased,"October 27, 2005"
Spawn: Armageddon,"Point of View, Inc.",NamcoElectronic Arts (EU),2003-11-21NA,"March 12, 2004",Unreleased,"November 21, 2003"
Special Jinsei Game,Takara,Takara,2003-05-01JP,Unreleased,"May 1, 2003",Unreleased
Speed Challenge: Jacques Villeneuve's Racing VisionPAL,Ubisoft,Ubisoft,2002-10-18PAL,"October 18, 2002",Unreleased,Unreleased
Speed Kings,Climax Group,Acclaim Entertainment,2003-05-28NA,"July 4, 2003",Unreleased,"May 28, 2003"
Sphinx and the Cursed Mummy,Eurocom,THQ,2003-11-10NA,"February 20, 2004",Unreleased,"November 10, 2003"
Spider-Man,Treyarch,"Activision, Capcom",2002-04-15NA,"June 7, 2002","February 13, 2003","April 15, 2002"
Spider-Man 2,Treyarch,Activision,2004-06-28NA,"July 9, 2004",Unreleased,"June 28, 2004"
Spirits & Spells•CastleweenPAL,Dreamcatcher Interactive,"DreamCatcher InteractiveNA, WanadooPAL, MTOJP",2003-05-30PAL,"May 30, 2003","June 19, 2003","September 24, 2003"
SpongeBob SquarePants: Battle for Bikini Bottom,Heavy Iron Studios,THQ,2003-10-31NA,"November 28, 2003",Unreleased,"October 31, 2003"
SpongeBob SquarePants: Creature from the Krusty Krab,Blitz Games,THQ,2006-10-16NA,"November 3, 2006",Unreleased,"October 16, 2006"
"SpongeBob SquarePants: Lights, Camera, Pants!",THQ Studio Australia,THQ,2005-10-21NA,"November 18, 2005",Unreleased,"October 21, 2005"
The SpongeBob SquarePants Movie,Heavy Iron Studios,THQ,2004-10-28NA,"February 4, 2005",Unreleased,"October 28, 2004"
SpongeBob SquarePants: Revenge of the Flying Dutchman,Big Sky Software,THQ,2002-12-18NA,"March 28, 2003",Unreleased,"December 18, 2002"
Spy Hunter,"Paradigm Entertainment, Point of View, Inc.",Midway Games,2002-03-11NA,"June 28, 2002",Unreleased,"March 11, 2002"
Spyro: A Hero's Tail,Eurocom,Vivendi Universal Games,2004-11-03NA,"November 26, 2004",Unreleased,"November 3, 2004"
Spyro: Enter the Dragonfly,Equinox Digital Entertainment,Vivendi Universal Games,2002-11-08NA,"November 29, 2002",Unreleased,"November 8, 2002"
SSX 3,EA Canada,EA Sports BIG,2003-10-20NA,"October 31, 2003","December 12, 2003","October 20, 2003"
SSX on Tour,EA Canada,EA Sports BIG,2005-10-11NA,"October 21, 2005","November 17, 2005","October 11, 2005"
SSX Tricky,EA Canada,EA Sports BIG,2001-12-02NA,"July 12, 2002","December 27, 2001","December 2, 2001"
Star Fox Adventures,Rare,Nintendo,2002-09-22NA,"November 15, 2002AUS November 22, 2002EU","September 27, 2002","September 22, 2002"
Star Fox: Assault,Namco,Nintendo,2005-02-14NA,"April 29, 2005EU June 16, 2005AUS","February 24, 2005","February 14, 2005"
Star Wars: Bounty Hunter,LucasArts,LucasArts,2002-12-07NA,"February 7, 2003",Unreleased,"December 7, 2002"
Star Wars Jedi Knight II: Jedi Outcast,"Raven Software, Vicarious Visions",LucasArts,2002-11-20NA,"November 22, 2002",Unreleased,"November 20, 2002"
Star Wars Rogue Squadron II: Rogue Leader[13][22],Factor 5,LucasArts,2001-11-18NA,"May 3, 2002","March 22, 2002","November 18, 2001"
Star Wars Rogue Squadron III: Rebel Strike,Factor 5,LucasArts,2003-10-15NA,"November 7, 2003","November 21, 2003","October 15, 2003"
Star Wars: The Clone Wars,Pandemic Studios,LucasArts,2002-10-28NA,"November 15, 2002","March 20, 2003","October 28, 2002"
Starsky & Hutch,Mind's Eye Productions,Empire Interactive,2004-08-24NA,"October 24, 2004",Unreleased,"August 24, 2004"
Street Hoops,Black Ops Entertainment,Activision,2002-11-28NA,Unreleased,Unreleased,"November 28, 2002"
Street Racing Syndicate,Eutechnyx,Namco,2004-08-31NA,"March 4, 2005",Unreleased,"August 31, 2004"
Strike Force Bowling,Lab Rats,Crave Entertainment,2005-03-20NA,Unreleased,Unreleased,"March 20, 2005"
The Sum of All Fears,Red Storm Entertainment,Ubisoft,2003-01-09NA,"March 21, 2003",Unreleased,"January 9, 2003"
Summoner: A Goddess Reborn,Volition,THQ,2003-01-31NA,"April 11, 2003",Unreleased,"January 31, 2003"
Super Bubble Pop,Runecraft,Jaleco,2003-01-03NA,Unreleased,Unreleased,"January 3, 2003"
Super Mario Strikers•Mario Smash FootballPAL,Next Level Games,Nintendo,2005-11-18EU,"November 18, 2005EU April 6, 2006AUS","January 19, 2006","December 5, 2005"
Super Mario Sunshine,Nintendo Entertainment Analysis and Development,Nintendo,2002-07-19JP,"October 4, 2002EU October 11, 2002AUS","July 19, 2002","August 25, 2002"
Super Monkey Ball[23],Amusement Vision,Sega,2001-09-14JP,"May 3, 2002","September 14, 2001","November 18, 2001"
Super Monkey Ball 2,Amusement Vision,Sega,2002-08-25NA,"March 14, 2003","November 21, 2002","August 25, 2002"
Super Monkey Ball Adventure,Traveller's Tales,Sega,2006-07-14PAL,"July 14, 2006",Unreleased,"August 1, 2006"
Super Robot Wars GC,Banpresto,Banpresto,2004-12-16JP,Unreleased,"December 16, 2004",Unreleased
Super Smash Bros. Melee,HAL Laboratory,Nintendo,2001-11-21JP,"May 24, 2002","November 21, 2001","December 2, 2001"
Superman: Shadow of Apokolips,Infogrames Sheffield House,Infogrames,2003-03-25NA,"May 2, 2003",Unreleased,"March 25, 2003"
Surf's Up,Ubisoft Montreal,Ubisoft,2007-06-01NA,Unreleased,Unreleased,"June 1, 2007"
Swingerz Golf•Ace GolfPAL,Telenet Japan,Eidos Interactive,2002-10-23NA,"December 6, 2002","November 28, 2002","October 23, 2002"
SX Superstar,Climax Group,AKA Acclaim,2003-06-30NA,"July 4, 2003",Unreleased,"June 30, 2003"
Tak and the Power of Juju,Avalanche Software,THQ,2003-10-15NA,"March 12, 2004",Unreleased,"October 15, 2003"
Tak: The Great Juju Challenge,Avalanche Software,THQ,"2005-09-19NA,PAL","September 19, 2005",Unreleased,"September 19, 2005"
Tak 2: The Staff of Dreams,Avalanche Software,THQ,2004-10-11NA,"March 24, 2005",Unreleased,"October 11, 2004"
Tales of Symphonia,Namco,Namco,2003-08-29JP,"November 19, 2004","August 29, 2003","July 13, 2004"
Taxi 3PAL,Ubisoft,Ubisoft,2003-08-28PAL,"August 28, 2003",Unreleased,Unreleased
Taz: Wanted,Blitz Games,Infogrames,2002-10-04PAL,"October 4, 2002",Unreleased,"October 10, 2002"
Teen Titans,Artificial Mind and Movement,THQMajesco Entertainment,2006-05-24NA,"November 10, 2006",Unreleased,"May 24, 2006"
Teenage Mutant Ninja Turtles,Konami,Konami,2003-10-31NA,"April 30, 2004",Unreleased,"October 31, 2003"
Teenage Mutant Ninja Turtles 2: Battle Nexus,Konami,Konami,2004-10-19NA,"May 13, 2005",Unreleased,"October 19, 2004"
Teenage Mutant Ninja Turtles 3: Mutant Nightmare,Konami,Konami,2005-11-01NA,Unreleased,Unreleased,"November 1, 2005"
Tengai Makyō II: Manjimaru,Hudson Soft,Hudson Soft,2005-09-25JP,Unreleased,"September 25, 2005",Unreleased
Tensai Bit-Kun: Gramon Battle,Taito,Taito,2003-10-03JP,Unreleased,"October 3, 2003",Unreleased
Terminator 3: The Redemption,Paradigm Entertainment,Atari,2004-09-06NA,"September 24, 2004","January 20, 2005","September 6, 2004"
Tetris Worlds,Radical Entertainment,THQ,2002-06-23NA,"September 27, 2002","December 20, 2002","June 23, 2002"
Tiger Woods PGA Tour 2003,EA Sports,EA Sports,2002-10-27NA,"December 6, 2002",Unreleased,"October 27, 2002"
Tiger Woods PGA Tour 2004,EA Sports,EA Sports,2003-09-22NA,"September 26, 2003",Unreleased,"September 22, 2003"
Tiger Woods PGA Tour 2005,EA Sports,EA Sports,2004-09-20NA,"September 24, 2004",Unreleased,"September 20, 2004"
Tiger Woods PGA Tour 06,EA Sports,EA Sports,2005-09-20NA,"October 7, 2005",Unreleased,"September 20, 2005"
TimeSplitters 2,Free Radical Design,Eidos Interactive,2002-10-16NA,"November 1, 2002",Unreleased,"October 16, 2002"
TimeSplitters: Future Perfect,Free Radical Design,EA Games,2005-03-21NA,"March 25, 2005",Unreleased,"March 21, 2005"
TMNT,Ubisoft Montreal,Ubisoft,2007-03-20NA,"March 22, 2007",Unreleased,"March 20, 2007"
TMNT: Mutant Melee,Konami,Konami,2005-03-16NA,Unreleased,Unreleased,"March 16, 2005"
Tom and Jerry: War of the Whiskers,VIS Entertainment,NewKidCo,2003-01-04NA,Unreleased,Unreleased,"January 4, 2003"
Tom Clancy's Ghost Recon,Red Storm Entertainment,Ubisoft,2003-02-09NA,"March 28, 2003",Unreleased,"February 9, 2003"
Tom Clancy's Ghost Recon 2,Red Storm Entertainment,Ubisoft,2005-03-15NA,"March 24, 2005",Unreleased,"March 15, 2005"
Tom Clancy's Rainbow Six 3: Raven Shield,Ubisoft,Ubisoft,2004-06-17NA,"June 25, 2004",Unreleased,"June 17, 2004"
Tom Clancy's Rainbow Six: Lockdown,"Red Storm Entertainment, Ubisoft",Ubisoft,2005-09-27NA,"October 7, 2005",Unreleased,"September 27, 2005"
Tom Clancy's Splinter Cell,Ubisoft,Ubisoft,2003-04-10NA,"June 6, 2003",Unreleased,"April 10, 2003"
Tom Clancy's Splinter Cell: Chaos Theory,Ubisoft,Ubisoft,2005-03-31NA,"April 1, 2005",Unreleased,"March 31, 2005"
Tom Clancy's Splinter Cell: Double Agent,Ubisoft,Ubisoft,2006-10-26NA,"October 27, 2006",Unreleased,"October 26, 2006"
Tom Clancy's Splinter Cell: Pandora Tomorrow,Ubisoft,Ubisoft,2004-07-20NA,"July 30, 2004",Unreleased,"July 20, 2004"
Tomb Raider: Legend,Crystal Dynamics,Eidos Interactive,2006-11-14NA,"December 1, 2006",Unreleased,"November 14, 2006"
Tonka: Rescue Patrol,Lucky Chicken Games,TDK MediactiveAtari,2003-11-18NA,Unreleased,Unreleased,"November 18, 2003"
Tony Hawk's American Wasteland,Neversoft,Activision,2005-10-18NA,"October 28, 2005",Unreleased,"October 18, 2005"
Tony Hawk's Pro Skater 3[24][25],Neversoft,Activision,2001-11-18NA,"May 3, 2002","June 27, 2003","November 18, 2001"
Tony Hawk's Pro Skater 4,Neversoft,Activision,2002-10-23NA,"November 15, 2002",Unreleased,"October 23, 2002"
Tony Hawk's Underground,Neversoft,Activision,2003-10-27NA,"November 21, 2003",Unreleased,"October 27, 2003"
Tony Hawk's Underground 2,Neversoft,Activision,2004-10-04NA,"October 8, 2004",Unreleased,"October 4, 2004"
Top Angler: Real Bass Fishing,"SIMS Co., Ltd.",Xicat Interactive,2003-01-01NA,"February 13, 2004",Unreleased,"January 1, 2003"
Top Gun: Combat Zones,Digital Integration Ltd.,Titus Software,2002-10-24NA,"November 8, 2002","December 26, 2002","October 24, 2002"
The Tower of Druaga,Namco,Namco,2003-12-05JP,Unreleased,"December 5, 2003",Unreleased
TransWorld Surf: Next Wave,Angel Studios,Infogrames,2003-03-18NA,Unreleased,Unreleased,"March 18, 2003"
Trigger Man,"Point of View, Inc.",Crave Entertainment,2004-10-05NA,Unreleased,Unreleased,"October 5, 2004"
True Crime: New York City,Luxoflux,Activision,2005-11-15NA,"November 25, 2005",Unreleased,"November 15, 2005"
True Crime: Streets of LA,Luxoflux,Activision,2003-11-03NA,"November 21, 2003",Unreleased,"November 3, 2003"
Tube Slider,NDcube,Interchannel,2003-04-17NA,Unreleased,Unreleased,"April 17, 2003"
Turok: Evolution,Acclaim Studios Austin,Acclaim Entertainment,2002-08-31NA,"September 27, 2002",Unreleased,"August 31, 2002"
Ty the Tasmanian Tiger,Krome Studios,EA Games,2002-09-10NA,"November 22, 2002",Unreleased,"September 10, 2002"
Ty the Tasmanian Tiger 2: Bush Rescue,Krome Studios,EA Games,2004-10-12NA,"November 5, 2004",Unreleased,"October 12, 2004"
Ty the Tasmanian Tiger 3: Night of the Quinkan,Krome Studios,Activision,2005-10-12NA,Unreleased,Unreleased,"October 12, 2005"
UEFA Champions League 2004-2005PAL,EA Sports,EA Sports,2005-02-04PAL,"February 4, 2005",Unreleased,Unreleased
Ultimate Fighting Championship: Throwdown,Crave Entertainment,"CapcomJP, Crave EntertainmentNA, UbisoftPAL",2002-07-29NA,"September 20, 2002","September 5, 2002","July 29, 2002"
Ultimate Muscle: Legends vs. New Generation,Aki Corp.,Bandai,2002-11-22JP,Unreleased,"November 22, 2002","June 5, 2003"
Ultimate Spider-Man,Treyarch,"ActivisionNA,PAL, TaitoJP",2005-09-21NA,"October 14, 2005","June 29, 2006","September 21, 2005"
Universal Studios Theme Parks Adventure,Kemco,Kemco,2001-12-07JP,"May 3, 2002","December 7, 2001","December 18, 2001"
The Urbz: Sims in the City,Maxis,EA Games,2004-11-09NA,"November 12, 2004","January 13, 2005","November 9, 2004"
"V-Rally 3JP,PAL",Eden Studios,Infogrames,2003-06-25PAL,"June 25, 2003","July 10, 2003",Unreleased
Vexx,Acclaim Studios Austin,Acclaim Entertainment,2003-02-10NA,"April 4, 2003",Unreleased,"February 10, 2003"
Viewtiful Joe,Clover Studio,Capcom,2003-06-26JP,"October 24, 2003","June 26, 2003","October 7, 2003"
Viewtiful Joe 2,Clover Studio,Capcom,2004-11-18NA,"April 1, 2005","December 16, 2004","November 18, 2004"
Viewtiful Joe: Red Hot Rumble,Clover Studio,Capcom,2005-09-29JP,"March 10, 2006","September 29, 2005","November 8, 2005"
Virtua Quest,Sega-AM2,Sega,2004-08-26JP,Unreleased,"August 26, 2004","January 19, 2005"
Virtua Striker 2002,Amusement Vision,Sega,2002-02-14JP,"May 24, 2002","February 14, 2002","May 20, 2002"
Wallace & Gromit in Project Zoo,Frontier Developments,BAM! Entertainment,2003-10-03PAL,"October 3, 2003",Unreleased,"October 14, 2003"
Wario World,Treasure,Nintendo,2003-06-20PAL,"June 20, 2003","May 27, 2004","June 24, 2003"
"WarioWare, Inc.: Mega Party Game$",Intelligent Systems,Nintendo,2003-10-17JP,"September 3, 2004","October 17, 2003","April 6, 2004"
Warrior Blade: Rastan vs. Barbarian,Saffire,Titus Japan K.K.Taito,2003-03-27JP,Unreleased,"March 27, 2003",Unreleased
Wave Race: Blue Storm[26],Nintendo Software Technology,Nintendo,2001-09-14JP,"May 3, 2002","September 14, 2001","November 18, 2001"
Whirl Tour,Papaya Studio,Crave Entertainment,2002-11-12NA,"March 31, 2003",Unreleased,"November 12, 2002"
Winnie the Pooh's Rumbly Tumbly Adventure,Phoenix Studio,Ubisoft,2005-02-08NA,"March 8, 2005",Unreleased,"February 8, 2005"
World Series of Poker,Left Field Productions,Activision,2005-09-14NA,Unreleased,Unreleased,"September 14, 2005"
World Soccer Winning Eleven 6 Final Evolution,Konami,Konami,2003-01-30JP,Unreleased,"January 30, 2003",Unreleased
Worms 3D,Team17,Sega (EU)Acclaim Entertainment (NA),2003-10-31PAL,"October 31, 2003",Unreleased,"March 11, 2004"
Worms Blast,Team17,Ubisoft,2002-09-13PAL,"September 13, 2002",Unreleased,"October 24, 2002"
Wreckless: The Yakuza Missions,Bunkasha Games,Activision,2002-11-13NA,"November 22, 2002",Unreleased,"November 13, 2002"
WTA Tour Tennis•Pro Tennis WTA TourPAL,Konami,Konami,2002-08-29JP,"September 13, 2002","August 29, 2002","September 24, 2002"
WWE Crush Hour,Pacific Data Power & Light,THQ,2003-03-17NA,"May 15, 2003",Unreleased,"March 17, 2003"
WWE Day of Reckoning,Yuke's,"THQ, Yuke's",2004-08-30NA,"September 17, 2004","January 13, 2005","August 30, 2004"
WWE Day of Reckoning 2,Yuke's,THQ,2005-08-29NA,"September 23, 2005",Unreleased,"August 29, 2005"
WWE WrestleMania X8,Yuke's,"THQ, Yuke's",2002-06-09NA,"September 27, 2002","September 6, 2002","June 9, 2002"
WWE WrestleMania XIX,Yuke's,"THQ, Yuke's",2003-09-08NA,"September 19, 2003","November 7, 2003","September 8, 2003"
X-Men Legends,Raven Software,Activision,2004-09-21NA,"October 22, 2004",Unreleased,"September 21, 2004"
X-Men Legends II: Rise of Apocalypse,Raven Software,Activision,2005-09-20NA,"October 14, 2005",Unreleased,"September 20, 2005"
X-Men: Next Dimension,Exakt Entertainment,Activision,2002-10-15NA,"November 29, 2002",Unreleased,"October 15, 2002"
X-Men: The Official Game,Hypnos Entertainment,Activision,2006-05-16NA,"May 19, 2006",Unreleased,"May 16, 2006"
X2: Wolverine's Revenge•X-Men 2: Wolverine's RevengePAL,GenePool Software,Activision,2003-04-14NA,"April 17, 2003",Unreleased,"April 14, 2003"
XGRA: Extreme-G Racing Association,Acclaim Studios Cheltenham,Acclaim Entertainment,2003-11-24NA,"March 5, 2004",Unreleased,"November 24, 2003"
XIII,Ubisoft Paris,Ubisoft,2003-11-24NA,"November 28, 2003",Unreleased,"November 24, 2003"
Yu-Gi-Oh! The Falsebound Kingdom,Konami,Konami,2002-12-05JP,"November 19, 2004","December 5, 2002","November 4, 2003"
Zapper: One Wicked Cricket,Blitz Games,Infogrames,2002-11-03NA,"March 14, 2003",Unreleased,"November 3, 2002"
Zatch Bell! Mamodo Battles,Eighting,Bandai,2005-03-24JP,Unreleased,"March 24, 2005","October 19, 2005"
Zatch Bell! Mamodo Fury,Mechanic Arms,"BandaiJP, Namco Bandai GamesNA",2006-12-12NA,Unreleased,Unreleased,"December 12, 2006"
Zoids Vs.,Tomy,Tomy,2002-09-06JP,Unreleased,"September 6, 2002",Unreleased
Zoids Vs. III,Tomy,Tomy,2004-09-30JP,Unreleased,"September 30, 2004",Unreleased
Zoids: Battle Legends,Tomy,"TomyJP, AtariNA",2003-09-05JP,Unreleased,"September 5, 2003","September 4, 2004"
Zoids: Full Metal Crash,Tomy,Tomy,2005-10-27JP,Unreleased,"October 27, 2005",Unreleased
ZooCube,PuzzleKings,Acclaim Entertainment,2002-05-05NA,"August 30, 2002","October 25, 2002","May 5, 2002"
