64 de Hakken!! Tamagotchi: Minna de Tamagotchi World,BandaiHudson Soft,Bandai Games,Party/Board Game,1997-12-19JP,"December 19, 1997",Unreleased,Unreleased
64 Hanafuda: Tenshi no Yakusoku,Altron,Altron,Simulation/Hanafuda,1999-11-15JP,"November 5, 1999",Unreleased,Unreleased
64 Ozumo,Bottom Up,Bottom Up,Sports/Sumo Wrestling,1997-11-28JP,"November 28, 1997",Unreleased,Unreleased
64 Ozumo 2,Bottom Up,Bottom Up,Sports/Sumo Wrestling,1999-03-19JP,"March 19, 1999",Unreleased,Unreleased
64 Trump Collection: Alice no Waku Waku Trump World,Bottom Up,Bottom Up,Simulation/Card Game,1998-08-07JP,"August 7, 1998",Unreleased,Unreleased
1080° Snowboarding,Nintendo EAD,Nintendo,Sports/Snowboarding,1998-02-28JP,"February 28, 1998","April 1, 1998","October 9, 1998"
Aero Fighters AssaultSonic Wings AssaultJP,Paradigm Entertainment,Video System,Simulation/Flight Combat,1997-11-21NA,"March 19, 1998","November 21, 1997","April 12, 1998"
AeroGauge,Locomotive Corporation,ASCII Entertainment,Racing/Hovercraft,1997-12-19JP,"December 19, 1997","April 30, 1998","May 1, 1998"
AI Shogi 3,A.I,ASCII Something Good,Traditional/Shogi,1998-12-18JP,"December 18, 1998",Unreleased,Unreleased
Aidyn Chronicles: The First Mage,H2O Entertainment,THQ,Role Playing/Classic RPG,2001-03-14NA,Unreleased,"March 14, 2001","August 3, 2001"
Air Boarder 64,Human Entertainment,Human EntertainmentJPGaga Interactive MediaPAL,Racing/Hoverboard,1998-03-27JP,"March 27, 1998",Unreleased,November 1998
All Star Tennis '99Yannick Noah All Star Tennis '99FRA,Smart Dog,Ubi Soft,Sports/Tennis,1999-01PAL,Unreleased,"August 31, 1999",January 1999
All-Star Baseball 99,Iguana Entertainment,Acclaim Sports,Sports/Baseball,1998-04-27NA,Unreleased,"April 27, 1998","August 1, 1998"
All-Star Baseball 2000,Iguana Entertainment,Acclaim Sports,Sports/Baseball,1999-04-08NA,Unreleased,"April 8, 1999","May 1, 1999"
All-Star Baseball 2001,High Voltage Software,Acclaim Sports,Sports/Baseball,2000-03-31NA,Unreleased,"March 31, 2000",Unreleased
Armorines: Project S.W.A.R.M.,Acclaim Studios London,Acclaim Entertainment,Action/First-Person Shooter,1999-12-09NA,Unreleased,"December 9, 1999","December 17, 1999"
Army Men: Air Combat,The 3DO Company,The 3DO Company,Action/Third-Person Shooter,2000-07-19NA,Unreleased,"July 19, 2000",Unreleased
Army Men: Sarge's Heroes,The 3DO Company,The 3DO Company,Action/Third-Person Shooter,1999-09-28NA,Unreleased,"September 28, 1999","April 14, 2000"
Army Men: Sarge's Heroes 2,The 3DO Company,The 3DO Company,Action/Third-Person Shooter,2000-09-26NA,Unreleased,"September 26, 2000",Unreleased
Asteroids Hyper 64,Syrox Developments,Crave Entertainment,Action/Multidirectional Shooter,1999-12-14NA,Unreleased,"December 14, 1999",Unreleased
Automobili Lamborghini,Titus France,Titus Software,Racing/Automobile,1997-11-30NA,Unreleased,"November 30, 1997","December 1, 1997"
Automobili Lamborghini: Super Speed Race 64,Titus France,Taito,Racing/Automobile,1998-05-29JP,"May 29, 1998",Unreleased,Unreleased
Bakuretsu Muteki Bangaiō,Treasure,ESP,Action/Multidirectional Shooter,1999-09-03JP,"September 3, 1999",Unreleased,Unreleased
Bakushō Jinsei 64: Mezase! Resort Ō,Taito Team 64,Taito,Party/Board Game,1998-12-24JP,"December 24, 1998",Unreleased,Unreleased
Banjo-KazooieBanjo to Kazooie no DaibokenJP,Rare,Nintendo,Action/3D Platformer,1998-06-29NA,"December 6, 1998","June 29, 1998","July 17, 1998"
Banjo-TooieBanjo to Kazooie no Daiboken 2JP,Rare,Nintendo,Action/3D Platformer,2000-11-20NA,"November 27, 2000","November 20, 2000","April 12, 2001"
Bass Masters 2000,Mass Media Games,THQ,Sports/Fishing,1999-12-16NA,Unreleased,"December 16, 1999",Unreleased
Bass Rush ~ECOGEAR PowerWorm Championship~,Visco Corporation,Visco Corporation,Sports/Fishing,2000-04-28JP,"April 28, 2000",Unreleased,Unreleased
Batman Beyond: Return of the JokerBatman of the Future: Return of the JokerPAL,Kemco,Ubi Soft,Action/Beat 'em up,2000-12-13NA,Unreleased,"December 13, 2000","January 19, 2001"
BattleTanx,The 3DO Company,The 3DO Company,Action/Vehicular Combat,1998-12-29NA,Unreleased,"December 29, 1998",Unreleased
BattleTanx: Global Assault,The 3DO Company,The 3DO Company,Action/Vehicular Combat,1999-08-31NA,Unreleased,"August 31, 1999",April 2000
Battlezone: Rise of the Black Dogs,Climax Development,Crave Entertainment,Action/Vehicular Combat,2000-03-30NA,Unreleased,"March 30, 2000",Unreleased
Beetle Adventure Racing!,Paradigm EntertainmentEA Canada,Electronic ArtsNA/PALSquare EAJP,Racing/Automobile,1999-02-28NA,"November 26, 1999","February 28, 1999","September 4, 1999"
Big Mountain 2000Snow SpeederJP,Imagineer,ImagineerJPSouthPeak Interactive/XicatNA,Sports/Snowboarding,1998-12-26JP,"December 26, 1998","October 10, 2000",Unreleased
Bio F.R.E.A.K.S.,Saffire,Midway Home EntertainmentNAGT InteractivePAL,Action/Fighting,1998-05-31NA,Unreleased,"May 31, 1998","September 1, 1998"
Blast CorpsBlastdozerJP,Rare,Nintendo,Action/Strategy,1997-03-21JP,"March 21, 1997","March 24, 1997","December 22, 1997"
Blues Brothers 2000,Player 1,Titus Software,Action/3D Platformer,2000-10-13PAL,Unreleased,"November 17, 2000","October 13, 2000"
Body Harvest,DMA Design,Gremlin InteractivePALMidway Home EntertainmentNA,Action/Third-Person Shooter,1998-09-30PAL,Unreleased,"October 20, 1998","September 30, 1998"
Bomberman 64Baku BombermanJP,Hudson Soft,Hudson SoftJPNintendoNA/PAL,Action/Adventure,1997-09-26JP,"September 26, 1997","November 30, 1997","November 1, 1997"
Bomberman 64,Racjin,Hudson Soft,Action/Puzzle,2001-12-20JP,"December 20, 2001",Unreleased,Unreleased
Bomberman 64: The Second Attack!Baku Bomberman 2JP,Hudson Soft,Hudson SoftJPVatical EntertainmentNA,Action/Adventure,1999-12-03JP,"December 3, 1999","May 28, 2000",Unreleased
Bomberman HeroBomberman Hero ~Mirian-Ōjo o Sukue!~JP,Hudson Soft,Hudson SoftJPNintendoNA/PAL,Action/3D Platformer,1998-04-30JP,"April 30, 1998","September 1, 1998","October 1, 1998"
Bottom of the 9th,KCE Chicago,Konami of America,Sports/Baseball,1999-04-14NA,Unreleased,"April 14, 1999",Unreleased
Brunswick Circuit Pro Bowling,Adrenalin EntertainmentPoint of View,THQ,Sports/Bowling,1999-12-23NA,Unreleased,"December 23, 1999",Unreleased
Buck Bumble,Argonaut Software,Ubi Soft,Action/Third-Person Shooter,1998-09-30NA,"December 18, 1998","September 30, 1998","December 18, 1998"
Bust-A-Move 2 Arcade Edition,TaitoProbe Entertainment,Acclaim Entertainment,Puzzle/Tile Matching,1998-04-30NA,Unreleased,"April 30, 1998",1998
Bust-A-Move 3 DXBust-A-Move '99NAPuzzle Bobble 64JP,TaitoDistinctive Developments,Acclaim EntertainmentPAL/NATaitoJP,Puzzle/Tile Matching,1998-11PAL,"March 5, 1999","April 30, 1999",November 1998
California Speed,Atari GamesMidway Games,Midway Home Entertainment,Racing/Automobile,1999-02-28NA,Unreleased,"February 28, 1999",Unreleased
Carmageddon 64,Stainless GamesSoftware Creations,Sales Curve InteractivePALTitus SoftwareNA,Action/Vehicular Combat,1999-10-22PAL,Unreleased,"December 5, 1999","October 22, 1999"
CastlevaniaAkumajō Dracula MokushirokuJP,KCEK,Konami,Action/Adventure,1999-01-26NA,"March 11, 1999","January 26, 1999","May 14, 1999"
Castlevania: Legacy of DarknessAkumajō Dracula Mokushiroku Gaiden ~ Legend of CornellJP,KCEK,Konami,Action/Adventure,1999-11-30NA,"December 25, 1999","November 30, 1999","March 3, 2000"
Centre Court TennisLet's SmashJP,Hudson Soft,Hudson SoftJPGaga Interactive MediaPAL,Sports/Tennis,1998-10-09JP,"October 9, 1998",Unreleased,1999
Chameleon Twist,Japan System Supply,SunsoftNA/PALJapan System SupplyJP,Action/3D Platformer,1997-11-30NA,"December 12, 1997","November 30, 1997","December 6, 1997"
Chameleon Twist 2,Japan System Supply,Japan System SupplyJPSunsoftNA/PAL,Action/3D Platformer,1998-12-25JP,"December 25, 1998","April 14, 1999",1999
Charlie Blast's Territory,Realtime Associates,Kemco,Puzzle/Logic,1999-04-30NA,Unreleased,"April 30, 1999","June 18, 1999"
Chopper AttackWild ChoppersJP,SETA Corporation,SETA CorporationJPMidway Home EntertainmentNAGT InteractivePAL,Action/Vehicular Combat,1997-11-28JP,"November 28, 1997","June 17, 1998","September 1, 1998"
Choro Q 64 2: Hachamecha Grand Prix Race,Locomotive Corporation,Takara,Racing/Automobile,1999-12-24JP,"December 24, 1999",Unreleased,Unreleased
Chōkūkan Night: Pro Yakyū King,Genki,Imagineer,Sports/Baseball,1996-12-20JP,"December 20, 1996",Unreleased,Unreleased
Chōkūkan Night: Pro Yakyū King 2,Genki,Imagineer,Sports/Baseball,1999-03-19JP,"March 19, 1999",Unreleased,Unreleased
ClayFighter 63⅓,Interplay Productions,Interplay Productions,Action/Fighting,1997-10-23NA,Unreleased,"October 23, 1997","November 19, 1997"
Clay Fighter Sculptor's Cut,Interplay Productions,Interplay Productions,Action/Fighting,1998-05-15NA,Unreleased,"May 15, 1998",Unreleased
Command & Conquer,Westwood StudiosLooking Glass Studios,Nintendo,Strategy/Real-time,1999-06-29NA,Unreleased,"June 29, 1999","July 30, 1999"
Conker's Bad Fur Day,Rare,RareNA THQPAL,Action/3D Platformer,2001-03-05NA,Unreleased,"March 5, 2001","April 13, 2001"
Cruis'n Exotica,Gratuitous Games,Midway Home Entertainment,Racing/Automobile,2000-10-16NA,Unreleased,"October 16, 2000",Unreleased
Cruis'n USA,Williams,Nintendo,Racing/Automobile,1996-12-02NA,Unreleased,"December 2, 1996","January 30, 1998"
Cruis'n World,WilliamsEurocom,Nintendo,Racing/Automobile,1998-06-25PAL,Unreleased,"September 28, 1998","June 25, 1998"
Custom Robo,Noise Inc.,Nintendo,Role Playing/Action,1999-12-08JP,"December 8, 1999",Unreleased,Unreleased
Custom Robo V2,Noise Inc.,Nintendo,Role Playing/Action,2000-11-10JP,"November 10, 2000",Unreleased,Unreleased
CyberTiger,Saffire,Electronic Arts,Sports/Golf,2000-02-29NA,Unreleased,"February 29, 2000","May 5, 2000"
Dance Dance Revolution Disney Dancing Museum,KCEK,Konami,Rhythm/Dancing,2000-11-30JP,"November 30, 2000",Unreleased,Unreleased
Dark RiftSpace DynamitesJP,Kronos Digital Entertainment,Vic Tokai,Action/Fighting,1997-07-10NA,"March 27, 1998","July 10, 1997","July 20, 1997"
Densha de Go! 64,A.I,Taito,Simulation/Train,1999-07-30JP,"July 30, 1999",Unreleased,Unreleased
Derby Stallion 64,ParityBit,Media Factory,Sports/Horse Racing,2001-08-10JP,"August 10, 2001",Unreleased,Unreleased
Destruction Derby 64,Reflections InteractiveLooking Glass Studios,THQ,Racing/Automobile,1999-09-30NA,Unreleased,"September 30, 1999","October 12, 1999"
Dezaemon 3D,Athena,Athena,Action/Vertical Shooter,1998-06-26JP,"June 26, 1998",Unreleased,Unreleased
Diddy Kong Racing,Rare,Rare,Racing/Kart,1997-11-21PAL/JP,"November 21, 1997","November 24, 1997","November 21, 1997"
Disney's Donald Duck: Quack AttackDisney's Donald Duck: Goin' QuackersNA,Ubi Soft Casablanca,Ubi Soft,Action/3D Platformer,2000-12-08PAL,Unreleased,"December 20, 2000","December 8, 2000"
Disney's Tarzan,Eurocom,Activision,Action/3D Platformer,2000-01-31NA,Unreleased,"January 31, 2000","April 21, 2000"
Disney/Pixar's A Bug's Life,Traveller's Tales,Disney InteractiveActivision,Action/3D Platformer,1999-01-01PAL,Unreleased,"April 30, 1999","January 1, 1999"
Disney/Pixar's Toy Story 2: Buzz Lightyear to the Rescue!,Traveller's Tales,Disney InteractiveActivision,Action/3D Platformer,1999-11-30NA,Unreleased,"November 30, 1999","April 2, 2000"
Donkey Kong 64,Rare,Nintendo,Action/3D Platformer,1999-11-22NA,"December 10, 1999","November 22, 1999","December 3, 1999"
Doom 64,id SoftwareMidway Studios - San Diego,Midway Home EntertainmentNAGamebankJPGT InteractivePAL,Action/First-Person Shooter,1997-04-04NA,"August 1, 1997","April 4, 1997","December 2, 1997"
Doraemon: Nobita to Mittsu no Seireiseki,Epoch Co.,Epoch Co.,Action/Adventure,1997-03-21JP,"March 21, 1997",Unreleased,Unreleased
Doraemon 2: Nobita to Hikari no Shinden,Epoch Co.,Epoch Co.,Action/Adventure,1998-12-11JP,"December 11, 1998",Unreleased,Unreleased
Doraemon 3: Nobita no Machi SOS!,Epoch Co.,Epoch Co.,Action/Adventure,2000-07-28JP,"July 28, 2000",Unreleased,Unreleased
Dōbutsu no Mori,Nintendo EAD,Nintendo,Simulation/Social Simulation,2001-04-14JP,"April 14, 2001",Unreleased,Unreleased
Dr. Mario 64,Newcom,Nintendo,Puzzle/Tile Matching,2001-04-08NA,Unreleased,"April 8, 2001",Unreleased [b]
Dual Heroes,Produce!,Hudson SoftJPElectro BrainNAGaga Interactive MediaPAL,Action/Fighting,1997-12-05JP,"December 5, 1997","October 31, 1998","April 12, 1998"
Duck Dodgers Starring Daffy DuckDaffy Duck Starring As Duck DodgersPAL,Paradigm Entertainment,Infogrames,Action/3D Platformer,2000-09-16NA,Unreleased,"September 16, 2000","October 27, 2000"
Duke Nukem 64,3D RealmsEurocom,GT Interactive,Action/First-Person Shooter,1997-10-31NA,Unreleased,"October 31, 1997","November 14, 1997"
Duke Nukem: Zero Hour,Eurocom,GT Interactive,Action/Third-Person Shooter,1999-09-01NA,Unreleased,"September 1, 1999","September 30, 1999"
Earthworm Jim 3D,VIS Interactive,Rockstar GamesNA Interplay EntertainmentPAL,Action/3D Platformer,1999-10-31NA,Unreleased,"October 31, 1999","December 17, 1999"
ECW Hardcore Revolution,Acclaim Studios Salt Lake City,Acclaim Entertainment,Sports/Pro Wrestling,2000-02-17NA,Unreleased,"February 17, 2000","March 3, 2000"
Eiko no Saint Andrews,SETA Corporation,SETA Corporation,Sports/Golf,1996-11-29JP,"November 29, 1996",Unreleased,Unreleased
Elmo's Letter Adventure,Realtime Associates,NewKidCo,Educational/Mini games,1999-11-15NA,Unreleased,"November 15, 1999",Unreleased
Elmo's Number Journey,Realtime Associates,NewKidCo,Educational/Mini games,1999-11-30NA,Unreleased,"November 30, 1999",Unreleased
Excitebike 64,Left Field Productions,Nintendo,Racing/Motorcycle,2000-04-30NA,"June 23, 2000","April 30, 2000","June 8, 2001"
Extreme-G,Probe Entertainment,Acclaim EntertainmentNA/PALAcclaim JapanJP,Racing/Futuristic,1997-09-30NA,"May 29, 1998","September 30, 1997","December 9, 1997"
Extreme-G 2Extreme-G2 XG2PAL,Probe Entertainment,Acclaim EntertainmentNA/PALAcclaim JapanJP,Racing/Futuristic,1998-11-17NA,"September 10, 1999","November 17, 1998","December 4, 1998"
F-1 World Grand Prix,Paradigm EntertainmentVideo System,Video System,Racing/Grand Prix,1998-07-31NA,"December 18, 1998","July 31, 1998","September 14, 1998"
F-1 World Grand Prix II,Paradigm EntertainmentVideo System,Video System,Racing/Grand Prix,1999-07-02PAL,Unreleased,Unreleased,"July 2, 1999"
F-Zero X,Nintendo EAD,Nintendo,Racing/Futuristic,1998-07-14JP,"July 14, 1998","October 26, 1998","November 6, 1998"
F1 Pole Position 64Human Grand Prix: The New GenerationJP,Human Entertainment,Human EntertainmentJPUbi SoftNA/PAL,Racing/Grand Prix,1997-03-28JP,"March 28, 1997","September 30, 1997","October 1, 1997"
F1 Racing Championship,Ubi Soft,Video System,Racing/Grand Prix,2000-12-08PAL,Unreleased,"January 31, 2001BRA","December 8, 2000"
Famista 64,Namco,Namco,Sports/Baseball,1997-11-28JP,"November 28, 1997",Unreleased,Unreleased
FIFA Soccer 64FIFA 64PAL,Extended Play Productions,EA Sports,Sports/Soccer,1997-02-28NA,Unreleased,"February 28, 1997","March 1, 1997"
FIFA 99,EA CanadaSoftware Creations,EA Sports,Sports/Soccer,1998-11-30NA,Unreleased,"November 30, 1998","December 8, 1998"
FIFA: Road to World Cup 98 FIFA: Road to World Cup 98 - World Cup e no MichiJP,Extended Play Productions,EA SportsNA/PALElectronic Arts VictorJP,Sports/Soccer,1997-11-30NA,"April 12, 1998","November 30, 1997","December 20, 1997"
Fighter Destiny 2Kakutou Denshou: F-Cup ManiaxJP,GenkiOpus CorpAnchor,ImagineerJPSouthPeak Interactive/XicatNA,Action/Fighting,1999-08-27JP,"August 27, 1999","July 14, 2000",Unreleased
Fighters DestinyFighting CupJP,GenkiOpus CorpAnchor,Ocean SoftwareNAInfogramesPALImagineerJP,Action/Fighting,1998-01-31NA,"December 11, 1998","January 31, 1998","March 1, 1998"
Fighting Force 64,Core Design,Crave Entertainment,Action/Beat 'em up,1999-04-30NA,Unreleased,"April 30, 1999",December 1999
Flying DragonHiryū no Ken TwinJP,Culture Brain,Culture BrainJPNatsumeNA/PAL,Action/Fighting,1997-12-18JP,"December 18, 1997","July 31, 1998","July 25, 1999"
Forsaken 64ForsakenPAL,Probe EntertainmentIguana Entertainment UK,Acclaim Entertainment,Action/First-Person Shooter,1998-04-30NA,Unreleased,"April 30, 1998","May 1, 1998"
Fox Sports College Hoops '99,Z-Axis,Fox Sports Interactive,Sports/Basketball,1998-10-31NA,Unreleased,"October 31, 1998",Unreleased
Fushigi no Dungeon: Fūrai no Shiren 2: Oni Shūrai! Shiren-jō!,Chunsoft,Nintendo,Role Playing/Roguelike,2000-09-27JP,"September 27, 2000",Unreleased,Unreleased
G.A.S.P!! Fighters' NEXTreamDeadly ArtsNA,KCEO,Konami,Action/Fighting,1998-03-26JP,"March 26, 1998","September 29, 1998","September 1, 1998"
Gauntlet Legends,Atari Games,Midway Home EntertainmentNAMidway GamesPALEpoch Co.JP,Role Playing/Dungeon Crawler,1999-08-31NA,"April 7, 2000","August 31, 1999","December 1, 1999"
Getter Love!!: Chō Renai Party Game Tanjō,Hudson Soft,Hudson Soft,Simulation/Dating Sim,1998-12-04JP,"December 4, 1998",Unreleased,Unreleased
Gex 3: Deep Cover GeckoGex: Deep Cover GeckoPAL,Crystal DynamicsGratuitous Games,Crave Entertainment,Action/3D Platformer,1999-09-28NA,Unreleased,"September 28, 1999","July 24, 2000"
Gex 64: Enter the Gecko,Crystal DynamicsRealtime Associates,Midway Home EntertainmentNAGT InteractivePAL,Action/3D Platformer,1998-08-01NA,Unreleased,"August 1, 1998","February 26, 1999"
Glover,Interactive Studios,Hasbro Interactive,Action/3D Platformer,1998-11-16NA,Unreleased,"November 16, 1998","November 24, 1998"
Goemon Mononoke Sugoroku,KCEK,Konami,Board Game/Sugoroku,1999-12-25JP,"December 25, 1999",Unreleased,Unreleased
Golden Nugget 64,Westwood Pacific,Electronic Arts,Gambling/Casino,1998-12-01NA,Unreleased,"December 1, 1998",Unreleased
GoldenEye 007,Rare,Nintendo,Action/First-Person Shooter,1997-08-23JP,"August 23, 1997","August 25, 1997","August 25, 1997"
GT 64: Championship EditionCity Tour GrandPrix: Zen Nihon GT SenshukenJP,Imagineer,Infogrames UKPALOcean of AmericaNAImagineerJP,Racing/Automobile,1998-04-14PAL,"October 30, 1998","August 31, 1998","April 14, 1998"
Hamster Monogatari 64,Culture Brain,Culture Brain,Simulation/Digital Pet,2001-04-06JP,"April 6, 2001",Unreleased,Unreleased
Harukanaru Augusta Masters '98,T&E Soft,T&E Soft,Sports/Golf,1997-12-26JP,"December 26, 1997",Unreleased,Unreleased
Harvest Moon 64Bokujō Monogatari 2JP,Victor Interactive Software,Pack-In-SoftJPNatsumeNA,Simulation/Farming,1999-02-05JP,"February 5, 1999","December 22, 1999",Unreleased[c]
Heiwa Pachinko World 64,Amtex,Shouei System,Gambling/Pachinko,1997-11-28JP,"November 28, 1997",Unreleased,Unreleased
Hercules: The Legendary Journeys,Player 1,Titus Software,Action/Adventure,2000-10-13PAL,Unreleased,"November 16, 2000","October 13, 2000"
Hexen,Raven SoftwareSoftware Creations,id Software/GT InteractiveNA/PALGamebankJP,Action/First-Person Shooter,1997-05-31NA,"December 18, 1997","May 31, 1997","June 24, 1997"
"Hey You, Pikachu!Pikachū Genki DechūJP",Ambrella,Nintendo,Simulation/Digital Pet,1998-12-12JP,"December 12, 1998","November 6, 2000",Unreleased
Hot Wheels Turbo Racing,Stormfront Studios,Electronic Arts,Racing/Automobile,1999-05-11PAL,Unreleased,"August 31, 1999","May 11, 1999"
HSV Adventure Racing,Paradigm EntertainmentEA Canada,Electronic Arts,Racing/Automobile,1999AUS,Unreleased,Unreleased,1999Aus
Hybrid Heaven,KCEO,Konami,Role Playing/Action,1999-08-05JP,"August 5, 1999","August 31, 1999","September 24, 1999"
Hydro Thunder,Eurocom,Midway Home EntertainmentNAMidway GamesPAL,Racing/Motorboat,2000-02-29NA,Unreleased,"February 29, 2000","May 14, 2000"
Ide Yosuke no Mahjong Juku,SETA Corporation,SETA Corporation,Simulation/Mahjong,2000-04-21JP,"April 21, 2000",Unreleased,Unreleased
Iggy's Reckin' BallsIggy-kun no Bura Bura PoyonJP,Iguana Entertainment,Acclaim EntertainmentNA/PALAcclaim JapanJP,Racing/Arcade,1998-07-31NA,"August 28, 1998","July 31, 1998","August 1, 1998"
In-Fisherman Bass Hunter 64Bass Hunter 64PAL,Gearhead Entertainment,Take-Two Interactive,Sports/Fishing,1999-07-30NA,Unreleased,"July 30, 1999","October 22, 1999"
Indiana Jones and the Infernal Machine,Factor 5LucasArts,LucasArts,Action/Adventure,2000-12-15NA,Unreleased,"December 15, 2000",Unreleased
Indy Racing 2000,Paradigm Entertainment,Infogrames,Racing/Automobile,2000-06-09NA,Unreleased,"June 9, 2000",Unreleased
International Superstar Soccer 64Jikkyō J-League Perfect StrikerJP,KCEO,Konami,Sports/Soccer,1996-12-20JP,"December 20, 1996","July 31, 1997","June 1, 1997"
International Superstar Soccer 98Jikkyō World Soccer: World Cup France '98JP,KCEO,Konami,Sports/Soccer,1998-06-04JP,"June 4, 1998","September 15, 1998","September 1, 1998"
International Superstar Soccer 2000Jikkyō J-League 1999: Perfect Striker 2JP,KCEO,Konami,Sports/Soccer,1999-07-29JP,"July 29, 1999","August 3, 2000","September 29, 2000"
International Track & Field 2000International Track & Field: Summer GamesPALGanbare! Nippon! Olympics 2000 JP,KCEO,Konami,Sports/Track and Field,2000-06-01NA,"July 13, 2000","June 1, 2000","September 6, 2000"
Itoi Shigesato no Bass Tsuri No. 1 Kettehan!,HAL Laboratory,Nintendo,Sports/Fishing,2000-03-31JP,"March 31, 2000",Unreleased,Unreleased
J-League Dynamite Soccer 64,A-Max,Imagineer,Sports/Soccer,1997-09-05JP,"September 5, 1997",Unreleased,Unreleased
J-League Eleven Beat 1997,Hudson Soft,Hudson Soft,Sports/Soccer,1997-10-24JP,"October 24, 1997",Unreleased,Unreleased
J. League Live 64,Electronic Arts Victor,Electronic Arts Victor,Sports/Soccer,1997-03-28JP,"March 28, 1997",Unreleased,Unreleased
J-League Tactics Soccer,ASCII Entertainment,ASCII Entertainment,Sports/Soccer,1999-01-15JP,"January 15, 1999",Unreleased,Unreleased
Jango Simulation Mahjong-do 64,Art,Video System,Simulation/Mahjong,1997-07-25JP,"July 25, 1997",Unreleased,Unreleased
Jeopardy!,GameTek,Take-Two Interactive,Trivia/Game Show,1998-02-25NA,Unreleased,"February 25, 1998",Unreleased
Jeremy McGrath Supercross 2000,Acclaim Studios Salt Lake City,Acclaim Sports,Racing/Motorcycle,2000-02-28NA,Unreleased,"February 28, 2000","September 19, 2000"
Jet Force GeminiStar TwinsJP,Rare,Rare,Action/Third-Person Shooter,1999-10-11NA,"December 1, 1999","October 11, 1999","October 29, 1999"
Jikkyō GI Stable,KCEN,Konami,Sports/Horse Racing,1999-04-28JP,"April 28, 1999",Unreleased,Unreleased
Jikkyō Powerful Pro Yakyu 2000,Diamond Head,Konami,Sports/Baseball,2000-04-29JP,"April 29, 2000",Unreleased,Unreleased
Jikkyō Powerful Pro Yakyu 4,Diamond Head,Konami,Sports/Baseball,1997-03-14JP,"March 14, 1997",Unreleased,Unreleased
Jikkyō Powerful Pro Yakyu 5,Diamond Head,Konami,Sports/Baseball,1998-03-26JP,"March 26, 1998",Unreleased,Unreleased
Jikkyō Powerful Pro Yakyu 6,Diamond Head,Konami,Sports/Baseball,1999-03-25JP,"March 25, 1999",Unreleased,Unreleased
Jikkyō Powerful Pro Yakyu Basic-ban 2001,Diamond Head,Konami,Sports/Baseball,2001-03-29JP,"March 29, 2001",Unreleased,Unreleased
Jikkyō World Soccer 3,KCEO,Konami,Sports/Soccer,1997-09-18JP,"September 18, 1997",Unreleased,Unreleased
Jinsei Game 64,Takara,Takara,Party/Board Game,1999-03-19JP,"March 19, 1999",Unreleased,Unreleased
John Romero's Daikatana,Kemco,Kemco,Action/First-Person Shooter,2000-04-07JP,"April 7, 2000","July 31, 2000","May 26, 2000"
Ken Griffey Jr.'s Slugfest,Angel Studios,Nintendo,Sports/Baseball,1999-05-10NA,Unreleased,"May 10, 1999",Unreleased
Killer Instinct Gold,Rare,Nintendo,Action/Fighting,1996-11-25NA,Unreleased,"November 25, 1996","July 4, 1997"
Kira tto Kaiketsu! 64 Tanteidan,Pandora Box,Imagineer,Party/Board Game,1998-10-23JP,"October 23, 1998",Unreleased,Unreleased
Kirby 64: The Crystal ShardsHoshi no Kirby 64JP,HAL Laboratory,Nintendo,Action/2D Platformer,2000-03-24JP,"March 24, 2000","June 26, 2000","June 22, 2001"
Knife Edge: Nose GunnerKnife EdgePAL,Kemco,Kemco,Action/3D Rail Shooter,1998-11-10NA,"November 27, 1998","November 10, 1998",1998
Knockout Kings 2000Box Champions 2000GER,Black Ops Entertainment,EA Sports,Sports/Boxing,1999-10-03NA,Unreleased,"October 3, 1999","October 10, 1999"
Kobe Bryant in NBA Courtside,Left Field Productions,Nintendo,Sports/Basketball,1998-04-27NA,Unreleased,"April 27, 1998","June 10, 1998"
Last Legion UX,Yuke's,Hudson Soft,Action/Third-Person Shooter,1999-05-28JP,"May 28, 1999",Unreleased,Unreleased
The Legend of Zelda: Majora's Mask,Nintendo EAD,Nintendo,Action/Adventure,2000-04-27JP,"April 27, 2000","October 26, 2000","November 17, 2000"
The Legend of Zelda: Ocarina of Time,Nintendo EAD,Nintendo,Action/Adventure,1998-11-21JP,"November 21, 1998","November 23, 1998","December 11, 1998"
Lego Racers,High Voltage Software,Lego Media,Racing/Arcade,1999-10-12NA,Unreleased,"October 12, 1999","October 31, 1999"
Lode Runner 3-D,Big Bang,InfogramesNA/PALBanprestoJP,Puzzle/Action,1999-03-26NA,"July 30, 1999","March 26, 1999",1999
Mace: The Dark Age,Atari GamesMidway Games,Midway Home EntertainmentNAGT InteractivePAL,Action/Fighting,1997-10NA,Unreleased,October 1997,December 1997
Madden Football 64,Tiburon Entertainment,EA Sports,Sports/American Football,1997-10-31NA,Unreleased,"October 31, 1997",December 1997
Madden NFL 2000,EA Tiburon,EA Sports,Sports/American Football,1999-08-31NA,Unreleased,"August 31, 1999",Unreleased
Madden NFL 2001,EA Tiburon,EA Sports,Sports/American Football,2000-08-28NA,Unreleased,"August 28, 2000",Unreleased
Madden NFL 2002,Budcat Creations,EA Sports,Sports/American Football,2001-09-12NA,Unreleased,"September 12, 2001",Unreleased
Madden NFL 99,EA Tiburon,EA Sports,Sports/American Football,1998-11-01NA,Unreleased,"November 1, 1998",January 1999
Magical Tetris ChallengeMagical Tetris Challenge Featuring MickeyJP,Capcom,CapcomJP/NAActivisionPAL,Puzzle/Stacking,1998-11-20JP,"November 20, 1998","January 14, 1999",September 1999
Mahjong 64,Chat Noir,Koei,Simulation/Mahjong,1997-04-04JP,"April 4, 1997",Unreleased,Unreleased
Mahjong Horoki Classic,Alpha Unit,Imagineer,Simulation/Mahjong,1997-08-01JP,"August 1, 1997",Unreleased,Unreleased
Mahjong Master,KCEO,Konami,Simulation/Mahjong,1996-12-20JP,"December 20, 1996",Unreleased,Unreleased
Major League Baseball Featuring Ken Griffey Jr.,Angel Studios,Nintendo,Sports/Baseball,1998-05-31NA,Unreleased,"May 31, 1998",1998Aus
Mario GolfMario Golf 64JP,Camelot,Nintendo,Sports/Golf,1999-06-11JP,"June 11, 1999","July 26, 1999","September 14, 1999"
Mario Kart 64,Nintendo EAD,Nintendo,Racing/Kart,1996-12-14JP,"December 14, 1996","February 10, 1997","June 24, 1997"
Mario no Photopi,Datt JapanFuji Photo FilmNintendoTokyo Electron,Tokyo Electron,Creativity/Photography,1998-12-02JP,"December 2, 1998",Unreleased,Unreleased
Mario Party,Hudson Soft,Nintendo,Party/Board Game,1998-12-18JP,"December 18, 1998","February 8, 1999","March 9, 1999"
Mario Party 2,Hudson Soft,Nintendo,Party/Board Game,1999-12-17JP,"December 17, 1999","January 24, 2000","October 12, 2000"
Mario Party 3,Hudson Soft,Nintendo,Party/Board Game,2000-12-07JP,"December 7, 2000","May 7, 2001","November 16, 2001"
Mario TennisMario Tennis 64JP,Camelot,Nintendo,Sports/Tennis,2000-07-21JP,"July 21, 2000","August 28, 2000","November 3, 2000"
Mega Man 64RockMan Dash: Hagane no BoukenshinJP,Capcom Production Studio 2,Capcom,Action/Adventure,2000-11-22JP,"November 22, 2000","January 10, 2001",Unreleased
Mia Hamm Soccer 64,Silicon Dreams StudioDC Studios,SouthPeak Interactive,Sports/Soccer,2000-11-09NA,Unreleased,"November 9, 2000",Unreleased
Michael Owen's WLS 2000UKRTL World League Soccer 2000GERTelefoot Soccer 2000FRA,Silicon Dreams Studio,THQ,Sports/Soccer,2000-11-10PAL,Unreleased,Unreleased,"November 10, 2000"
Mickey's Speedway USAMickey no Racing Challenge USAJP,Rare,Nintendo,Racing/Kart,2000-11-13NA,"January 21, 2001","November 13, 2000","December 1, 2000"
Micro Machines 64 Turbo,Codemasters,Midway Home EntertainmentNACodemastersPAL,Racing/Arcade,1999-03-24NA,Unreleased,"March 24, 1999","April 30, 1999"
Midway's Greatest Arcade Hits: Volume 1,Digital Eclipse,Midway Home Entertainment,Action/Arcade Compilation,2000-11-14NA,Unreleased,"November 14, 2000",Unreleased
Mike Piazza's Strike Zone,Devil's Thumb Entertainment,GT Interactive,Sports/Baseball,1998-06-16NA,Unreleased,"June 16, 1998",Unreleased
Milo's Astro Lanes,Player 1,Crave Entertainment,Sports/Bowling,1998-11-24NA,Unreleased,"November 24, 1998","July 25, 1999"
Mischief MakersYuke-Yuke!! Trouble MakersJP,Treasure,EnixJPNintendoNA/PAL,Action/2D Platformer,1997-06-27JP,"June 27, 1997","October 1, 1997","January 15, 1998"
Mission Impossible,Ocean SoftwareInfogrames,Ocean SoftwareNAInfogramesPAL,Action/Adventure,1998-07-18NA,Unreleased,"July 18, 1998","September 25, 1998"
Monopoly,Mind's Eye Productions,Hasbro Interactive,Traditional/Monopoly,1999-12-18NA,Unreleased,"December 18, 1999",Unreleased
Monster Truck Madness 64,Terminal RealityEdge of Reality,MicrosoftRockstar Games,Racing/Automobile,1999-06-30NA,Unreleased,"June 30, 1999","October 29, 1999"
Morita Shogi 64,SETA Corporation,SETA Corporation,Traditional/Shogi,1998-04-03JP,"April 3, 1998",Unreleased,Unreleased
Mortal Kombat 4,Midway GamesEurocom,Midway Home EntertainmentNAGT InteractivePAL,Action/Fighting,1998-06-23NA,Unreleased,"June 23, 1998","September 15, 1998"
Mortal Kombat Mythologies: Sub-Zero,Midway GamesAvalanche Software,Midway Home EntertainmentNAGT InteractivePAL,Action/Beat 'em up,1997-12-08NA,Unreleased,"December 8, 1997","February 12, 1998"
Mortal Kombat Trilogy,Midway GamesWilliams Entertainment,WilliamsNAGT InteractivePAL,Action/Fighting,1996-11-11NA,Unreleased,"November 11, 1996","March 14, 1997"
MRC: Multi-Racing Championship Multi-Racing ChampionshipJP,Genki,ImagineerJPOcean SoftwareNA/PAL,Racing/Automobile,1997-07-18JP,"July 18, 1997","August 31, 1997",October 1997
Ms. Pac-Man Maze Madness,Mass Media Games,Namco,Action/Maze Game,2000-11-12NA,Unreleased,"November 12, 2000",Unreleased
Mystical Ninja Starring GoemonGanbare Goemon: Neo Momoyama Bakufu no OdoriJP,KCEO,Konami,Action/Adventure,1997-08-07JP,"August 7, 1997","April 16, 1998","April 18, 1998"
Mystical Ninja 2 Starring GoemonGoemon's Great AdventureNAGanbare Goemon Derodero Dōchū Obake Tenko MoriJP,KCEO,Konami,Action/2D Platformer,1998-12-23JP,"December 23, 1998","September 15, 1999","June 18, 1999"
Nagano Winter Olympics '98Hyper Olympics in NaganoJP,KCEO,Konami,Sports/Winter Sports,1997-12-18JP,"December 18, 1997","January 10, 1998","February 1, 1998"
Namco Museum 64,NamcoGeneral Computer CorporationMass Media Games,Namco,Action/Arcade Compilation,1999-10-31NA,Unreleased,"October 31, 1999",Unreleased
NASCAR '99,EA SportsStormfront Studios,EA Sports,Racing/Automobile,1998-09-11NA,Unreleased,"September 11, 1998",November 1998
NASCAR 2000,EA SportsStormfront Studios,EA Sports,Racing/Automobile,1999-10-02NA,Unreleased,"October 2, 1999",Unreleased
NBA Courtside 2 Featuring Kobe Bryant,Left Field Productions,Nintendo,Sports/Basketball,1999-11-08NA,Unreleased,"November 8, 1999",Unreleased
NBA Hangtime,Midway Games,Midway Home EntertainmentNAGT InteractivePAL,Sports/Basketball,1997-01-17NA,Unreleased,"January 17, 1997","September 1, 1997"
NBA In The Zone '98NBA Pro '98PAL,KCEO,Konami,Sports/Basketball,1998-01-29JP,"January 29, 1998","February 10, 1998","February 10, 1998"
NBA In The Zone '99NBA Pro '99PALNBA in the Zone 2JP,KCEO,Konami,Sports/Basketball,1999-04-08NA,"June 3, 1999","April 8, 1999",1999
NBA In The Zone 2000,KCEO,Konami,Sports/Basketball,2000-02-18NA,Unreleased,"February 18, 2000",May 2000
NBA Jam 2000,Acclaim Studios Salt Lake City,Acclaim Sports,Sports/Basketball,1999-11-30NA,Unreleased,"November 30, 1999","January 21, 2000"
NBA Jam 99,Iguana West,Acclaim Sports,Sports/Basketball,1998-11-30NA,Unreleased,"November 30, 1998",December 1998
NBA Live 2000,EA CanadaNuFX,EA Sports,Sports/Basketball,1999-10-31NA,Unreleased,"October 31, 1999",December 1999
NBA Live 99,EA CanadaNuFX,EA Sports,Sports/Basketball,1998-11-04NA,Unreleased,"November 4, 1998",December 1998
NBA Showtime: NBA on NBC,Midway GamesEurocom,Midway Home Entertainment,Sports/Basketball,1999-10-31NA,Unreleased,"October 31, 1999",Unreleased
Neon Genesis Evangelion,BEC,Bandai Games,Action/Fighting,1999-06-25JP,"June 25, 1999",Unreleased,Unreleased
The New Tetris,H2O EntertainmentBlue Planet Software,Nintendo,Puzzle/Stacking,1999-07-31NA,Unreleased,"July 31, 1999","October 15, 1999"
NFL Blitz,Midway Games,Midway Home Entertainment,Sports/American Football,1998-09-09NA,Unreleased,"September 9, 1998",Unreleased
NFL Blitz 2000,Midway Games,Midway Home Entertainment,Sports/American Football,1999-08-17NA,Unreleased,"August 17, 1999",Unreleased
NFL Blitz 2001,Point of View,Midway Home Entertainment,Sports/American Football,2000-09-14NA,Unreleased,"September 14, 2000",Unreleased
NFL Blitz Special Edition,Point of View,Midway Home Entertainment,Sports/American Football,2001-11-28NA,Unreleased,"November 28, 2001",Unreleased
NFL QB Club 2001,High Voltage Software,Acclaim Sports,Sports/American Football,2000-08-24NA,Unreleased,"August 24, 2000",Unreleased
NFL Quarterback Club 2000,Acclaim Studios Austin,Acclaim Sports,Sports/American Football,1999-08-26NA,Unreleased,"August 26, 1999","September 24, 1999"
NFL Quarterback Club 98,Iguana Entertainment,Acclaim Sports,Sports/American Football,1997-10-24NA,Unreleased,"October 24, 1997",December 1997
NFL Quarterback Club 99,Iguana Entertainment,Acclaim Sports,Sports/American Football,1998-11-10NA,Unreleased,"November 10, 1998",December 1998
NHL 99,MBL ResearchEA Canada,EA Sports,Sports/Ice Hockey,1998-10-01NA,Unreleased,"October 1, 1998","November 30, 1998"
NHL Blades of Steel '99NHL Pro 99PAL,KCEO,Konami,Sports/Ice Hockey,1999-04-05NA,Unreleased,"April 5, 1999",September 1999
NHL Breakaway 98,Iguana Entertainment,Acclaim Sports,Sports/Ice Hockey,1998-02-26,Unreleased,"February 26, 1998","February 26, 1998"
NHL Breakaway 99,Iguana West,Acclaim Sports,Sports/Ice Hockey,1998-11-30NA,Unreleased,"November 30, 1998",December 1998
Nightmare Creatures,Kalisto Entertainment,Activision,Action/Survival-Horror,1998-11NA,Unreleased,November 1998,Unreleased
Nintama Rantarō 64 Game Gallery,Culture Brain,Culture Brain,Puzzle/Logic,2000-04-21JP,"April 21, 2000",Unreleased,Unreleased
Nuclear Strike 64,EAPacific Coast Power & Light,THQ,Action/Multidirectional shooter,1999-11-30NA,Unreleased,"November 30, 1999","March 3, 2000"
Nushi Tsuri 64,DDL,Pack-In-Soft,Sports/Fishing,1998-11-27JP,"November 27, 1998",Unreleased,Unreleased
Nushi Tsuri 64: Shiokaze Ni Notte,Victor Interactive Software,Victor Interactive Software,Sports/Fishing,2000-05-26JP,"May 26, 2000",Unreleased,Unreleased
Off Road Challenge,Midway Studios - San DiegoAvalanche Software,Midway Home EntertainmentNAGT InteractivePAL,Racing/Automobile,1998-06NA,Unreleased,June 1998,September 1998
Ogre Battle 64: Person of Lordly Caliber,Quest Corporation,Atlus USANANintendoJP,Role Playing/Tactical,1999-07-14JP,"July 14, 1999","October 7, 2000",Unreleased[d]
Olympic Hockey '98Olympic Hockey Nagano '98JP,Treyarch Invention,Midway Home EntertainmentNAGT InteractivePALKonamiJP,Sports/Ice Hockey,1998-02-23NA,"July 16, 1998","February 23, 1998",April 1998
Onegai Monsters,Bottom Up,Bottom Up,Simulation/Digital Pet,1999-04-09JP,"April 9, 1999",Unreleased,Unreleased
Pachinko 365 Nichi,SETA Corporation,SETA Corporation,Gambling/Pachinko,1998-05-29JP,"May 29, 1998",Unreleased,Unreleased
Paper MarioMario StoryJP,Intelligent Systems,Nintendo,Role Playing/JRPG,2000-08-11JP,"August 11, 2000","February 5, 2001","October 5, 2001"
Paperboy,High Voltage Software,Midway Home EntertainmentNAMidway GamesPAL,Action/Arcade,1999-10-31NA,Unreleased,"October 31, 1999",March 2000
Parlor! Pro 64: Pachinko Jikki Simulation,Irem Software EngineeringTelenet Japan,Telenet Japan,Gambling/Pachinko,1999-01-29JP,"January 29, 1999",Unreleased,Unreleased
PD Ultraman Battle Collection 64,Bandai,Bandai Games,Role Playing/JRPG,1999-07-16JP,"July 16, 1999",Unreleased,Unreleased
Penny RacersChoro Q 64JP,Locomotive Corporation,TakaraJPTHQNA/PAL,Racing/Automobile,1998-07-17JP,"July 17, 1998","February 10, 1999","March 5, 1999"
Perfect Dark,Rare,Rare,Action/First-Person Shooter,2000-05-22NA,"October 21, 2000","May 22, 2000","June 30, 2000"
PGA European Tour GolfPGA European TourNA,Infogrames Sheffield House,Infogrames,Sports/Golf,2000-05PAL,Unreleased,"June 15, 2000",May 2000
Pilotwings 64,Nintendo EADNintendo R&D3Paradigm Simulation,Nintendo,Simulation/Flight,1996-06-23JP,"June 23, 1996","September 29, 1996","March 1, 1997"
Pocket Monsters Stadium,Nintendo EADHAL Laboratory,Nintendo,Action/Turn-Based Battle,1998-08-01JP,"August 1, 1998",Unreleased,Unreleased
Pokémon Puzzle League,Nintendo Software Technology,Nintendo,Puzzle/Tile Matching,2000-09-25NA,Unreleased,"September 25, 2000","March 2, 2001"
Pokémon Snap,HAL LaboratoryPax Softnica,Nintendo,Action/3D Rail Shooter,1999-03-21JP,"March 21, 1999","June 30, 1999","September 15, 2000"
Pokémon StadiumPokémon Stadium 2JP,Nintendo EADHAL Laboratory,Nintendo,Action/Turn-Based Battle,1999-04-30JP,"April 30, 1999","February 29, 2000","April 7, 2000"
Pokémon Stadium 2Pokémon Stadium Gold SilverJP,Nintendo EAD,Nintendo,Action/Turn-Based Battle,2000-12-14JP,"December 14, 2000","March 26, 2001","October 10, 2001"
Polaris SnoCross,Vicarious Visions,Vatical Entertainment,Racing/Snowmobile,2000-12-27NA,Unreleased,"December 27, 2000",Unreleased
Power League 64,Hudson Soft,Hudson Soft,Sports/Baseball,1997-08-08JP,"August 8, 1997",Unreleased,Unreleased
Power Rangers Lightspeed Rescue,Mass Media Games,THQ,Action/Adventure,2000-09-28NA,Unreleased,"September 28, 2000","December 8, 2000"
The Powerpuff Girls: Chemical X-Traction,VIS EntertainmentAsylum Entertainment,BAM! Entertainment,Action/Arena Fighter,2001-10-14NA,Unreleased,"October 14, 2001",Unreleased
Premier Manager 64,Dinamic Multimedia,Gremlin Interactive,Sports/Management Sim,1999-08PAL,Unreleased,Unreleased,August 1999
Pro Mahjong Kiwame 64,Athena,Athena,Simulation/Mahjong,1997-11-21JP,"November 21, 1997",Unreleased,Unreleased
Pro Shinan Mahjong Tsuwamono 64: Jansō Battle ni Chōsen,Culture Brain,Culture Brain,Simulation/Mahjong,1999-11-05JP,"November 5, 1999",Unreleased,Unreleased
Puyo Puyo Sun 64,Compile,Compile,Puzzle/Tile Matching,1997-10-31JP,"October 31, 1997",Unreleased,Unreleased
Puyo Puyo~n Party,Compile,Compile,Puzzle/Tile Matching,1999-12-03JP,"December 3, 1999",Unreleased,Unreleased
Quake 64,id SoftwareMidway Studios - San Diego,Midway Home EntertainmentNAGT InteractivePAL,Action/First-Person Shooter,1998-03-24NA,Unreleased,"March 24, 1998","May 24, 1998"
Quake II,id SoftwareRaster Productions,Activision,Action/First-Person Shooter,1999-02-07PAL,Unreleased,"June 30, 1999","February 7, 1999"
Quest 64Holy Magic CenturyPALEltale MonstersJP,Imagineer,THQNAKonamiPALImagineerJP,Role Playing/JRPG,1998-06-01NA,"July 9, 1999","June 1, 1998",September 1998
Rakugakids,KCEK,Konami,Action/Fighting,1998-07-23JP,"July 23, 1998",Unreleased,"December 4, 1998"
Racing Simulation: Monaco Grand PrixUKMonaco Grand Prix NAMonaco Grand Prix: Racing Simulation 2FRARacing Simulation 2 GER,Ubi Soft Paris,Ubi Soft,Racing/Grand Prix,1999-06PAL,Unreleased,September 1999,June 1999
Rally Challenge 2000Rally '99JP,Genki,ImagineerJPSouthPeak Interactive/XicatNA,Racing/Automobile,1999-08-06JP,"August 6, 1999","June 30, 2000",Unreleased
Rampage 2: Universal Tour,Avalanche Software,Midway Home EntertainmentNAGT InteractivePAL,Action/Arcade,1999-03NA,Unreleased,March 1999,"May 21, 1999"
Rampage World Tour,Game Refuge Inc.Saffire,Midway Home EntertainmentNAGT InteractivePAL,Action/Arcade,1998-03-30NA,Unreleased,"March 30, 1998",June 1998
Rat Attack!,Pure Entertainment,Mindscape,Action/Puzzle,2000-04-21PAL,Unreleased,"September 12, 2000","April 21, 2000"
Rayman 2: The Great Escape,Ubi Pictures,Ubi Soft,Action/3D Platformer,1999-10-29PAL,Unreleased,"November 6, 1999","October 29, 1999"
Razor Freestyle Scooter,Titanium Studios,Crave Entertainment,Sports/Extreme Sports,2001-11-27NA,Unreleased,"November 27, 2001",Unreleased
Re-Volt,Acclaim Studios London,Acclaim Entertainment,Racing/Automobile,1999-08-18NA,Unreleased,"August 18, 1999","September 3, 1999"
Ready 2 Rumble Boxing,Midway Studios San DiegoPoint of View,Midway Home EntertainmentNAMidway GamesPAL,Sports/Boxing,1999-10-31NA,Unreleased,"October 31, 1999",December 1999
Ready 2 Rumble Boxing: Round 2,Point of View,Midway Home Entertainment,Sports/Boxing,2000-11-13NA,Unreleased,"November 13, 2000",Unreleased
Resident Evil 2Biohazard 2JP,Capcom Production Studio 4Angel StudiosCapcom Production Studio 3Factor 5,CapcomNA/JPVirgin InteractiveEU,Action/Survival-Horror,1999-10-31NA,"January 28, 2000","October 31, 1999","February 9, 2000"
Ridge Racer 64,Nintendo Software Technology,Nintendo,Racing/Automobile,2000-02-14NA,Unreleased,"February 14, 2000","July 4, 2000"
Road Rash 64,Pacific Coast Power & Light,THQ,Racing/Automobile,1999-09-27NA,Unreleased,"September 27, 1999","December 17, 1999"
Roadsters,Titus Interactive,Titus Software,Racing/Automobile,1999-11-30NA,Unreleased,"November 30, 1999","December 17, 1999"
Robot Ponkottsu 64: Nanatsu no Umi no Caramel,Red Company,Hudson Soft,Role Playing/JRPG,1999-12-24JP,"December 24, 1999",Unreleased,Unreleased
Robotron 64,Player 1,Crave EntertainmentGT InteractivePAL,Action/Multidirectional Shooter,1998-01-05NA,Unreleased,"January 5, 1998",June 1998
Rocket: Robot on Wheels,Sucker Punch Productions,Ubi Soft,Action/3D Platformer,1999-10-31NA,Unreleased,"October 31, 1999","December 17, 1999"
Rugrats in Paris - The Movie,Avalanche Software,THQ,Action/3D Platformer,2000-11-12NA,Unreleased,"November 12, 2000","March 30, 2001"
Rugrats: Scavenger HuntRugrats: Treasure HuntPAL,Realtime Associates,THQ,Party/Board Game,1999-06-29NA,Unreleased,"June 29, 1999","August 10, 1999"
Rush 2: Extreme Racing USARush 2: Extreme RacingPAL,Atari Games,Midway Home EntertainmentNAGT InteractivePAL,Racing/Automobile,1998-11-10-NA,Unreleased,"November 10, 1998","February 4, 1999"
S.C.A.R.S.,Vivid Image,Ubi Soft,Racing/Battle,1998-12-04NA,Unreleased,"December 4, 1998",January 1999
Saikyō Habu Shōgi,SETA Corporation,SETA Corporation,Traditional/Shogi,1996-06-23JP,"June 23, 1996",Unreleased,Unreleased
San Francisco Rush 2049,Atari GamesMidway Games,Midway Home EntertainmentNAMidway GamesPAL,Racing/Automobile,2000-09-07NA,Unreleased,"September 7, 2000","November 17, 2000"
San Francisco Rush: Extreme Racing,Midway Games,Midway Home EntertainmentNAGT InteractivePAL,Racing/Automobile,1997-11-08NA,Unreleased,"November 8, 1997",December 1997
Scooby-Doo! Classic Creep Capers,Terraglyph Interactive Studios,THQ,Action/Adventure,2000-11-30NA,Unreleased,"November 30, 2000","March 30, 2001"
S.D. Hiryū no Ken Twin,Culture Brain,Culture Brain,Action/Fighting,1999-01-29JP,"January 29, 1999",Unreleased,Unreleased
Shadow Man,Acclaim Studios Teesside,Acclaim Entertainment,Action/Adventure,1999-08-31NA,Unreleased,"August 31, 1999","September 3, 1999"
Shadowgate 64: Trials of the Four Towers,TNS Co.  Infinite Ventures,Kemco,Adventure/Point-and-click,1999-05-31NA,"August 13, 1999","May 31, 1999",July 1999
Shin Nippon Pro Wrestling: Toukon Road - Brave Spirits,Yuke's,Hudson Soft,Sports/Pro Wrestling,1998-01-04JP,"January 4, 1998",Unreleased,Unreleased
Shin Nippon Pro Wrestling: Toukon Road 2- Next Generation,Yuke's,Hudson Soft,Sports/Pro Wrestling,1998-12-26JP,"December 26, 1998",Unreleased,Unreleased
Sim City 2000,MaxisGenki,Imagineer,Simulation/Management,1998-01-30JP,"January 30, 1998",Unreleased,Unreleased
Sin and PunishmentTsumi to Batsu: Hoshi no KeishōshaJP,Treasure,Nintendo,Action/3D Rail Shooter,2000-11-21JP,"November 21, 2000",Unreleased[e],Unreleased[f]
Snowboard KidsSnobow KidsJP,Racdym,Atlus,Sports/Snowboarding,1997-12-12JP,"December 12, 1997","March 15, 1998","March 16, 1998"
Snowboard Kids 2Chou Snobow KidsJP,Racdym,Atlus,Sports/Snowboarding,1999-02-19JP,"February 19, 1999","March 2, 1999","April 30, 1999AUS"
South Park,Iguana Entertainment,Acclaim Entertainment,Action/First-Person Shooter,1998-12-21NA,Unreleased,"December 21, 1998","May 3, 1999"
South Park Rally,Tantalus Interactive,Acclaim Entertainment,Racing/Kart,2000-02-28NA,Unreleased,"February 28, 2000","March 3, 2000"
South Park: Chef's Luv Shack,Acclaim Studios Austin,Acclaim Entertainment,Trivia/Game Show,1999-10-12NA,Unreleased,"October 12, 1999","October 31, 1999"
Space Invaders,Z-Axis,TaitoActivision,Action/Fixed Shooter,1999-11-30NA,Unreleased,"November 30, 1999",Unreleased
Space Station Silicon Valley,DMA Design,Take-Two Interactive,Action/3D Platformer,1998-10-21NA,Unreleased,"October 21, 1998",November 1998
Spider-Man,Edge of Reality,Activision,Action/Adventure,2000-11-21NA,Unreleased,"November 21, 2000",Unreleased
Star Fox 64Lylat WarsPAL,Nintendo EAD,Nintendo,Action/3D Rail Shooter,1997-04-27JP,"April 27, 1997","June 30, 1997","October 4, 1997"
Star Soldier: Vanishing Earth,Hudson Soft,Hudson SoftJPElectro BrainNA,Action/Vertical Shooter,1998-07-10JP,"July 10, 1998","December 15, 1998",Unreleased
Star Wars Episode I: Battle for Naboo,Factor 5LucasArts,LucasArtsNATHQPAL,Action/Flight Combat,2000-12-18NA,Unreleased,"December 18, 2000","March 30, 2001"
Star Wars Episode I: Racer,LucasArts,LucasArts,Racing/Futuristic,1999-05-18NA,"July 21, 1999","May 18, 1999","June 4, 1999"
Star Wars: Rogue SquadronStar Wars: Shutsugeki! Rogue ChuutaiJP,Factor 5LucasArts,LucasArtsNA/JPNintendoPAL,Action/Flight Combat,1998-12-07NA,"August 27, 1999","December 7, 1998","January 10, 1999"
Star Wars: Shadows of the EmpireStar Wars: Teikoku no KageJP,LucasArts,Nintendo,Action/Third-Person Shooter,1996-12-02NA,"June 14, 1997","December 2, 1996","March 1, 1997"
StarCraft 64,Blizzard EntertainmentMass Media Games,Nintendo,Strategy/Real-Time,2000-06-12NA,Unreleased,"June 12, 2000","May 25, 2001AUS"
Starshot: Space Circus Fever,Infogrames,Infogrames,Action/3D Platformer,1998-12-04PAL,Unreleased,"June 30, 1999","December 4, 1998"
Stunt Racer 64,Boss Game Studios,Midway Home Entertainment,Racing/Automobile,2000-10-01NA,Unreleased,"October 1, 2000",Unreleased
Super B-Daman: Battle Phoenix 64,Hudson Soft,Hudson Soft,Party/Mini Games,1998-07-24JP,"July 24, 1998",Unreleased,Unreleased
Super Bowling,Athena,AthenaJPUFO Interactive GamesNA,Sports/Bowling,1999-03-26JP,"March 26, 1999","January 15, 2000",Unreleased
Super Mario 64,Nintendo EAD,Nintendo,Action/3D Platformer,1996-06-23JP,"June 23, 1996","September 29, 1996","March 1, 1997"
Super Mario 64 Shindō Pak Taiō Version,Nintendo EAD,Nintendo,Action/3D Platformer,1997-07-18JP,"July 18, 1997",Unreleased,Unreleased
Super Robot Spirits,Banpresto,Banpresto,Action/Fighting,1998-07-17JP,"July 17, 1998",Unreleased,Unreleased
Super Robot Wars 64,A.I.,Banpresto,Role Playing/Turn Based,1999-10-29JP,"October 29, 1999",Unreleased,Unreleased
Super Smash Bros.Nintendo All Star! Dai Rantō Smash Brothers,HAL Laboratory,Nintendo,Action/Fighting,1999-01-21JP,"January 21, 1999","April 26, 1999","November 19, 1999"
Supercross 2000,MBL Research,EA Sports,Racing/Motorcycle,1999-10-31NA,Unreleased,"October 31, 1999",February 2000
Superman: The New Superman AdventuresSupermanPAL,Titus Interactive,Titus Software,Action/Adventure,1999-05-31NA,Unreleased,"May 31, 1999","July 23, 1999"
Susume! Taisen Puzzle Dama: Tōkon! Marutama Chō,KCEK,Konami,Puzzle/Tile Matching,1998-03-26JP,"March 26, 1998",Unreleased,Unreleased
Taz Express,Zed Two,Infogrames,Action/3D Platformer,2000-08-01PAL,Unreleased,Unreleased,"August 1, 2000"
Tetris 64,Amtex,SETA Corporation,Puzzle/Stacking,1998-11-13JP,"November 13, 1998",Unreleased,Unreleased
Tetrisphere,H2O Entertainment,Nintendo,Puzzle/Stacking,1997-08-11NA,Unreleased,"August 11, 1997",February 1998
Tigger's Honey Hunt,DokiDenki Studio,NewKidCoNAUbi SoftPAL,Action/2D Platformer,2000-11-01NA,Unreleased,"November 1, 2000","April 6, 2001"
Tom Clancy's Rainbow Six,Red Storm EntertainmentSaffire,Red Storm Entertainment,Action/Tactical Shooter,1999-11-17NA,Unreleased,"November 17, 1999",December 1999
Tom and Jerry in Fists of Furry,VIS Entertainment,Ubi SoftPALNewKidCoNA,Action/Arena Fighter,2000-08-12PAL,Unreleased,"November 12, 2000","August 12, 2000"
Tonic Trouble,Ubi Soft Montreal,Ubi Soft,Action/3D Platformer,1999-08-31NA,Unreleased,"August 31, 1999","October 24, 1999"
Tony Hawk's Pro SkaterTony Hawk's SkateboardingPAL,Edge of Reality,Activision,Sports/Extreme Sports,2000-02-29NA,Unreleased,"February 29, 2000","December 10, 2001"
Tony Hawk's Pro Skater 2,Edge of Reality,Activision,Sports/Extreme Sports,2001-08-21NA,Unreleased,"August 21, 2001","October 12, 2001"
Tony Hawk's Pro Skater 3,Edge of Reality,Activision,Sports/Extreme Sports,2002-08-20NA,Unreleased,"August 20, 2002",Unreleased
Top Gear Hyper-Bike,Snowblind Studios,Kemco,Racing/Motorcycle,2000-03-17JPN,"March 17, 2000","March 27, 2000",2000
Top Gear Overdrive,Snowblind Studios,Kemco,Racing/Automobile,1998-11-23NA,"March 19, 1999","November 23, 1998","November 25, 1998"
Top Gear Rally,Boss Game Studios,Midway Home EntertainmentNAKemcoPAL/JP,Racing/Automobile,1997-10NA,"December 5, 1997",October 1997,November 1997
Top Gear Rally 2,Saffire,Kemco,Racing/Automobile,1999-12-03NA,"February 4, 2000","December 3, 1999","February 28, 2000"
Transformers: Beast Wars TransmetalsTransformers: Beast Wars Metals 64JP,TakaraLocomotive Corporation,TakaraJPBay Area MultimediaNA,Action/Fighting,1999-10-01JP,"October 1, 1999","November 15, 2000",Unreleased
Triple Play 2000,EA CanadaTreyarch,EA Sports,Sports/Baseball,1999-03-22NA,Unreleased,"March 22, 1999",Unreleased
Turok 2: Seeds of EvilViolence Killer: Turok New GenerationJP,Iguana Entertainment,Acclaim EntertainmentNA/PALgemziJP,Action/First-Person Shooter,1998-12-10NA,"June 18, 1999","December 10, 1998","December 18, 1998"
Turok 3: Shadow of Oblivion,Acclaim Studios Austin,Acclaim Entertainment,Action/First-Person Shooter,2000-09-06NA,Unreleased,"September 6, 2000","September 8, 2000"
Turok: Dinosaur HunterJikuu Senshi TurokJP,Iguana Entertainment,Acclaim EntertainmentAcclaim JapanJP,Action/First-Person Shooter,1997-03-04NA/PAL,"May 30, 1997","March 4, 1997","March 4, 1997"
Turok: Rage Wars,Acclaim Studios Austin,Acclaim Entertainment,Action/First-Person Shooter,1999-11-23NA,Unreleased,"November 23, 1999","December 26, 1999"
Twisted Edge Extreme SnowboardingTwisted Edge SnowboardingPALKing Hill 64: Extreme SnowboardingJP,Boss Game Studios,KemcoJP/PALMidway Home EntertainmentNA,Sports/Snowboarding,1998-11-10NA,"December 18, 1998","November 10, 1998","March 12, 1999"
Ucchan Nanchan no Hono no Challenge: Denryu Ira Ira Bo,Yuke's,Hudson Soft,Simulation/Steady Hand,1997-12-19JP,"December 19, 1997",Unreleased,Unreleased
V-Rally: Edition '99,Eden Studios,InfogramesPAL/NASpikeJP,Racing/Automobile,1998-12-07PAL,"October 14, 1999","August 31, 1999","December 7, 1998"
Vigilante 8,Luxoflux,Activision,Action/Vehicular Combat,1999-03-17NA,Unreleased,"March 17, 1999",March 1999
Vigilante 8: 2nd Offense,Luxoflux,Activision,Action/Vehicular Combat,2000-02-01NA,Unreleased,"February 1, 2000","February 25, 2000"
Virtual Chess 64,Titus France,Titus Software,Board Game/Chess,1998-06-10NA,Unreleased,"June 10, 1998",July 1998
Virtual Pool 64,Celeris,Crave Entertainment,Sports/Pool,1998-12-17NA,Unreleased,"December 17, 1998","February 26, 1999"
Virtual Pro Wrestling 2: Ōdō Keishō,AKI Corporation,Asmik Ace Entertainment,Sports/Pro Wrestling,2000-01-28JP,"January 28, 2000",Unreleased,Unreleased
Virtual Pro Wrestling 64,AKI Corporation,Asmik Ace Entertainment,Sports/Pro Wrestling,1997-12-19JP,"December 19, 1997",Unreleased,Unreleased
Waialae Country Club: True Golf Classics,T&E Soft,Nintendo,Sports/Golf,1998-07-29NA,Unreleased,"July 29, 1998","August 24, 1998"
War Gods,Midway GamesEurocom,Midway Home EntertainmentNAGT InteractivePAL,Action/Fighting,1997-05-21NA,Unreleased,"May 21, 1997","November 28, 1997"
Wave Race 64,Nintendo EAD,Nintendo,Racing/Jet Ski,1996-09-27JP,"September 27, 1996","November 4, 1996","April 29, 1997"
Wave Race 64 Shindō Pak Taiō Version,Nintendo EAD,Nintendo,Racing/Jet Ski,1997-07-18JP,"July 18, 1997",Unreleased,Unreleased
Wayne Gretzky's 3D Hockey,Atari Games,Midway Home EntertainmentNAGT InteractivePALGameBankJP,Sports/Ice Hockey,1996-11-18NA,"February 28, 1998","November 18, 1996","March 1, 1997"
Wayne Gretzky's 3D Hockey '98,Software Creations,Midway Home EntertainmentNAGT InteractivePAL,Sports/Ice Hockey,1997-12-03NA,Unreleased,"December 3, 1997","June 1, 1998"
WCW Backstage Assault,Kodiak Interactive,Electronic Arts,Sports/Pro Wrestling,2000-12-12NA,Unreleased,"December 12, 2000",Unreleased
WCW Mayhem,Kodiak Interactive,Electronic Arts,Sports/Pro Wrestling,1999-09-21NA,Unreleased,"September 21, 1999","September 24, 1999"
WCW Nitro,Inland Productions,THQ,Sports/Pro Wrestling,1999-02-01NA,Unreleased,"February 1, 1999",Unreleased
WCW vs. nWo: World Tour,AKI CorporationAsmik Ace Entertainment,THQ,Sports/Pro Wrestling,1997-11-30NA,Unreleased,"November 30, 1997","February 12, 1998"
WCW/nWo Revenge,AKI CorporationAsmik Ace Entertainment,THQ,Sports/Pro Wrestling,1998-10-26NA,Unreleased,"October 26, 1998","November 30, 1998"
Wetrix,Zed Two,Ocean SoftwareNA/PALImagineerJP,Puzzle/Logic,1998-06-12NA,"November 27, 1998","June 12, 1998","June 16, 1998"
Wheel of Fortune,GameTek,Take-Two Interactive,Trivia/Game Show,1997-12-02NA,Unreleased,"December 2, 1997",Unreleased
WinBack: Covert OperationsWinbackJPOperation: WinbackPAL,Omega Force,KoeiJP/NAVirgin InteractivePAL,Action/Third-Person Shooter,1999-09-23JP,"September 23, 1999","September 30, 1999","July 7, 2000"
Wipeout 64,Psygnosis,Midway Home Entertainment,Racing/Hovercraft,1998-11-03NA,Unreleased,"November 3, 1998",January 1999
Wonder Project J2: Koruro no Mori no Jozetto,Givro Corporation,Enix,Simulation/Virtual Pet,1996-11-22JP,"November 22, 1996",Unreleased,Unreleased
World Cup 98Frankreich 98: Die Fussball-WM GERCopa del Mundo: Francia 98SPA,EA CanadaSoftware Creations,EA Sports,Sports/Soccer,1998-05-18WW,Unreleased,"May 18, 1998","May 18, 1998"
World Driver Championship,Boss Game Studios,Midway Home EntertainmentNAMidway Games LtdPAL,Racing/Automobile,1999-05-31NA,Unreleased,"May 31, 1999",November 1999
The World Is Not Enough,Eurocom,Electronic Arts,Action/First-Person Shooter,2000-10-17NA,Unreleased,"October 17, 2000","December 8, 2000"
Worms Armageddon,Team17Infogrames Lyon House,Infogrames,Strategy/Turn-Based,1999-12-11PAL,Unreleased,"March 30, 2000","December 11, 1999"
WWF Attitude,Acclaim Studios Salt Lake City,Acclaim Sports,Sports/Pro Wrestling,1999-07-31NA,Unreleased,"July 31, 1999","August 9, 1999"
WWF No Mercy,AKI Corporation,THQ,Sports/Pro Wrestling,2000-11-17NA,Unreleased,"November 17, 2000","December 15, 2000"
WWF War Zone,Iguana West,Acclaim Sports,Sports/Pro Wrestling,1998-08-11NA,Unreleased,"August 11, 1998","August 21, 1998"
WWF WrestleMania 2000,AKI Corporation,THQPAL/NAAsmik AceJP,Sports/Pro Wrestling,1999-10-12PAL,"September 15, 2000","October 31, 1999","October 12, 1999"
Xena: Warrior Princess - The Talisman of FateXena: Warrior PrincessPAL,Saffire,Titus Software,Action/Fighting,1999-12-14NA,Unreleased,"December 14, 1999","December 17, 1999"
Yakochu II: Satsujin Koro,Athena,Athena,Adventure/Visual Novel,1999-10-22JP,"October 22, 1999",Unreleased,Unreleased
Yoshi's StoryYoshi StoryJP,Nintendo EAD,Nintendo,Action/2D Platformer,1997-12-21JP,"December 21, 1997","March 10, 1998","May 10, 1998"
Zoor: Majū Tsukai Densetsu,Pandora Box,Imagineer,Role Playing/JRPG,1999-06-11JP,"June 11, 1999",Unreleased,Unreleased
